Data_Consulta,Hora_Consulta,Ano_Mes,Moeda_Codigo,Moeda_Nome,Preco_Compra,Preco_Venda
2026-09-23,13:04:22,2026-09,GBP,Libra,6.811,6.8134
2026-09-23,13:04:22,2026-09,EUR,Euro,5.8564,5.8576
2026-09-23,10:09:12,2026-09,USD,Dólar,5.1316,5.1322
2026-09-23,11:05:11,2026-09,USD,Dólar,5.1382,5.1388
2026-09-23,12:09:11,2026-09,USD,Dólar,5.1439,5.1445
2026-09-23,13:04:22,2026-09,USD,Dólar,5.1494,5.15
2026-09-23,13:04:22,2026-09,USD,Dólar,5.1408,5.1414
2026-09-23,10:09:12,2026-09,GBP,Libra,6.8122,6.8135
2026-09-23,10:09:12,2026-09,EUR,Euro,5.8536,5.8553
2026-09-23,12:09:11,2026-09,EUR,Euro,5.8646,5.8658
2026-09-23,13:04:22,2026-09,EUR,Euro,5.8662,5.8674
2026-09-23,11:05:11,2026-09,EUR,Euro,5.856,5.8572
2026-09-23,13:04:22,2026-09,GBP,Libra,6.8224,6.8248
2026-09-23,10:09:12,2026-09,AUD,Dólar Australiano,3.6255,3.6264
2026-09-23,12:09:11,2026-09,GBP,Libra,6.8229,6.8242
2026-09-23,11:05:11,2026-09,AUD,Dólar Australiano,3.6178,3.6193
2026-09-23,11:05:11,2026-09,GBP,Libra,6.8133,6.8146
2026-09-23,13:04:22,2026-09,AUD,Dólar Australiano,3.616,3.6175
2026-09-23,13:04:22,2026-09,AUD,Dólar Australiano,3.6221,3.6235
2026-09-23,12:09:11,2026-09,AUD,Dólar Australiano,3.6244,3.6258
2026-09-22,12:10:13,2026-09,AUD,Dólar Australiano,3.6287,3.6297
2026-09-22,13:03:30,2026-09,GBP,Libra,6.8094,6.8117
2026-09-22,12:10:13,2026-09,USD,Dólar,5.108,5.1086
2026-09-22,13:03:30,2026-09,USD,Dólar,5.1114,5.112
2026-09-22,13:03:30,2026-09,USD,Dólar,5.1155,5.1161
2026-09-22,13:03:30,2026-09,GBP,Libra,6.8149,6.8172
2026-09-22,11:03:16,2026-09,GBP,Libra,6.8385,6.8403
2026-09-22,12:10:13,2026-09,GBP,Libra,6.8166,6.819
2026-09-22,11:03:16,2026-09,AUD,Dólar Australiano,3.6425,3.6434
2026-09-22,11:03:16,2026-09,EUR,Euro,5.8632,5.8644
2026-09-22,12:10:13,2026-09,EUR,Euro,5.8446,5.8463
2026-09-22,13:03:30,2026-09,EUR,Euro,5.8428,5.844
2026-09-22,13:03:30,2026-09,EUR,Euro,5.8475,5.8487
2026-09-22,10:09:16,2026-09,USD,Dólar,5.1233,5.1239
2026-09-22,13:03:30,2026-09,AUD,Dólar Australiano,3.6315,3.6324
2026-09-22,13:03:30,2026-09,AUD,Dólar Australiano,3.6286,3.6295
2026-09-22,10:09:16,2026-09,GBP,Libra,6.8422,6.8435
2026-09-22,10:09:16,2026-09,AUD,Dólar Australiano,3.6411,3.6426
2026-09-22,11:03:16,2026-09,USD,Dólar,5.1194,5.12
2026-09-22,10:09:16,2026-09,EUR,Euro,5.8693,5.8705
2026-09-21,12:11:11,2026-09,GBP,Libra,6.8297,6.831
2026-09-21,13:06:51,2026-09,AUD,Dólar Australiano,3.6388,3.6403
2026-09-21,10:08:10,2026-09,USD,Dólar,5.1105,5.1111
2026-09-21,11:10:11,2026-09,USD,Dólar,5.1168,5.1174
2026-09-21,12:11:11,2026-09,USD,Dólar,5.1071,5.1077
2026-09-21,10:08:10,2026-09,EUR,Euro,5.8699,5.8711
2026-09-21,11:10:11,2026-09,EUR,Euro,5.87,5.8712
2026-09-21,12:11:11,2026-09,EUR,Euro,5.8589,5.8601
2026-09-21,10:08:10,2026-09,AUD,Dólar Australiano,3.6463,3.6473
2026-09-21,12:11:11,2026-09,AUD,Dólar Australiano,3.6378,3.6413
2026-09-21,11:10:11,2026-09,AUD,Dólar Australiano,3.6473,3.6487
2026-09-21,13:06:51,2026-09,AUD,Dólar Australiano,3.6396,3.6411
2026-09-21,10:08:10,2026-09,GBP,Libra,6.843,6.8453
2026-09-21,13:06:51,2026-09,EUR,Euro,5.8596,5.8613
2026-09-21,13:06:51,2026-09,EUR,Euro,5.8609,5.8626
2026-09-21,13:06:51,2026-09,GBP,Libra,6.833,6.8354
2026-09-21,13:06:51,2026-09,USD,Dólar,5.11,5.1106
2026-09-21,13:06:51,2026-09,USD,Dólar,5.1111,5.1117
2026-09-21,13:06:51,2026-09,GBP,Libra,6.8316,6.8339
2026-09-21,11:10:11,2026-09,GBP,Libra,6.8453,6.8481
2026-09-18,10:02:17,2026-09,USD,Dólar,5.1441,5.1447
2026-09-18,10:02:17,2026-09,GBP,Libra,6.8663,6.8677
2026-09-18,13:03:34,2026-09,EUR,Euro,5.9114,5.9126
2026-09-18,13:03:34,2026-09,EUR,Euro,5.9163,5.9175
2026-09-18,11:10:13,2026-09,EUR,Euro,5.9112,5.9124
2026-09-18,10:02:17,2026-09,EUR,Euro,5.8993,5.9005
2026-09-18,12:07:11,2026-09,EUR,Euro,5.9175,5.9187
2026-09-18,11:10:13,2026-09,USD,Dólar,5.159,5.1596
2026-09-18,13:03:34,2026-09,USD,Dólar,5.1612,5.1618
2026-09-18,11:10:13,2026-09,GBP,Libra,6.8811,6.8834
2026-09-18,12:07:11,2026-09,GBP,Libra,6.897,6.8994
2026-09-18,13:03:34,2026-09,GBP,Libra,6.8995,6.9024
2026-09-18,13:03:34,2026-09,GBP,Libra,6.8937,6.8966
2026-09-18,13:03:34,2026-09,AUD,Dólar Australiano,3.666,3.6675
2026-09-18,13:03:34,2026-09,AUD,Dólar Australiano,3.6691,3.6706
2026-09-18,12:07:11,2026-09,AUD,Dólar Australiano,3.67,3.6709
2026-09-18,11:10:13,2026-09,AUD,Dólar Australiano,3.6675,3.6685
2026-09-18,10:02:17,2026-09,AUD,Dólar Australiano,3.66,3.6615
2026-09-18,13:03:34,2026-09,USD,Dólar,5.1569,5.1575
2026-09-18,12:07:11,2026-09,USD,Dólar,5.1632,5.1638
2026-09-17,13:03:21,2026-09,USD,Dólar,5.1515,5.1521
2026-09-17,13:03:21,2026-09,EUR,Euro,5.9124,5.9141
2026-09-17,13:03:21,2026-09,EUR,Euro,5.9155,5.9172
2026-09-17,12:03:11,2026-09,EUR,Euro,5.9249,5.9261
2026-09-17,11:11:11,2026-09,EUR,Euro,5.9268,5.9286
2026-09-17,10:06:11,2026-09,EUR,Euro,5.8985,5.8997
2026-09-17,10:06:11,2026-09,USD,Dólar,5.1336,5.1342
2026-09-17,11:11:11,2026-09,USD,Dólar,5.1596,5.1602
2026-09-17,12:03:11,2026-09,USD,Dólar,5.1584,5.159
2026-09-17,13:03:21,2026-09,USD,Dólar,5.1542,5.1548
2026-09-17,10:06:11,2026-09,GBP,Libra,6.8708,6.8732
2026-09-17,13:03:21,2026-09,GBP,Libra,6.8742,6.8755
2026-09-17,11:11:11,2026-09,GBP,Libra,6.8994,6.9013
2026-09-17,13:03:21,2026-09,AUD,Dólar Australiano,3.6657,3.6671
2026-09-17,13:03:21,2026-09,GBP,Libra,6.8778,6.8791
2026-09-17,12:03:11,2026-09,GBP,Libra,6.8875,6.8898
2026-09-17,10:06:11,2026-09,AUD,Dólar Australiano,3.6546,3.6561
2026-09-17,13:03:21,2026-09,AUD,Dólar Australiano,3.6637,3.6652
2026-09-17,11:11:11,2026-09,AUD,Dólar Australiano,3.6711,3.672
2026-09-17,12:03:11,2026-09,AUD,Dólar Australiano,3.6687,3.6696
2026-09-16,10:05:14,2026-09,EUR,Euro,5.9512,5.953
2026-09-16,11:08:14,2026-09,EUR,Euro,5.9474,5.9491
2026-09-16,13:05:30,2026-09,EUR,Euro,5.9439,5.9457
2026-09-16,13:05:30,2026-09,GBP,Libra,6.9263,6.9288
2026-09-16,13:05:30,2026-09,GBP,Libra,6.914,6.9163
2026-09-16,12:03:15,2026-09,GBP,Libra,6.926,6.9284
2026-09-16,11:08:14,2026-09,GBP,Libra,6.9355,6.9374
2026-09-16,12:03:15,2026-09,EUR,Euro,5.9401,5.9418
2026-09-16,13:05:30,2026-09,USD,Dólar,5.152,5.1527
2026-09-16,10:05:14,2026-09,GBP,Libra,6.9429,6.9454
2026-09-16,13:05:30,2026-09,AUD,Dólar Australiano,3.6739,3.6749
2026-09-16,13:05:30,2026-09,AUD,Dólar Australiano,3.6673,3.6683
2026-09-16,13:05:30,2026-09,USD,Dólar,5.1428,5.1434
2026-09-16,12:03:15,2026-09,USD,Dólar,5.1483,5.1489
2026-09-16,11:08:14,2026-09,USD,Dólar,5.1573,5.1579
2026-09-16,10:05:14,2026-09,USD,Dólar,5.1597,5.1604
2026-09-16,13:05:30,2026-09,EUR,Euro,5.9332,5.935
2026-09-16,10:05:14,2026-09,AUD,Dólar Australiano,3.6789,3.6804
2026-09-16,11:08:14,2026-09,AUD,Dólar Australiano,3.6756,3.6766
2026-09-16,12:03:15,2026-09,AUD,Dólar Australiano,3.6707,3.6722
2026-09-15,10:10:12,2026-09,USD,Dólar,5.141,5.1416
2026-09-15,11:11:12,2026-09,USD,Dólar,5.1449,5.1455
2026-09-15,12:03:12,2026-09,USD,Dólar,5.1593,5.1599
2026-09-15,13:09:18,2026-09,USD,Dólar,5.1484,5.149
2026-09-15,13:09:18,2026-09,AUD,Dólar Australiano,3.6687,3.6702
2026-09-15,13:09:19,2026-09,AUD,Dólar Australiano,3.6687,3.6702
2026-09-15,10:10:12,2026-09,EUR,Euro,5.9358,5.9375
2026-09-15,11:11:12,2026-09,EUR,Euro,5.9418,5.9431
2026-09-15,12:03:12,2026-09,EUR,Euro,5.9554,5.9566
2026-09-15,13:09:18,2026-09,EUR,Euro,5.9418,5.943
2026-09-15,13:09:19,2026-09,EUR,Euro,5.9418,5.943
2026-09-15,13:09:19,2026-09,USD,Dólar,5.1484,5.149
2026-09-15,10:10:12,2026-09,AUD,Dólar Australiano,3.664,3.6654
2026-09-15,11:11:12,2026-09,AUD,Dólar Australiano,3.6699,3.6708
2026-09-15,13:09:18,2026-09,GBP,Libra,6.9385,6.9403
2026-09-15,10:10:12,2026-09,GBP,Libra,6.9311,6.9324
2026-09-15,11:11:12,2026-09,GBP,Libra,6.942,6.9439
2026-09-15,12:03:12,2026-09,GBP,Libra,6.9583,6.9607
2026-09-15,12:03:12,2026-09,AUD,Dólar Australiano,3.6781,3.679
2026-09-15,13:09:19,2026-09,GBP,Libra,6.9385,6.9403
2026-09-14,12:03:13,2026-09,GBP,Libra,6.9654,6.9677
2026-09-14,13:10:07,2026-09,GBP,Libra,6.9526,6.9576
2026-09-14,13:10:08,2026-09,GBP,Libra,6.9725,6.9774
2026-09-14,10:04:12,2026-09,USD,Dólar,5.1758,5.1764
2026-09-14,11:08:11,2026-09,USD,Dólar,5.1762,5.1768
2026-09-14,12:03:13,2026-09,USD,Dólar,5.1695,5.1701
2026-09-14,13:10:08,2026-09,USD,Dólar,5.169,5.1696
2026-09-14,13:10:07,2026-09,USD,Dólar,5.1543,5.1549
2026-09-14,11:08:11,2026-09,GBP,Libra,6.9713,6.9726
2026-09-14,10:04:12,2026-09,AUD,Dólar Australiano,3.681,3.6825
2026-09-14,13:10:08,2026-09,AUD,Dólar Australiano,3.6896,3.6921
2026-09-14,13:10:07,2026-09,AUD,Dólar Australiano,3.6791,3.6816
2026-09-14,10:04:12,2026-09,EUR,Euro,5.9682,5.9699
2026-09-14,11:08:11,2026-09,AUD,Dólar Australiano,3.6813,3.6828
2026-09-14,12:03:13,2026-09,AUD,Dólar Australiano,3.6838,3.6852
2026-09-14,13:10:08,2026-09,EUR,Euro,5.9686,5.9704
2026-09-14,13:10:07,2026-09,EUR,Euro,5.9517,5.9534
2026-09-14,12:03:13,2026-09,EUR,Euro,5.9641,5.9653
2026-09-14,11:08:11,2026-09,EUR,Euro,5.9656,5.9673
2026-09-14,10:04:12,2026-09,GBP,Libra,6.9708,6.9721
2026-09-11,10:03:13,2026-09,GBP,Libra,6.8621,6.8645
2026-09-11,11:08:11,2026-09,GBP,Libra,6.8882,6.8895
2026-09-11,12:02:22,2026-09,GBP,Libra,6.8984,6.9028
2026-09-11,13:07:22,2026-09,GBP,Libra,6.8931,6.8975
2026-09-11,13:07:22,2026-09,GBP,Libra,6.8818,6.8862
2026-09-11,11:08:11,2026-09,EUR,Euro,5.9114,5.9126
2026-09-11,12:02:22,2026-09,AUD,Dólar Australiano,3.6583,3.6592
2026-09-11,13:07:22,2026-09,AUD,Dólar Australiano,3.6509,3.6534
2026-09-11,13:07:22,2026-09,USD,Dólar,5.0996,5.1002
2026-09-11,13:07:22,2026-09,USD,Dólar,5.0912,5.0918
2026-09-11,10:03:13,2026-09,USD,Dólar,5.0748,5.0754
2026-09-11,10:03:13,2026-09,AUD,Dólar Australiano,3.6462,3.6477
2026-09-11,11:08:11,2026-09,AUD,Dólar Australiano,3.6548,3.6583
2026-09-11,11:08:11,2026-09,USD,Dólar,5.0903,5.0909
2026-09-11,13:07:22,2026-09,AUD,Dólar Australiano,3.6569,3.6594
2026-09-11,12:02:22,2026-09,USD,Dólar,5.1001,5.1007
2026-09-11,13:07:22,2026-09,EUR,Euro,5.9073,5.9085
2026-09-11,13:07:22,2026-09,EUR,Euro,5.9171,5.9183
2026-09-11,12:02:22,2026-09,EUR,Euro,5.9227,5.9245
2026-09-11,10:03:13,2026-09,EUR,Euro,5.8878,5.889
2026-09-10,13:09:28,2026-09,USD,Dólar,5.0995,5.1001
2026-09-10,13:09:28,2026-09,GBP,Libra,6.9196,6.922
2026-09-10,13:09:28,2026-09,GBP,Libra,6.8996,6.902
2026-09-10,12:06:12,2026-09,GBP,Libra,6.8841,6.8865
2026-09-10,11:05:11,2026-09,GBP,Libra,6.9424,6.9447
2026-09-10,10:10:13,2026-09,GBP,Libra,6.9331,6.936
2026-09-10,13:09:28,2026-09,USD,Dólar,5.1143,5.1149
2026-09-10,12:06:12,2026-09,USD,Dólar,5.0888,5.0894
2026-09-10,11:05:11,2026-09,USD,Dólar,5.1368,5.1374
2026-09-10,10:10:13,2026-09,USD,Dólar,5.1322,5.1328
2026-09-10,10:10:13,2026-09,EUR,Euro,5.9559,5.9571
2026-09-10,10:10:13,2026-09,AUD,Dólar Australiano,3.6772,3.6787
2026-09-10,11:05:11,2026-09,EUR,Euro,5.9649,5.9666
2026-09-10,11:05:11,2026-09,AUD,Dólar Australiano,3.6805,3.682
2026-09-10,12:06:12,2026-09,AUD,Dólar Australiano,3.6471,3.6486
2026-09-10,13:09:28,2026-09,AUD,Dólar Australiano,3.6558,3.6573
2026-09-10,13:09:28,2026-09,AUD,Dólar Australiano,3.6664,3.6679
2026-09-10,13:09:28,2026-09,EUR,Euro,5.9469,5.9481
2026-09-10,13:09:28,2026-09,EUR,Euro,5.9297,5.9309
2026-09-10,12:06:12,2026-09,EUR,Euro,5.9173,5.9185
2026-09-09,11:09:14,2026-09,USD,Dólar,5.0942,5.0948
2026-09-09,10:09:09,2026-09,USD,Dólar,5.0932,5.0938
2026-09-09,13:11:35,2026-09,USD,Dólar,5.1007,5.1013
2026-09-09,13:11:35,2026-09,USD,Dólar,5.0973,5.0979
2026-09-09,12:03:12,2026-09,USD,Dólar,5.1012,5.1018
2026-09-09,10:09:09,2026-09,EUR,Euro,5.9315,5.9333
2026-09-09,13:11:35,2026-09,GBP,Libra,6.9043,6.9071
2026-09-09,11:09:14,2026-09,EUR,Euro,5.9327,5.9344
2026-09-09,13:11:35,2026-09,AUD,Dólar Australiano,3.6787,3.6797
2026-09-09,13:11:35,2026-09,AUD,Dólar Australiano,3.6812,3.6821
2026-09-09,12:03:12,2026-09,AUD,Dólar Australiano,3.6882,3.6891
2026-09-09,11:09:14,2026-09,AUD,Dólar Australiano,3.6816,3.6825
2026-09-09,10:09:09,2026-09,AUD,Dólar Australiano,3.6788,3.6798
2026-09-09,13:11:35,2026-09,EUR,Euro,5.9266,5.9278
2026-09-09,13:11:35,2026-09,EUR,Euro,5.9306,5.9318
2026-09-09,13:11:35,2026-09,GBP,Libra,6.9089,6.9118
2026-09-09,12:03:12,2026-09,EUR,Euro,5.9414,5.9426
2026-09-09,10:09:09,2026-09,GBP,Libra,6.9008,6.9031
2026-09-09,11:09:14,2026-09,GBP,Libra,6.9057,6.9085
2026-09-09,12:03:12,2026-09,GBP,Libra,6.9172,6.9196
2026-09-08,13:02:38,2026-09,GBP,Libra,6.8832,6.8856
2026-09-08,13:02:38,2026-09,AUD,Dólar Australiano,3.6688,3.6718
2026-09-08,13:02:38,2026-09,AUD,Dólar Australiano,3.6681,3.6711
2026-09-08,12:09:12,2026-09,AUD,Dólar Australiano,3.6691,3.6706
2026-09-08,11:04:11,2026-09,AUD,Dólar Australiano,3.6702,3.6711
2026-09-08,10:04:12,2026-09,AUD,Dólar Australiano,3.68,3.681
2026-09-08,12:09:12,2026-09,EUR,Euro,5.9086,5.9103
2026-09-08,13:02:38,2026-09,USD,Dólar,5.085,5.0856
2026-09-08,13:02:38,2026-09,USD,Dólar,5.084,5.0846
2026-09-08,12:09:12,2026-09,USD,Dólar,5.0805,5.0811
2026-09-08,12:09:12,2026-09,GBP,Libra,6.8846,6.8869
2026-09-08,11:04:11,2026-09,GBP,Libra,6.8851,6.8864
2026-09-08,10:04:12,2026-09,GBP,Libra,6.9051,6.9075
2026-09-08,13:02:38,2026-09,GBP,Libra,6.8846,6.8869
2026-09-08,13:02:38,2026-09,EUR,Euro,5.9118,5.913
2026-09-08,13:02:38,2026-09,EUR,Euro,5.9107,5.9119
2026-09-08,11:04:11,2026-09,USD,Dólar,5.0805,5.0811
2026-09-08,11:04:11,2026-09,EUR,Euro,5.9051,5.9063
2026-09-08,10:04:12,2026-09,USD,Dólar,5.0949,5.0955
2026-09-08,10:04:12,2026-09,EUR,Euro,5.9198,5.9215
2026-09-04,12:02:16,2026-09,USD,Dólar,5.1175,5.1181
2026-09-04,11:10:14,2026-09,GBP,Libra,6.925,6.9278
2026-09-04,10:08:12,2026-09,GBP,Libra,6.9291,6.932
2026-09-04,10:08:12,2026-09,USD,Dólar,5.1323,5.1329
2026-09-04,11:10:14,2026-09,USD,Dólar,5.1281,5.1287
2026-09-04,13:03:59,2026-09,AUD,Dólar Australiano,3.6934,3.6948
2026-09-04,13:03:59,2026-09,AUD,Dólar Australiano,3.6905,3.6919
2026-09-04,12:02:16,2026-09,AUD,Dólar Australiano,3.6856,3.6871
2026-09-04,11:10:14,2026-09,AUD,Dólar Australiano,3.6912,3.6927
2026-09-04,10:08:12,2026-09,AUD,Dólar Australiano,3.6912,3.6921
2026-09-04,12:02:16,2026-09,GBP,Libra,6.9153,6.9176
2026-09-04,13:03:59,2026-09,USD,Dólar,5.1207,5.1213
2026-09-04,13:03:59,2026-09,USD,Dólar,5.1247,5.1253
2026-09-04,10:08:12,2026-09,EUR,Euro,5.9535,5.9552
2026-09-04,11:10:14,2026-09,EUR,Euro,5.9537,5.9549
2026-09-04,12:02:16,2026-09,EUR,Euro,5.944,5.9452
2026-09-04,13:03:59,2026-09,GBP,Libra,6.9286,6.9299
2026-09-04,13:03:59,2026-09,EUR,Euro,5.9487,5.9499
2026-09-04,13:03:59,2026-09,EUR,Euro,5.9534,5.9546
2026-09-04,13:03:59,2026-09,GBP,Libra,6.9232,6.9245
2026-09-03,13:06:38,2026-09,USD,Dólar,5.0956,5.0962
2026-09-03,13:06:38,2026-09,USD,Dólar,5.1046,5.1052
2026-09-03,12:02:17,2026-09,USD,Dólar,5.0961,5.0967
2026-09-03,13:06:38,2026-09,AUD,Dólar Australiano,3.6743,3.6752
2026-09-03,13:06:38,2026-09,AUD,Dólar Australiano,3.6678,3.6688
2026-09-03,12:02:17,2026-09,AUD,Dólar Australiano,3.6651,3.6661
2026-09-03,11:04:10,2026-09,AUD,Dólar Australiano,3.6648,3.6663
2026-09-03,10:03:11,2026-09,AUD,Dólar Australiano,3.6635,3.6644
2026-09-03,10:03:11,2026-09,USD,Dólar,5.0846,5.0852
2026-09-03,13:06:38,2026-09,EUR,Euro,5.9221,5.9233
2026-09-03,13:06:38,2026-09,EUR,Euro,5.9326,5.9338
2026-09-03,12:02:17,2026-09,EUR,Euro,5.9206,5.9219
2026-09-03,11:04:10,2026-09,EUR,Euro,5.9228,5.9245
2026-09-03,10:03:11,2026-09,GBP,Libra,6.8734,6.8747
2026-09-03,11:04:10,2026-09,GBP,Libra,6.8857,6.888
2026-09-03,12:02:17,2026-09,GBP,Libra,6.8889,6.8902
2026-09-03,13:06:38,2026-09,GBP,Libra,6.907,6.9094
2026-09-03,13:06:38,2026-09,GBP,Libra,6.8949,6.8972
2026-09-03,11:04:10,2026-09,USD,Dólar,5.0971,5.0977
2026-09-03,10:03:11,2026-09,EUR,Euro,5.9108,5.9126
2026-09-02,12:03:14,2026-09,AUD,Dólar Australiano,3.6639,3.6649
2026-09-02,13:02:37,2026-09,AUD,Dólar Australiano,3.6599,3.6608
2026-09-02,11:04:13,2026-09,GBP,Libra,6.928,6.9319
2026-09-02,10:11:14,2026-09,GBP,Libra,6.955,6.9574
2026-09-02,13:02:37,2026-09,USD,Dólar,5.1267,5.1273
2026-09-02,13:02:37,2026-09,USD,Dólar,5.1059,5.1065
2026-09-02,12:03:14,2026-09,USD,Dólar,5.1101,5.1107
2026-09-02,11:04:13,2026-09,USD,Dólar,5.1288,5.1294
2026-09-02,10:11:14,2026-09,USD,Dólar,5.1618,5.1624
2026-09-02,10:11:14,2026-09,AUD,Dólar Australiano,3.6891,3.6906
2026-09-02,11:04:13,2026-09,AUD,Dólar Australiano,3.6773,3.6798
2026-09-02,13:02:37,2026-09,GBP,Libra,6.893,6.8948
2026-09-02,12:03:14,2026-09,GBP,Libra,6.9012,6.9035
2026-09-02,13:02:37,2026-09,AUD,Dólar Australiano,3.6748,3.6758
2026-09-02,13:02:37,2026-09,EUR,Euro,5.9424,5.9436
2026-09-02,13:02:37,2026-09,EUR,Euro,5.9182,5.9195
2026-09-02,12:03:14,2026-09,EUR,Euro,5.9246,5.9259
2026-09-02,11:04:13,2026-09,EUR,Euro,5.9515,5.9532
2026-09-02,10:11:14,2026-09,EUR,Euro,5.9763,5.9781
2026-09-02,13:02:37,2026-09,GBP,Libra,6.921,6.9229
2026-09-01,10:05:14,2026-09,EUR,Euro,6.0083,6.0095
2026-09-01,10:05:14,2026-09,GBP,Libra,7.0117,7.013
2026-09-01,13:06:03,2026-09,EUR,Euro,5.9773,5.9785
2026-09-01,13:06:03,2026-09,AUD,Dólar Australiano,3.691,3.6919
2026-09-01,13:06:03,2026-09,AUD,Dólar Australiano,3.6826,3.6836
2026-09-01,12:09:12,2026-09,AUD,Dólar Australiano,3.6814,3.6824
2026-09-01,11:03:18,2026-09,AUD,Dólar Australiano,3.6862,3.6876
2026-09-01,13:06:03,2026-09,EUR,Euro,5.9639,5.9651
2026-09-01,13:06:03,2026-09,GBP,Libra,6.9745,6.9769
2026-09-01,12:09:12,2026-09,EUR,Euro,5.9673,5.969
2026-09-01,11:03:18,2026-09,EUR,Euro,5.9777,5.9795
2026-09-01,12:09:12,2026-09,USD,Dólar,5.146,5.1466
2026-09-01,13:06:03,2026-09,GBP,Libra,6.9589,6.9612
2026-09-01,10:05:14,2026-09,USD,Dólar,5.1827,5.1833
2026-09-01,11:03:18,2026-09,USD,Dólar,5.1519,5.1525
2026-09-01,10:05:14,2026-09,AUD,Dólar Australiano,3.7072,3.7087
2026-09-01,13:06:03,2026-09,USD,Dólar,5.1448,5.1454
2026-09-01,13:06:03,2026-09,USD,Dólar,5.1564,5.157
2026-09-01,11:03:18,2026-09,GBP,Libra,6.9788,6.9806
2026-09-01,12:09:12,2026-09,GBP,Libra,6.9667,6.969
2026-08-31,13:08:57,2026-08,EUR,Euro,6.0177,6.0189
2026-08-31,13:08:57,2026-08,AUD,Dólar Australiano,3.7122,3.7131
2026-08-31,13:08:57,2026-08,AUD,Dólar Australiano,3.7118,3.7128
2026-08-31,12:11:13,2026-08,AUD,Dólar Australiano,3.7131,3.7141
2026-08-31,11:06:13,2026-08,AUD,Dólar Australiano,3.7097,3.7112
2026-08-31,10:10:15,2026-08,AUD,Dólar Australiano,3.7084,3.7099
2026-08-31,10:10:15,2026-08,EUR,Euro,6.0071,6.0089
2026-08-31,11:06:13,2026-08,EUR,Euro,6.0087,6.01
2026-08-31,12:11:13,2026-08,EUR,Euro,6.0187,6.0206
2026-08-31,10:10:15,2026-08,GBP,Libra,7.0132,7.0156
2026-08-31,13:08:57,2026-08,EUR,Euro,6.0172,6.0184
2026-08-31,13:08:57,2026-08,GBP,Libra,7.0177,7.0221
2026-08-31,12:11:13,2026-08,USD,Dólar,5.1823,5.183
2026-08-31,12:11:13,2026-08,GBP,Libra,7.0251,7.0266
2026-08-31,11:06:13,2026-08,GBP,Libra,7.0143,7.0177
2026-08-31,10:10:15,2026-08,USD,Dólar,5.1808,5.1814
2026-08-31,11:06:13,2026-08,USD,Dólar,5.1804,5.181
2026-08-31,13:08:57,2026-08,GBP,Libra,7.017,7.0214
2026-08-31,13:08:57,2026-08,USD,Dólar,5.181,5.1816
2026-08-31,13:08:57,2026-08,USD,Dólar,5.1805,5.1811
2026-08-28,11:06:13,2026-08,USD,Dólar,5.1915,5.1921
2026-08-28,12:09:15,2026-08,USD,Dólar,5.2081,5.2087
2026-08-28,13:11:19,2026-08,USD,Dólar,5.2249,5.2255
2026-08-28,13:11:19,2026-08,USD,Dólar,5.1999,5.2005
2026-08-28,11:06:13,2026-08,GBP,Libra,7.0459,7.0483
2026-08-28,10:10:35,2026-08,EUR,Euro,6.0281,6.0298
2026-08-28,11:06:13,2026-08,EUR,Euro,6.0429,6.0452
2026-08-28,12:09:15,2026-08,EUR,Euro,6.0508,6.052
2026-08-28,13:11:19,2026-08,EUR,Euro,6.0593,6.0605
2026-08-28,13:11:19,2026-08,EUR,Euro,6.0303,6.0315
2026-08-28,10:10:35,2026-08,AUD,Dólar Australiano,3.7267,3.7276
2026-08-28,10:10:35,2026-08,GBP,Libra,7.0295,7.0318
2026-08-28,10:10:35,2026-08,USD,Dólar,5.1752,5.1758
2026-08-28,13:11:19,2026-08,AUD,Dólar Australiano,3.7247,3.7262
2026-08-28,11:06:13,2026-08,AUD,Dólar Australiano,3.7337,3.7347
2026-08-28,12:09:15,2026-08,AUD,Dólar Australiano,3.7415,3.7425
2026-08-28,13:11:19,2026-08,AUD,Dólar Australiano,3.7426,3.7441
2026-08-28,13:11:19,2026-08,GBP,Libra,7.0464,7.0493
2026-08-28,13:11:19,2026-08,GBP,Libra,7.0803,7.0832
2026-08-28,12:09:15,2026-08,GBP,Libra,7.0684,7.0698
2026-08-27,10:03:10,2026-08,GBP,Libra,6.9988,7.0011
2026-08-27,11:05:13,2026-08,GBP,Libra,7.0086,7.0109
2026-08-27,13:10:22,2026-08,USD,Dólar,5.1637,5.1642
2026-08-27,13:10:22,2026-08,EUR,Euro,6.0173,6.0184
2026-08-27,13:10:22,2026-08,GBP,Libra,7.0318,7.0351
2026-08-27,13:10:22,2026-08,EUR,Euro,6.0265,6.0276
2026-08-27,12:02:18,2026-08,EUR,Euro,6.0207,6.0224
2026-08-27,11:05:13,2026-08,EUR,Euro,6.0088,6.0105
2026-08-27,10:03:10,2026-08,EUR,Euro,6.002,6.0038
2026-08-27,11:05:13,2026-08,USD,Dólar,5.1564,5.157
2026-08-27,12:02:18,2026-08,USD,Dólar,5.1702,5.1708
2026-08-27,13:10:22,2026-08,USD,Dólar,5.1716,5.1721
2026-08-27,13:10:22,2026-08,AUD,Dólar Australiano,3.722,3.7229
2026-08-27,12:02:18,2026-08,GBP,Libra,7.0216,7.024
2026-08-27,13:10:22,2026-08,AUD,Dólar Australiano,3.7163,3.7172
2026-08-27,13:10:22,2026-08,GBP,Libra,7.0211,7.0243
2026-08-27,12:02:18,2026-08,AUD,Dólar Australiano,3.7179,3.7188
2026-08-27,11:05:13,2026-08,AUD,Dólar Australiano,3.708,3.7094
2026-08-27,10:03:10,2026-08,AUD,Dólar Australiano,3.7059,3.7069
2026-08-27,10:03:10,2026-08,USD,Dólar,5.1564,5.157
2026-08-26,12:02:16,2026-08,AUD,Dólar Australiano,3.6976,3.699
2026-08-26,12:02:16,2026-08,GBP,Libra,7.0121,7.0145
2026-08-26,13:05:20,2026-08,GBP,Libra,7.0158,7.0181
2026-08-26,13:05:20,2026-08,AUD,Dólar Australiano,3.6985,3.6995
2026-08-26,10:02:18,2026-08,EUR,Euro,6.0165,6.0178
2026-08-26,11:07:11,2026-08,EUR,Euro,6.0058,6.0075
2026-08-26,12:02:16,2026-08,EUR,Euro,6.0098,6.0115
2026-08-26,13:05:20,2026-08,EUR,Euro,6.0129,6.0146
2026-08-26,13:05:20,2026-08,AUD,Dólar Australiano,3.6996,3.7006
2026-08-26,13:05:20,2026-08,EUR,Euro,6.0112,6.0129
2026-08-26,11:07:11,2026-08,AUD,Dólar Australiano,3.6982,3.6997
2026-08-26,12:02:16,2026-08,USD,Dólar,5.1613,5.1619
2026-08-26,10:02:18,2026-08,AUD,Dólar Australiano,3.7044,3.7053
2026-08-26,10:02:18,2026-08,GBP,Libra,7.0237,7.0261
2026-08-26,11:07:11,2026-08,USD,Dólar,5.1543,5.1549
2026-08-26,10:02:18,2026-08,USD,Dólar,5.1622,5.1628
2026-08-26,13:05:20,2026-08,USD,Dólar,5.1613,5.1619
2026-08-26,13:05:20,2026-08,USD,Dólar,5.1598,5.1604
2026-08-26,13:05:20,2026-08,GBP,Libra,7.0137,7.0161
2026-08-26,11:07:11,2026-08,GBP,Libra,7.0104,7.0127
2026-08-25,10:06:12,2026-08,USD,Dólar,5.1524,5.153
2026-08-25,11:10:13,2026-08,USD,Dólar,5.1481,5.1487
2026-08-25,10:06:12,2026-08,GBP,Libra,7.0248,7.0271
2026-08-25,11:10:13,2026-08,GBP,Libra,7.0225,7.0249
2026-08-25,12:08:11,2026-08,GBP,Libra,7.0169,7.0193
2026-08-25,13:04:44,2026-08,USD,Dólar,5.1484,5.149
2026-08-25,13:04:44,2026-08,GBP,Libra,7.0168,7.0217
2026-08-25,13:04:44,2026-08,GBP,Libra,7.0204,7.0253
2026-08-25,13:04:44,2026-08,USD,Dólar,5.1458,5.1464
2026-08-25,12:08:11,2026-08,USD,Dólar,5.1474,5.148
2026-08-25,12:08:11,2026-08,EUR,Euro,6.0065,6.0082
2026-08-25,13:04:44,2026-08,AUD,Dólar Australiano,3.6857,3.6867
2026-08-25,13:04:44,2026-08,AUD,Dólar Australiano,3.6839,3.6848
2026-08-25,12:08:11,2026-08,AUD,Dólar Australiano,3.6835,3.6844
2026-08-25,10:06:12,2026-08,EUR,Euro,6.0108,6.012
2026-08-25,11:10:13,2026-08,AUD,Dólar Australiano,3.6845,3.686
2026-08-25,10:06:12,2026-08,AUD,Dólar Australiano,3.686,3.687
2026-08-25,13:04:44,2026-08,EUR,Euro,6.0092,6.0109
2026-08-25,11:10:13,2026-08,EUR,Euro,6.0094,6.0106
2026-08-25,13:04:44,2026-08,EUR,Euro,6.0062,6.0079
2026-08-24,10:10:12,2026-08,EUR,Euro,6.0155,6.0172
2026-08-24,11:05:14,2026-08,AUD,Dólar Australiano,3.6907,3.6921
2026-08-24,13:04:14,2026-08,USD,Dólar,5.1506,5.1512
2026-08-24,10:10:12,2026-08,AUD,Dólar Australiano,3.6921,3.693
2026-08-24,13:04:14,2026-08,AUD,Dólar Australiano,3.6812,3.6821
2026-08-24,12:05:14,2026-08,AUD,Dólar Australiano,3.6806,3.6831
2026-08-24,12:05:14,2026-08,USD,Dólar,5.1462,5.1468
2026-08-24,13:04:14,2026-08,AUD,Dólar Australiano,3.6827,3.6836
2026-08-24,13:04:14,2026-08,USD,Dólar,5.1485,5.1491
2026-08-24,11:05:14,2026-08,USD,Dólar,5.1524,5.153
2026-08-24,11:05:14,2026-08,EUR,Euro,6.0098,6.0115
2026-08-24,10:10:12,2026-08,USD,Dólar,5.1551,5.1557
2026-08-24,10:10:12,2026-08,GBP,Libra,7.0326,7.035
2026-08-24,11:05:14,2026-08,GBP,Libra,7.0274,7.0297
2026-08-24,12:05:14,2026-08,GBP,Libra,7.0158,7.0182
2026-08-24,13:04:14,2026-08,GBP,Libra,7.0164,7.0187
2026-08-24,13:04:14,2026-08,GBP,Libra,7.0192,7.0216
2026-08-24,13:04:14,2026-08,EUR,Euro,6.0077,6.0089
2026-08-24,13:04:14,2026-08,EUR,Euro,6.0052,6.0064
2026-08-24,12:05:14,2026-08,EUR,Euro,6.0036,6.0048
2026-08-21,13:07:28,2026-08,GBP,Libra,7.0207,7.0231
2026-08-21,13:07:28,2026-08,GBP,Libra,7.0413,7.0437
2026-08-21,10:06:12,2026-08,GBP,Libra,7.0573,7.0586
2026-08-21,12:06:11,2026-08,GBP,Libra,7.0294,7.0322
2026-08-21,11:10:12,2026-08,GBP,Libra,7.0499,7.0528
2026-08-21,10:06:12,2026-08,AUD,Dólar Australiano,3.7063,3.7078
2026-08-21,13:07:28,2026-08,AUD,Dólar Australiano,3.6928,3.6943
2026-08-21,11:10:12,2026-08,EUR,Euro,6.037,6.0382
2026-08-21,12:06:11,2026-08,EUR,Euro,6.0231,6.0248
2026-08-21,13:07:28,2026-08,EUR,Euro,6.013,6.0142
2026-08-21,13:07:28,2026-08,EUR,Euro,6.0306,6.0319
2026-08-21,11:10:12,2026-08,AUD,Dólar Australiano,3.7053,3.7063
2026-08-21,12:06:11,2026-08,AUD,Dólar Australiano,3.6963,3.6978
2026-08-21,10:06:12,2026-08,EUR,Euro,6.0465,6.0482
2026-08-21,13:07:28,2026-08,AUD,Dólar Australiano,3.7037,3.7051
2026-08-21,10:06:12,2026-08,USD,Dólar,5.1728,5.1734
2026-08-21,11:10:12,2026-08,USD,Dólar,5.1678,5.1684
2026-08-21,12:06:11,2026-08,USD,Dólar,5.1603,5.1609
2026-08-21,13:07:28,2026-08,USD,Dólar,5.1468,5.1474
2026-08-21,13:07:28,2026-08,USD,Dólar,5.1619,5.1625
2026-08-20,10:09:14,2026-08,GBP,Libra,7.0706,7.073
2026-08-20,11:06:13,2026-08,GBP,Libra,7.08,7.0813
2026-08-20,13:06:16,2026-08,GBP,Libra,7.0711,7.0729
2026-08-20,12:08:12,2026-08,EUR,Euro,6.055,6.0568
2026-08-20,13:06:16,2026-08,EUR,Euro,6.0557,6.057
2026-08-20,13:06:16,2026-08,GBP,Libra,7.0685,7.0703
2026-08-20,10:09:14,2026-08,EUR,Euro,6.0579,6.0592
2026-08-20,12:08:12,2026-08,GBP,Libra,7.0657,7.0676
2026-08-20,10:09:14,2026-08,USD,Dólar,5.1826,5.1832
2026-08-20,11:06:13,2026-08,USD,Dólar,5.1929,5.1935
2026-08-20,12:08:12,2026-08,USD,Dólar,5.1832,5.1838
2026-08-20,13:06:16,2026-08,USD,Dólar,5.1837,5.1843
2026-08-20,13:06:16,2026-08,USD,Dólar,5.1856,5.1862
2026-08-20,13:06:16,2026-08,EUR,Euro,6.0535,6.0547
2026-08-20,11:06:13,2026-08,EUR,Euro,6.0627,6.0639
2026-08-20,11:06:13,2026-08,AUD,Dólar Australiano,3.6953,3.6967
2026-08-20,13:06:16,2026-08,AUD,Dólar Australiano,3.6916,3.6926
2026-08-20,13:06:16,2026-08,AUD,Dólar Australiano,3.6903,3.6912
2026-08-20,12:08:12,2026-08,AUD,Dólar Australiano,3.691,3.6919
2026-08-20,10:09:14,2026-08,AUD,Dólar Australiano,3.6885,3.6894
2026-08-19,13:07:21,2026-08,AUD,Dólar Australiano,3.6804,3.6814
2026-08-19,11:08:11,2026-08,USD,Dólar,5.1713,5.1719
2026-08-19,10:03:12,2026-08,USD,Dólar,5.1706,5.1712
2026-08-19,13:07:22,2026-08,AUD,Dólar Australiano,3.6821,3.6831
2026-08-19,12:07:12,2026-08,AUD,Dólar Australiano,3.6826,3.6835
2026-08-19,13:07:22,2026-08,USD,Dólar,5.1708,5.1714
2026-08-19,11:08:11,2026-08,AUD,Dólar Australiano,3.6809,3.6824
2026-08-19,10:03:12,2026-08,AUD,Dólar Australiano,3.6706,3.6721
2026-08-19,13:07:22,2026-08,EUR,Euro,6.0312,6.0324
2026-08-19,13:07:21,2026-08,EUR,Euro,6.0284,6.0296
2026-08-19,12:07:12,2026-08,EUR,Euro,6.0326,6.0339
2026-08-19,11:08:11,2026-08,EUR,Euro,6.0277,6.0294
2026-08-19,10:03:12,2026-08,EUR,Euro,6.017,6.0182
2026-08-19,13:07:21,2026-08,USD,Dólar,5.1684,5.169
2026-08-19,12:07:12,2026-08,USD,Dólar,5.1729,5.1735
2026-08-19,12:07:12,2026-08,GBP,Libra,7.0388,7.0411
2026-08-19,13:07:21,2026-08,GBP,Libra,7.0321,7.0335
2026-08-19,13:07:22,2026-08,GBP,Libra,7.0354,7.0367
2026-08-19,10:03:12,2026-08,GBP,Libra,7.0305,7.0318
2026-08-19,11:08:11,2026-08,GBP,Libra,7.0412,7.0436
2026-08-18,13:10:39,2026-08,AUD,Dólar Australiano,3.6946,3.6961
2026-08-18,12:09:12,2026-08,GBP,Libra,7.0494,7.0518
2026-08-18,13:10:39,2026-08,GBP,Libra,7.0508,7.0532
2026-08-18,13:10:39,2026-08,GBP,Libra,7.0469,7.0492
2026-08-18,13:10:39,2026-08,AUD,Dólar Australiano,3.6925,3.694
2026-08-18,10:02:21,2026-08,AUD,Dólar Australiano,3.7025,3.7034
2026-08-18,12:09:12,2026-08,AUD,Dólar Australiano,3.6952,3.6967
2026-08-18,10:02:21,2026-08,EUR,Euro,6.0268,6.028
2026-08-18,11:02:22,2026-08,EUR,Euro,6.0163,6.018
2026-08-18,12:09:12,2026-08,EUR,Euro,6.0285,6.0303
2026-08-18,13:10:39,2026-08,EUR,Euro,6.0287,6.0305
2026-08-18,13:10:39,2026-08,EUR,Euro,6.0254,6.0271
2026-08-18,11:02:22,2026-08,GBP,Libra,7.0346,7.0369
2026-08-18,11:02:22,2026-08,AUD,Dólar Australiano,3.696,3.697
2026-08-18,13:10:39,2026-08,USD,Dólar,5.2037,5.2043
2026-08-18,10:02:21,2026-08,USD,Dólar,5.2067,5.2073
2026-08-18,13:10:39,2026-08,USD,Dólar,5.2066,5.2072
2026-08-18,12:09:12,2026-08,USD,Dólar,5.206,5.2066
2026-08-18,11:02:22,2026-08,USD,Dólar,5.1954,5.196
2026-08-18,10:02:21,2026-08,GBP,Libra,7.0452,7.0476
2026-08-17,13:04:48,2026-08,GBP,Libra,7.0325,7.0354
2026-08-17,13:04:48,2026-08,EUR,Euro,6.0103,6.012
2026-08-17,10:06:12,2026-08,GBP,Libra,7.0753,7.0797
2026-08-17,11:03:11,2026-08,GBP,Libra,7.0613,7.0636
2026-08-17,12:11:12,2026-08,GBP,Libra,7.0331,7.036
2026-08-17,13:04:48,2026-08,EUR,Euro,6.0272,6.0289
2026-08-17,10:06:12,2026-08,AUD,Dólar Australiano,3.7164,3.7173
2026-08-17,11:03:11,2026-08,AUD,Dólar Australiano,3.7053,3.7063
2026-08-17,12:11:12,2026-08,AUD,Dólar Australiano,3.6907,3.6916
2026-08-17,13:04:48,2026-08,AUD,Dólar Australiano,3.6879,3.6894
2026-08-17,13:04:48,2026-08,AUD,Dólar Australiano,3.6983,3.6998
2026-08-17,13:04:48,2026-08,USD,Dólar,5.1862,5.1868
2026-08-17,12:11:12,2026-08,USD,Dólar,5.1901,5.1907
2026-08-17,11:03:11,2026-08,USD,Dólar,5.2078,5.2084
2026-08-17,10:06:12,2026-08,USD,Dólar,5.2189,5.2195
2026-08-17,13:04:48,2026-08,USD,Dólar,5.2008,5.2014
2026-08-17,12:11:12,2026-08,EUR,Euro,6.0132,6.015
2026-08-17,10:06:12,2026-08,EUR,Euro,6.0518,6.0531
2026-08-17,13:04:48,2026-08,GBP,Libra,7.0523,7.0552
2026-08-17,11:03:11,2026-08,EUR,Euro,6.0379,6.0391
2026-08-14,13:10:22,2026-08,AUD,Dólar Australiano,3.7189,3.7199
2026-08-14,11:04:12,2026-08,GBP,Libra,7.0801,7.083
2026-08-14,12:08:14,2026-08,GBP,Libra,7.0753,7.0772
2026-08-14,13:10:22,2026-08,GBP,Libra,7.109,7.1113
2026-08-14,13:10:22,2026-08,GBP,Libra,7.0787,7.0811
2026-08-14,11:04:12,2026-08,USD,Dólar,5.2248,5.2254
2026-08-14,10:06:13,2026-08,USD,Dólar,5.1985,5.1991
2026-08-14,10:06:13,2026-08,EUR,Euro,6.0126,6.0138
2026-08-14,10:06:13,2026-08,AUD,Dólar Australiano,3.6805,3.682
2026-08-14,11:04:12,2026-08,AUD,Dólar Australiano,3.7049,3.7059
2026-08-14,12:08:14,2026-08,AUD,Dólar Australiano,3.7032,3.7042
2026-08-14,11:04:12,2026-08,EUR,Euro,6.0508,6.0521
2026-08-14,13:10:22,2026-08,AUD,Dólar Australiano,3.7031,3.7041
2026-08-14,12:08:14,2026-08,EUR,Euro,6.0485,6.0497
2026-08-14,13:10:22,2026-08,EUR,Euro,6.0741,6.0758
2026-08-14,13:10:22,2026-08,USD,Dólar,5.223,5.2236
2026-08-14,10:06:13,2026-08,GBP,Libra,7.0372,7.0396
2026-08-14,12:08:14,2026-08,USD,Dólar,5.2232,5.2238
2026-08-14,13:10:22,2026-08,EUR,Euro,6.0482,6.05
2026-08-14,13:10:22,2026-08,USD,Dólar,5.2453,5.2459
2026-08-13,10:08:11,2026-08,EUR,Euro,5.982,5.9837
2026-08-13,13:09:15,2026-08,EUR,Euro,5.9787,5.9799
2026-08-13,11:09:10,2026-08,EUR,Euro,5.9791,5.9803
2026-08-13,12:11:12,2026-08,EUR,Euro,5.9898,5.991
2026-08-13,13:09:15,2026-08,EUR,Euro,5.9792,5.9804
2026-08-13,13:09:15,2026-08,GBP,Libra,6.9965,6.9999
2026-08-13,12:11:12,2026-08,AUD,Dólar Australiano,3.6645,3.6676
2026-08-13,13:09:15,2026-08,AUD,Dólar Australiano,3.6596,3.6606
2026-08-13,12:11:12,2026-08,USD,Dólar,5.1891,5.1897
2026-08-13,13:09:15,2026-08,USD,Dólar,5.1858,5.1864
2026-08-13,13:09:15,2026-08,USD,Dólar,5.1853,5.1859
2026-08-13,10:08:11,2026-08,GBP,Libra,6.9994,7.0028
2026-08-13,11:09:10,2026-08,GBP,Libra,6.9966,7.0
2026-08-13,13:09:15,2026-08,AUD,Dólar Australiano,3.6593,3.6602
2026-08-13,10:08:11,2026-08,USD,Dólar,5.1828,5.1834
2026-08-13,11:09:10,2026-08,USD,Dólar,5.1834,5.184
2026-08-13,11:09:10,2026-08,AUD,Dólar Australiano,3.6579,3.6594
2026-08-13,10:08:11,2026-08,AUD,Dólar Australiano,3.6606,3.6621
2026-08-13,12:11:12,2026-08,GBP,Libra,7.0079,7.0113
2026-08-13,13:09:15,2026-08,GBP,Libra,6.9972,7.0006
2026-08-12,13:09:28,2026-08,EUR,Euro,5.9578,5.9597
2026-08-12,13:09:28,2026-08,EUR,Euro,5.9587,5.9606
2026-08-12,10:08:12,2026-08,AUD,Dólar Australiano,3.6499,3.6508
2026-08-12,13:09:28,2026-08,GBP,Libra,6.976,6.9775
2026-08-12,13:09:28,2026-08,GBP,Libra,6.975,6.9764
2026-08-12,11:06:11,2026-08,AUD,Dólar Australiano,3.6607,3.6621
2026-08-12,12:09:14,2026-08,GBP,Libra,6.9863,6.9877
2026-08-12,11:06:11,2026-08,EUR,Euro,5.9695,5.9712
2026-08-12,11:06:11,2026-08,GBP,Libra,6.989,6.9914
2026-08-12,13:09:28,2026-08,AUD,Dólar Australiano,3.6499,3.6509
2026-08-12,10:08:12,2026-08,GBP,Libra,6.9707,6.9726
2026-08-12,13:09:28,2026-08,AUD,Dólar Australiano,3.6504,3.6514
2026-08-12,12:09:14,2026-08,AUD,Dólar Australiano,3.6561,3.6591
2026-08-12,12:09:14,2026-08,EUR,Euro,5.9695,5.9707
2026-08-12,10:08:12,2026-08,EUR,Euro,5.9522,5.9534
2026-08-12,10:08:12,2026-08,USD,Dólar,5.1494,5.15
2026-08-12,11:06:11,2026-08,USD,Dólar,5.1675,5.1681
2026-08-12,12:09:14,2026-08,USD,Dólar,5.172,5.1726
2026-08-12,13:09:28,2026-08,USD,Dólar,5.164,5.1647
2026-08-12,13:09:28,2026-08,USD,Dólar,5.1632,5.1639
2026-08-11,10:05:12,2026-08,USD,Dólar,5.0992,5.0998
2026-08-11,13:05:15,2026-08,GBP,Libra,6.9293,6.9322
2026-08-11,12:04:12,2026-08,AUD,Dólar Australiano,3.6302,3.6311
2026-08-11,11:10:12,2026-08,USD,Dólar,5.1111,5.1117
2026-08-11,12:04:12,2026-08,USD,Dólar,5.139,5.1396
2026-08-11,13:05:15,2026-08,USD,Dólar,5.1623,5.1629
2026-08-11,13:05:15,2026-08,USD,Dólar,5.1279,5.1285
2026-08-11,11:10:12,2026-08,AUD,Dólar Australiano,3.612,3.6129
2026-08-11,10:05:12,2026-08,AUD,Dólar Australiano,3.6021,3.603
2026-08-11,13:05:15,2026-08,AUD,Dólar Australiano,3.6203,3.6217
2026-08-11,13:05:15,2026-08,AUD,Dólar Australiano,3.6446,3.646
2026-08-11,13:05:15,2026-08,GBP,Libra,6.9758,6.9787
2026-08-11,10:05:12,2026-08,GBP,Libra,6.8834,6.8857
2026-08-11,10:05:12,2026-08,EUR,Euro,5.8855,5.8867
2026-08-11,11:10:12,2026-08,EUR,Euro,5.8997,5.9015
2026-08-11,12:04:12,2026-08,EUR,Euro,5.9314,5.9332
2026-08-11,13:05:15,2026-08,EUR,Euro,5.9186,5.9209
2026-08-11,13:05:15,2026-08,EUR,Euro,5.9583,5.9606
2026-08-11,11:10:12,2026-08,GBP,Libra,6.9,6.9023
2026-08-11,12:04:12,2026-08,GBP,Libra,6.9418,6.9441
2026-08-10,12:05:14,2026-08,EUR,Euro,5.8903,5.8915
2026-08-10,10:03:15,2026-08,GBP,Libra,6.8679,6.8702
2026-08-10,10:03:15,2026-08,USD,Dólar,5.0892,5.0898
2026-08-10,11:10:13,2026-08,USD,Dólar,5.0964,5.097
2026-08-10,12:05:14,2026-08,USD,Dólar,5.0994,5.1
2026-08-10,13:10:22,2026-08,USD,Dólar,5.0976,5.0982
2026-08-10,13:10:22,2026-08,USD,Dólar,5.0957,5.0963
2026-08-10,11:10:13,2026-08,GBP,Libra,6.8822,6.8835
2026-08-10,13:10:22,2026-08,GBP,Libra,6.8914,6.8938
2026-08-10,11:10:13,2026-08,AUD,Dólar Australiano,3.5955,3.598
2026-08-10,12:05:14,2026-08,AUD,Dólar Australiano,3.6012,3.6021
2026-08-10,10:03:15,2026-08,AUD,Dólar Australiano,3.5909,3.5934
2026-08-10,13:10:22,2026-08,AUD,Dólar Australiano,3.5996,3.6016
2026-08-10,12:05:14,2026-08,GBP,Libra,6.8934,6.8957
2026-08-10,13:10:22,2026-08,GBP,Libra,6.894,6.8963
2026-08-10,13:10:22,2026-08,AUD,Dólar Australiano,3.6009,3.6029
2026-08-10,11:10:13,2026-08,EUR,Euro,5.8833,5.885
2026-08-10,13:10:22,2026-08,EUR,Euro,5.8882,5.8894
2026-08-10,13:10:22,2026-08,EUR,Euro,5.886,5.8872
2026-08-10,10:03:15,2026-08,EUR,Euro,5.8765,5.8782
2026-08-07,11:08:12,2026-08,AUD,Dólar Australiano,3.5959,3.5969
2026-08-07,11:08:12,2026-08,EUR,Euro,5.8864,5.8876
2026-08-07,13:04:19,2026-08,AUD,Dólar Australiano,3.5947,3.5961
2026-08-07,13:04:19,2026-08,AUD,Dólar Australiano,3.5931,3.5945
2026-08-07,12:09:13,2026-08,AUD,Dólar Australiano,3.5939,3.5954
2026-08-07,10:05:09,2026-08,AUD,Dólar Australiano,3.5959,3.5973
2026-08-07,13:04:19,2026-08,USD,Dólar,5.0902,5.0908
2026-08-07,13:04:19,2026-08,USD,Dólar,5.0879,5.0885
2026-08-07,12:09:13,2026-08,USD,Dólar,5.0913,5.0919
2026-08-07,10:05:09,2026-08,USD,Dólar,5.0883,5.0889
2026-08-07,10:05:09,2026-08,EUR,Euro,5.8882,5.8894
2026-08-07,11:08:12,2026-08,USD,Dólar,5.0934,5.094
2026-08-07,12:09:13,2026-08,EUR,Euro,5.8815,5.8827
2026-08-07,13:04:19,2026-08,EUR,Euro,5.8833,5.8845
2026-08-07,13:04:19,2026-08,GBP,Libra,6.8692,6.8716
2026-08-07,13:04:19,2026-08,GBP,Libra,6.8661,6.8685
2026-08-07,10:05:09,2026-08,GBP,Libra,6.8682,6.8705
2026-08-07,11:08:12,2026-08,GBP,Libra,6.8705,6.8738
2026-08-07,13:04:19,2026-08,EUR,Euro,5.8806,5.8818
2026-08-07,12:09:13,2026-08,GBP,Libra,6.8666,6.869
2026-08-06,13:04:47,2026-08,AUD,Dólar Australiano,3.5845,3.5855
2026-08-06,12:10:14,2026-08,EUR,Euro,5.8741,5.8754
2026-08-06,13:04:47,2026-08,EUR,Euro,5.8834,5.8851
2026-08-06,13:04:47,2026-08,GBP,Libra,6.8625,6.8648
2026-08-06,11:09:13,2026-08,AUD,Dólar Australiano,3.5872,3.5887
2026-08-06,13:04:47,2026-08,AUD,Dólar Australiano,3.5888,3.5897
2026-08-06,12:10:14,2026-08,AUD,Dólar Australiano,3.5861,3.5871
2026-08-06,10:07:15,2026-08,AUD,Dólar Australiano,3.5953,3.5978
2026-08-06,10:07:15,2026-08,GBP,Libra,6.8816,6.8839
2026-08-06,13:04:47,2026-08,EUR,Euro,5.8765,5.8782
2026-08-06,11:09:13,2026-08,GBP,Libra,6.8667,6.869
2026-08-06,10:07:15,2026-08,EUR,Euro,5.8955,5.8967
2026-08-06,12:10:14,2026-08,GBP,Libra,6.8564,6.8594
2026-08-06,11:09:13,2026-08,EUR,Euro,5.8812,5.8824
2026-08-06,13:04:47,2026-08,GBP,Libra,6.8706,6.8729
2026-08-06,10:07:15,2026-08,USD,Dólar,5.1092,5.1098
2026-08-06,13:04:47,2026-08,USD,Dólar,5.1011,5.1017
2026-08-06,13:04:47,2026-08,USD,Dólar,5.1071,5.1077
2026-08-06,12:10:14,2026-08,USD,Dólar,5.0924,5.0931
2026-08-06,11:09:13,2026-08,USD,Dólar,5.0955,5.0961
2026-08-05,13:06:43,2026-08,USD,Dólar,5.1148,5.1154
2026-08-05,13:06:43,2026-08,USD,Dólar,5.1186,5.1192
2026-08-05,13:06:43,2026-08,AUD,Dólar Australiano,3.6054,3.6069
2026-08-05,12:08:13,2026-08,USD,Dólar,5.1179,5.1185
2026-08-05,11:07:14,2026-08,USD,Dólar,5.103,5.1036
2026-08-05,10:02:19,2026-08,USD,Dólar,5.1198,5.1204
2026-08-05,13:06:43,2026-08,EUR,Euro,5.9094,5.9106
2026-08-05,10:02:19,2026-08,AUD,Dólar Australiano,3.6079,3.6094
2026-08-05,11:07:14,2026-08,AUD,Dólar Australiano,3.5991,3.6001
2026-08-05,12:08:13,2026-08,AUD,Dólar Australiano,3.6112,3.6126
2026-08-05,13:06:43,2026-08,AUD,Dólar Australiano,3.6081,3.6095
2026-08-05,12:08:13,2026-08,EUR,Euro,5.9122,5.9139
2026-08-05,10:02:19,2026-08,GBP,Libra,6.8964,6.8987
2026-08-05,11:07:14,2026-08,GBP,Libra,6.8712,6.8725
2026-08-05,12:08:13,2026-08,GBP,Libra,6.8974,6.8997
2026-08-05,13:06:43,2026-08,GBP,Libra,6.8901,6.892
2026-08-05,13:06:43,2026-08,EUR,Euro,5.905,5.9062
2026-08-05,13:06:43,2026-08,GBP,Libra,6.885,6.8869
2026-08-05,11:07:14,2026-08,EUR,Euro,5.8909,5.8926
2026-08-05,10:02:19,2026-08,EUR,Euro,5.9113,5.9125
2026-08-04,13:05:10,2026-08,GBP,Libra,6.876,6.8783
2026-08-04,13:05:10,2026-08,EUR,Euro,5.8911,5.8923
2026-08-04,10:18:52,2026-08,USD,Dólar,5.0959,5.0965
2026-08-04,11:12:35,2026-08,USD,Dólar,5.1064,5.107
2026-08-04,12:04:11,2026-08,USD,Dólar,5.1053,5.1059
2026-08-04,13:05:10,2026-08,USD,Dólar,5.1111,5.1117
2026-08-04,13:05:10,2026-08,USD,Dólar,5.1047,5.1053
2026-08-04,13:05:10,2026-08,EUR,Euro,5.8837,5.8849
2026-08-04,10:18:52,2026-08,GBP,Libra,6.8499,6.8512
2026-08-04,12:04:11,2026-08,EUR,Euro,5.8828,5.884
2026-08-04,11:12:35,2026-08,EUR,Euro,5.8841,5.8858
2026-08-04,13:05:10,2026-08,GBP,Libra,6.8674,6.8697
2026-08-04,10:18:52,2026-08,EUR,Euro,5.8679,5.8691
2026-08-04,11:12:35,2026-08,GBP,Libra,6.8661,6.8679
2026-08-04,12:04:11,2026-08,GBP,Libra,6.8646,6.8669
2026-08-04,10:18:52,2026-08,AUD,Dólar Australiano,3.5839,3.5849
2026-08-04,11:12:35,2026-08,AUD,Dólar Australiano,3.5924,3.5938
2026-08-04,12:04:11,2026-08,AUD,Dólar Australiano,3.5931,3.5946
2026-08-04,13:05:10,2026-08,AUD,Dólar Australiano,3.5957,3.5981
2026-08-04,13:05:10,2026-08,AUD,Dólar Australiano,3.5912,3.5936
2026-08-03,13:08:53,2026-08,USD,Dólar,5.0717,5.0723
2026-08-03,11:15:52,2026-08,GBP,Libra,6.8244,6.8268
2026-08-03,10:12:49,2026-08,GBP,Libra,6.8067,6.808
2026-08-03,14:01:59,2026-08,USD,Dólar,5.0785,5.0791
2026-08-03,14:01:59,2026-08,EUR,Euro,5.8448,5.846
2026-08-03,13:08:53,2026-08,EUR,Euro,5.837,5.8382
2026-08-03,12:14:45,2026-08,EUR,Euro,5.8476,5.8488
2026-08-03,11:15:52,2026-08,EUR,Euro,5.8477,5.8495
2026-08-03,10:12:49,2026-08,EUR,Euro,5.828,5.8292
2026-08-03,10:12:49,2026-08,USD,Dólar,5.0555,5.0561
2026-08-03,11:15:52,2026-08,USD,Dólar,5.0735,5.0742
2026-08-03,12:14:45,2026-08,USD,Dólar,5.0791,5.0797
2026-08-03,12:14:45,2026-08,GBP,Libra,6.8248,6.8261
2026-08-03,14:01:59,2026-08,GBP,Libra,6.8225,6.8238
2026-08-03,13:08:53,2026-08,GBP,Libra,6.8133,6.8146
2026-08-03,14:01:59,2026-08,AUD,Dólar Australiano,3.5544,3.5554
2026-08-03,13:08:53,2026-08,AUD,Dólar Australiano,3.5497,3.5506
2026-08-03,12:14:45,2026-08,AUD,Dólar Australiano,3.5544,3.5553
2026-08-03,11:15:52,2026-08,AUD,Dólar Australiano,3.5464,3.5479
2026-08-03,10:12:49,2026-08,AUD,Dólar Australiano,3.5378,3.5388
2026-07-31,13:10:30,2026-07,USD,Dólar,5.0748,5.0754
2026-07-31,10:04:10,2026-07,GBP,Libra,6.8032,6.806
2026-07-31,12:03:10,2026-07,EUR,Euro,5.8436,5.8453
2026-07-31,11:05:10,2026-07,EUR,Euro,5.8276,5.8293
2026-07-31,10:04:10,2026-07,EUR,Euro,5.8237,5.8254
2026-07-31,13:10:31,2026-07,GBP,Libra,6.8363,6.8391
2026-07-31,11:05:10,2026-07,GBP,Libra,6.8141,6.8164
2026-07-31,10:04:10,2026-07,AUD,Dólar Australiano,3.5544,3.5559
2026-07-31,11:05:10,2026-07,AUD,Dólar Australiano,3.5588,3.5607
2026-07-31,13:10:31,2026-07,EUR,Euro,5.8473,5.849
2026-07-31,13:10:30,2026-07,EUR,Euro,5.8452,5.8469
2026-07-31,13:10:31,2026-07,USD,Dólar,5.0767,5.0773
2026-07-31,12:03:10,2026-07,GBP,Libra,6.8351,6.8369
2026-07-31,10:04:10,2026-07,USD,Dólar,5.0698,5.0704
2026-07-31,11:05:10,2026-07,USD,Dólar,5.0825,5.0831
2026-07-31,12:03:10,2026-07,USD,Dólar,5.0796,5.0802
2026-07-31,12:03:10,2026-07,AUD,Dólar Australiano,3.5669,3.5683
2026-07-31,13:10:30,2026-07,AUD,Dólar Australiano,3.5645,3.566
2026-07-31,13:10:31,2026-07,AUD,Dólar Australiano,3.5659,3.5673
2026-07-31,13:10:30,2026-07,GBP,Libra,6.8337,6.8366
2026-07-30,13:07:32,2026-07,GBP,Libra,6.8287,6.83
2026-07-30,13:07:32,2026-07,GBP,Libra,6.8195,6.8208
2026-07-30,11:04:09,2026-07,AUD,Dólar Australiano,3.5549,3.5563
2026-07-30,13:07:32,2026-07,AUD,Dólar Australiano,3.562,3.5629
2026-07-30,13:07:32,2026-07,AUD,Dólar Australiano,3.5572,3.5581
2026-07-30,12:10:10,2026-07,AUD,Dólar Australiano,3.5488,3.5502
2026-07-30,10:08:10,2026-07,GBP,Libra,6.81,6.8123
2026-07-30,10:08:10,2026-07,AUD,Dólar Australiano,3.5524,3.5534
2026-07-30,10:08:10,2026-07,USD,Dólar,5.0931,5.0937
2026-07-30,11:04:09,2026-07,USD,Dólar,5.0661,5.0667
2026-07-30,12:10:10,2026-07,USD,Dólar,5.0675,5.0681
2026-07-30,13:07:32,2026-07,USD,Dólar,5.0665,5.0671
2026-07-30,13:07:32,2026-07,USD,Dólar,5.0733,5.0739
2026-07-30,11:04:09,2026-07,GBP,Libra,6.8017,6.8041
2026-07-30,12:10:10,2026-07,GBP,Libra,6.8021,6.8049
2026-07-30,10:08:10,2026-07,EUR,Euro,5.8428,5.844
2026-07-30,11:04:09,2026-07,EUR,Euro,5.8377,5.8389
2026-07-30,12:10:10,2026-07,EUR,Euro,5.8286,5.8298
2026-07-30,13:07:32,2026-07,EUR,Euro,5.8376,5.8388
2026-07-30,13:07:32,2026-07,EUR,Euro,5.8455,5.8467
2026-07-29,10:07:17,2026-07,GBP,Libra,6.7923,6.7951
2026-07-29,11:06:13,2026-07,USD,Dólar,5.1085,5.1091
2026-07-29,12:04:13,2026-07,USD,Dólar,5.1353,5.1359
2026-07-29,13:08:43,2026-07,AUD,Dólar Australiano,3.5484,3.5499
2026-07-29,11:06:13,2026-07,EUR,Euro,5.8196,5.8208
2026-07-29,13:08:43,2026-07,AUD,Dólar Australiano,3.5525,3.5539
2026-07-29,12:04:13,2026-07,AUD,Dólar Australiano,3.5547,3.5571
2026-07-29,11:06:13,2026-07,AUD,Dólar Australiano,3.5499,3.5513
2026-07-29,10:07:17,2026-07,AUD,Dólar Australiano,3.5493,3.5517
2026-07-29,11:06:13,2026-07,GBP,Libra,6.7907,6.7931
2026-07-29,10:07:17,2026-07,USD,Dólar,5.1135,5.1141
2026-07-29,10:07:17,2026-07,EUR,Euro,5.8181,5.8193
2026-07-29,13:08:43,2026-07,EUR,Euro,5.8361,5.8373
2026-07-29,12:04:13,2026-07,EUR,Euro,5.844,5.8452
2026-07-29,13:08:43,2026-07,EUR,Euro,5.8293,5.8305
2026-07-29,13:08:43,2026-07,USD,Dólar,5.127,5.1276
2026-07-29,13:08:43,2026-07,USD,Dólar,5.1211,5.1217
2026-07-29,13:08:43,2026-07,GBP,Libra,6.8044,6.8057
2026-07-29,13:08:43,2026-07,GBP,Libra,6.8122,6.8136
2026-07-29,12:04:13,2026-07,GBP,Libra,6.8233,6.8246
2026-07-28,11:06:12,2026-07,USD,Dólar,5.1239,5.1245
2026-07-28,12:08:14,2026-07,EUR,Euro,5.8281,5.8298
2026-07-28,11:06:12,2026-07,EUR,Euro,5.8269,5.8286
2026-07-28,10:11:13,2026-07,EUR,Euro,5.8105,5.8117
2026-07-28,13:25:31,2026-07,USD,Dólar,5.1171,5.1177
2026-07-28,13:25:31,2026-07,USD,Dólar,5.1128,5.1134
2026-07-28,12:08:14,2026-07,USD,Dólar,5.1191,5.1197
2026-07-28,13:25:31,2026-07,AUD,Dólar Australiano,3.5728,3.5737
2026-07-28,10:11:13,2026-07,GBP,Libra,6.7977,6.8006
2026-07-28,13:25:31,2026-07,AUD,Dólar Australiano,3.5698,3.5707
2026-07-28,13:25:31,2026-07,GBP,Libra,6.8088,6.8132
2026-07-28,13:25:31,2026-07,GBP,Libra,6.8031,6.8075
2026-07-28,12:08:14,2026-07,GBP,Libra,6.8038,6.8051
2026-07-28,11:06:12,2026-07,GBP,Libra,6.8148,6.8171
2026-07-28,13:25:31,2026-07,EUR,Euro,5.8335,5.8347
2026-07-28,13:25:31,2026-07,EUR,Euro,5.8286,5.8298
2026-07-28,10:11:13,2026-07,USD,Dólar,5.1126,5.1132
2026-07-28,12:08:14,2026-07,AUD,Dólar Australiano,3.566,3.5674
2026-07-28,11:06:12,2026-07,AUD,Dólar Australiano,3.5724,3.5733
2026-07-28,10:11:13,2026-07,AUD,Dólar Australiano,3.5619,3.5649
2026-07-27,12:02:21,2026-07,USD,Dólar,5.1046,5.1052
2026-07-27,10:09:12,2026-07,USD,Dólar,5.0932,5.0938
2026-07-27,13:05:18,2026-07,USD,Dólar,5.0998,5.1005
2026-07-27,13:05:18,2026-07,USD,Dólar,5.1038,5.1044
2026-07-27,13:05:18,2026-07,EUR,Euro,5.8005,5.8023
2026-07-27,13:05:18,2026-07,EUR,Euro,5.8051,5.8068
2026-07-27,12:02:21,2026-07,EUR,Euro,5.8044,5.8061
2026-07-27,11:08:13,2026-07,EUR,Euro,5.7971,5.7989
2026-07-27,10:09:12,2026-07,EUR,Euro,5.7976,5.7988
2026-07-27,11:08:13,2026-07,USD,Dólar,5.0977,5.0984
2026-07-27,10:09:12,2026-07,AUD,Dólar Australiano,3.5632,3.5641
2026-07-27,13:05:18,2026-07,GBP,Libra,6.7822,6.7867
2026-07-27,11:08:13,2026-07,AUD,Dólar Australiano,3.5653,3.5663
2026-07-27,13:05:18,2026-07,AUD,Dólar Australiano,3.5686,3.5695
2026-07-27,13:05:18,2026-07,AUD,Dólar Australiano,3.5658,3.5668
2026-07-27,13:05:18,2026-07,GBP,Libra,6.7875,6.7919
2026-07-27,12:02:21,2026-07,GBP,Libra,6.7896,6.792
2026-07-27,11:08:13,2026-07,GBP,Libra,6.7835,6.7855
2026-07-27,10:09:12,2026-07,GBP,Libra,6.779,6.7839
2026-07-27,12:02:21,2026-07,AUD,Dólar Australiano,3.5686,3.5701
2026-07-24,12:11:13,2026-07,GBP,Libra,6.7407,6.742
2026-07-24,11:09:09,2026-07,GBP,Libra,6.7603,6.7627
2026-07-24,13:11:23,2026-07,GBP,Libra,6.757,6.7619
2026-07-24,10:09:11,2026-07,GBP,Libra,6.7531,6.7559
2026-07-24,11:09:09,2026-07,USD,Dólar,5.0738,5.0744
2026-07-24,10:09:11,2026-07,USD,Dólar,5.0741,5.0747
2026-07-24,13:11:23,2026-07,EUR,Euro,5.7666,5.7683
2026-07-24,13:11:23,2026-07,USD,Dólar,5.0577,5.0584
2026-07-24,13:11:23,2026-07,USD,Dólar,5.066,5.0666
2026-07-24,13:11:23,2026-07,EUR,Euro,5.7572,5.759
2026-07-24,12:11:13,2026-07,EUR,Euro,5.7553,5.7565
2026-07-24,13:11:23,2026-07,GBP,Libra,6.746,6.7509
2026-07-24,11:09:09,2026-07,EUR,Euro,5.772,5.7731
2026-07-24,10:09:11,2026-07,EUR,Euro,5.7687,5.7704
2026-07-24,13:11:23,2026-07,AUD,Dólar Australiano,3.5432,3.5446
2026-07-24,13:11:23,2026-07,AUD,Dólar Australiano,3.5374,3.5389
2026-07-24,12:11:13,2026-07,AUD,Dólar Australiano,3.5342,3.5352
2026-07-24,11:09:09,2026-07,AUD,Dólar Australiano,3.5395,3.5409
2026-07-24,10:09:11,2026-07,AUD,Dólar Australiano,3.5397,3.5411
2026-07-24,12:11:13,2026-07,USD,Dólar,5.0583,5.0589
2026-07-23,12:04:10,2026-07,USD,Dólar,5.0779,5.0785
2026-07-23,10:07:10,2026-07,GBP,Libra,6.7723,6.7746
2026-07-23,13:11:15,2026-07,USD,Dólar,5.0801,5.0807
2026-07-23,13:11:15,2026-07,USD,Dólar,5.0805,5.0811
2026-07-23,10:07:10,2026-07,EUR,Euro,5.7789,5.7806
2026-07-23,11:07:10,2026-07,USD,Dólar,5.0857,5.0863
2026-07-23,10:07:10,2026-07,USD,Dólar,5.0763,5.0769
2026-07-23,12:04:10,2026-07,GBP,Libra,6.7633,6.7656
2026-07-23,11:07:10,2026-07,EUR,Euro,5.784,5.7852
2026-07-23,11:07:10,2026-07,GBP,Libra,6.7777,6.78
2026-07-23,13:11:15,2026-07,GBP,Libra,6.7616,6.7645
2026-07-23,13:11:15,2026-07,EUR,Euro,5.7771,5.7788
2026-07-23,11:07:10,2026-07,AUD,Dólar Australiano,3.5458,3.5467
2026-07-23,12:04:10,2026-07,EUR,Euro,5.7741,5.7758
2026-07-23,13:11:15,2026-07,AUD,Dólar Australiano,3.5429,3.5438
2026-07-23,13:11:15,2026-07,AUD,Dólar Australiano,3.5431,3.5441
2026-07-23,13:11:15,2026-07,GBP,Libra,6.7611,6.7639
2026-07-23,12:04:10,2026-07,AUD,Dólar Australiano,3.5408,3.5423
2026-07-23,10:07:10,2026-07,AUD,Dólar Australiano,3.5422,3.5437
2026-07-23,13:11:15,2026-07,EUR,Euro,5.7775,5.7792
2026-07-22,10:05:15,2026-07,EUR,Euro,5.7919,5.7936
2026-07-22,13:03:20,2026-07,EUR,Euro,5.7722,5.7739
2026-07-22,13:03:20,2026-07,USD,Dólar,5.0632,5.0638
2026-07-22,13:03:20,2026-07,USD,Dólar,5.0576,5.0582
2026-07-22,12:09:14,2026-07,USD,Dólar,5.0621,5.0627
2026-07-22,13:03:20,2026-07,EUR,Euro,5.7786,5.7803
2026-07-22,12:09:14,2026-07,EUR,Euro,5.7748,5.776
2026-07-22,11:03:15,2026-07,EUR,Euro,5.7698,5.771
2026-07-22,13:03:20,2026-07,AUD,Dólar Australiano,3.5442,3.5457
2026-07-22,13:03:20,2026-07,GBP,Libra,6.7715,6.7738
2026-07-22,12:09:14,2026-07,AUD,Dólar Australiano,3.5404,3.5429
2026-07-22,10:05:15,2026-07,GBP,Libra,6.7825,6.7848
2026-07-22,11:03:15,2026-07,GBP,Libra,6.7658,6.7706
2026-07-22,12:09:14,2026-07,GBP,Libra,6.7695,6.7719
2026-07-22,13:03:20,2026-07,GBP,Libra,6.764,6.7664
2026-07-22,10:05:15,2026-07,USD,Dólar,5.0775,5.0781
2026-07-22,13:03:20,2026-07,AUD,Dólar Australiano,3.5403,3.5418
2026-07-22,11:03:15,2026-07,USD,Dólar,5.0555,5.0561
2026-07-22,11:03:15,2026-07,AUD,Dólar Australiano,3.5358,3.5372
2026-07-22,10:05:15,2026-07,AUD,Dólar Australiano,3.5456,3.5486
2026-07-21,10:09:11,2026-07,AUD,Dólar Australiano,3.5601,3.5615
2026-07-21,13:07:22,2026-07,AUD,Dólar Australiano,3.5567,3.5592
2026-07-21,13:07:22,2026-07,AUD,Dólar Australiano,3.5554,3.5578
2026-07-21,12:02:23,2026-07,AUD,Dólar Australiano,3.5582,3.5591
2026-07-21,11:07:16,2026-07,AUD,Dólar Australiano,3.5578,3.5588
2026-07-21,13:07:22,2026-07,GBP,Libra,6.789,6.7918
2026-07-21,13:07:22,2026-07,GBP,Libra,6.7865,6.7893
2026-07-21,12:02:23,2026-07,GBP,Libra,6.7912,6.7956
2026-07-21,11:07:16,2026-07,GBP,Libra,6.7957,6.7985
2026-07-21,10:09:11,2026-07,GBP,Libra,6.7944,6.7967
2026-07-21,13:07:22,2026-07,USD,Dólar,5.0755,5.0761
2026-07-21,13:07:22,2026-07,USD,Dólar,5.0774,5.078
2026-07-21,13:07:22,2026-07,EUR,Euro,5.7896,5.7908
2026-07-21,13:07:22,2026-07,EUR,Euro,5.7918,5.793
2026-07-21,12:02:23,2026-07,USD,Dólar,5.0802,5.0808
2026-07-21,11:07:16,2026-07,USD,Dólar,5.079,5.0796
2026-07-21,10:09:11,2026-07,USD,Dólar,5.075,5.0756
2026-07-21,12:02:23,2026-07,EUR,Euro,5.794,5.7957
2026-07-21,11:07:16,2026-07,EUR,Euro,5.7956,5.7968
2026-07-21,10:09:11,2026-07,EUR,Euro,5.7936,5.7953
2026-07-20,12:02:19,2026-07,GBP,Libra,6.8359,6.8393
2026-07-20,12:02:19,2026-07,AUD,Dólar Australiano,3.562,3.5629
2026-07-20,13:03:16,2026-07,AUD,Dólar Australiano,3.5611,3.5626
2026-07-20,13:03:16,2026-07,AUD,Dólar Australiano,3.5632,3.5646
2026-07-20,13:03:16,2026-07,EUR,Euro,5.8068,5.808
2026-07-20,13:03:16,2026-07,EUR,Euro,5.8035,5.8047
2026-07-20,13:03:16,2026-07,GBP,Libra,6.8266,6.8295
2026-07-20,13:03:16,2026-07,GBP,Libra,6.8227,6.8256
2026-07-20,10:02:17,2026-07,GBP,Libra,6.8531,6.8554
2026-07-20,11:08:12,2026-07,GBP,Libra,6.8425,6.8448
2026-07-20,10:02:17,2026-07,AUD,Dólar Australiano,3.5681,3.5691
2026-07-20,12:02:19,2026-07,EUR,Euro,5.8043,5.806
2026-07-20,11:08:12,2026-07,EUR,Euro,5.8054,5.8066
2026-07-20,10:02:17,2026-07,USD,Dólar,5.0937,5.0943
2026-07-20,11:08:12,2026-07,USD,Dólar,5.0862,5.0868
2026-07-20,12:02:19,2026-07,USD,Dólar,5.0893,5.0899
2026-07-20,13:03:16,2026-07,USD,Dólar,5.0859,5.0865
2026-07-20,13:03:16,2026-07,USD,Dólar,5.0888,5.0894
2026-07-20,10:02:17,2026-07,EUR,Euro,5.819,5.8202
2026-07-20,11:08:12,2026-07,AUD,Dólar Australiano,3.5654,3.5664
2026-07-17,11:09:10,2026-07,EUR,Euro,5.8573,5.8585
2026-07-17,11:09:10,2026-07,AUD,Dólar Australiano,3.573,3.5754
2026-07-17,13:10:18,2026-07,EUR,Euro,5.8533,5.855
2026-07-17,10:10:10,2026-07,AUD,Dólar Australiano,3.5711,3.5721
2026-07-17,13:10:18,2026-07,GBP,Libra,6.8685,6.8709
2026-07-17,12:02:14,2026-07,AUD,Dólar Australiano,3.5687,3.5701
2026-07-17,10:10:10,2026-07,EUR,Euro,5.8566,5.8578
2026-07-17,13:10:18,2026-07,AUD,Dólar Australiano,3.5732,3.5746
2026-07-17,12:02:14,2026-07,EUR,Euro,5.8484,5.8501
2026-07-17,10:10:10,2026-07,USD,Dólar,5.1243,5.1249
2026-07-17,11:09:10,2026-07,USD,Dólar,5.1218,5.1224
2026-07-17,12:02:14,2026-07,USD,Dólar,5.1127,5.1133
2026-07-17,13:10:18,2026-07,USD,Dólar,5.109,5.1096
2026-07-17,13:10:18,2026-07,GBP,Libra,6.8793,6.8816
2026-07-17,13:10:18,2026-07,USD,Dólar,5.117,5.1176
2026-07-17,10:10:10,2026-07,GBP,Libra,6.8824,6.8848
2026-07-17,11:09:10,2026-07,GBP,Libra,6.8888,6.8901
2026-07-17,13:10:18,2026-07,EUR,Euro,5.8442,5.8459
2026-07-17,13:10:18,2026-07,AUD,Dólar Australiano,3.5676,3.5691
2026-07-17,12:02:14,2026-07,GBP,Libra,6.8735,6.8759
2026-07-16,12:07:10,2026-07,AUD,Dólar Australiano,3.5715,3.5725
2026-07-16,10:02:18,2026-07,EUR,Euro,5.8361,5.8373
2026-07-16,13:06:22,2026-07,USD,Dólar,5.0969,5.0975
2026-07-16,13:06:22,2026-07,USD,Dólar,5.0934,5.094
2026-07-16,12:07:10,2026-07,USD,Dólar,5.0993,5.0999
2026-07-16,11:03:14,2026-07,USD,Dólar,5.0969,5.0975
2026-07-16,10:02:18,2026-07,USD,Dólar,5.0979,5.0985
2026-07-16,12:07:10,2026-07,EUR,Euro,5.8346,5.8358
2026-07-16,10:02:18,2026-07,AUD,Dólar Australiano,3.5665,3.569
2026-07-16,11:03:14,2026-07,AUD,Dólar Australiano,3.5699,3.5708
2026-07-16,11:03:14,2026-07,EUR,Euro,5.836,5.8371
2026-07-16,13:06:22,2026-07,AUD,Dólar Australiano,3.5659,3.5673
2026-07-16,13:06:22,2026-07,AUD,Dólar Australiano,3.5683,3.5698
2026-07-16,13:06:22,2026-07,EUR,Euro,5.8339,5.8356
2026-07-16,13:06:22,2026-07,EUR,Euro,5.8299,5.8316
2026-07-16,13:06:22,2026-07,GBP,Libra,6.8716,6.874
2026-07-16,13:06:22,2026-07,GBP,Libra,6.8669,6.8693
2026-07-16,12:07:10,2026-07,GBP,Libra,6.8774,6.8798
2026-07-16,11:03:14,2026-07,GBP,Libra,6.8849,6.8872
2026-07-16,10:02:18,2026-07,GBP,Libra,6.8796,6.8845
2026-07-15,12:03:10,2026-07,USD,Dólar,5.079,5.0796
2026-07-15,13:10:15,2026-07,USD,Dólar,5.08,5.0806
2026-07-15,13:10:15,2026-07,USD,Dólar,5.0721,5.0727
2026-07-15,10:04:10,2026-07,USD,Dólar,5.0619,5.0625
2026-07-15,10:04:10,2026-07,AUD,Dólar Australiano,3.5413,3.5422
2026-07-15,12:03:10,2026-07,AUD,Dólar Australiano,3.5548,3.5557
2026-07-15,13:10:15,2026-07,AUD,Dólar Australiano,3.5545,3.5559
2026-07-15,10:04:10,2026-07,EUR,Euro,5.7847,5.7859
2026-07-15,11:02:27,2026-07,EUR,Euro,5.7922,5.7933
2026-07-15,12:03:10,2026-07,EUR,Euro,5.8089,5.81
2026-07-15,13:10:15,2026-07,EUR,Euro,5.809,5.8102
2026-07-15,13:10:15,2026-07,EUR,Euro,5.7999,5.8011
2026-07-15,13:10:15,2026-07,AUD,Dólar Australiano,3.5489,3.5504
2026-07-15,11:02:27,2026-07,AUD,Dólar Australiano,3.5442,3.5456
2026-07-15,11:02:27,2026-07,USD,Dólar,5.0675,5.0681
2026-07-15,10:04:10,2026-07,GBP,Libra,6.7966,6.7989
2026-07-15,13:10:15,2026-07,GBP,Libra,6.8448,6.8471
2026-07-15,13:10:15,2026-07,GBP,Libra,6.8555,6.8578
2026-07-15,12:03:10,2026-07,GBP,Libra,6.845,6.8478
2026-07-15,11:02:27,2026-07,GBP,Libra,6.8112,6.8125
2026-07-14,10:09:13,2026-07,USD,Dólar,5.076,5.0766
2026-07-14,13:04:39,2026-07,EUR,Euro,5.7976,5.7988
2026-07-14,11:06:14,2026-07,EUR,Euro,5.8086,5.8098
2026-07-14,10:09:13,2026-07,EUR,Euro,5.809,5.8107
2026-07-14,13:04:39,2026-07,USD,Dólar,5.0736,5.0742
2026-07-14,13:04:39,2026-07,USD,Dólar,5.079,5.0796
2026-07-14,12:11:13,2026-07,USD,Dólar,5.0662,5.0668
2026-07-14,11:06:14,2026-07,USD,Dólar,5.073,5.0736
2026-07-14,13:04:39,2026-07,EUR,Euro,5.8038,5.805
2026-07-14,12:11:13,2026-07,EUR,Euro,5.7978,5.7995
2026-07-14,13:04:39,2026-07,GBP,Libra,6.7895,6.7908
2026-07-14,12:11:13,2026-07,GBP,Libra,6.7907,6.7931
2026-07-14,11:06:14,2026-07,GBP,Libra,6.8044,6.8072
2026-07-14,10:09:13,2026-07,GBP,Libra,6.8059,6.8072
2026-07-14,13:04:39,2026-07,AUD,Dólar Australiano,3.5373,3.5387
2026-07-14,13:04:39,2026-07,AUD,Dólar Australiano,3.5411,3.5425
2026-07-14,12:11:13,2026-07,AUD,Dólar Australiano,3.5392,3.5407
2026-07-14,11:06:14,2026-07,AUD,Dólar Australiano,3.5404,3.5429
2026-07-14,10:09:13,2026-07,AUD,Dólar Australiano,3.5364,3.5389
2026-07-14,13:04:39,2026-07,GBP,Libra,6.7967,6.798
2026-07-13,13:02:42,2026-07,AUD,Dólar Australiano,3.5502,3.5511
2026-07-13,11:10:14,2026-07,AUD,Dólar Australiano,3.5507,3.5521
2026-07-13,10:11:02,2026-07,AUD,Dólar Australiano,3.5486,3.5495
2026-07-13,13:02:42,2026-07,AUD,Dólar Australiano,3.5486,3.5495
2026-07-13,13:02:42,2026-07,EUR,Euro,5.8347,5.8364
2026-07-13,13:02:42,2026-07,EUR,Euro,5.8373,5.839
2026-07-13,12:08:15,2026-07,GBP,Libra,6.8525,6.8548
2026-07-13,11:10:14,2026-07,EUR,Euro,5.8436,5.8448
2026-07-13,10:11:02,2026-07,EUR,Euro,5.8399,5.8411
2026-07-13,10:11:02,2026-07,GBP,Libra,6.8448,6.8471
2026-07-13,11:10:14,2026-07,GBP,Libra,6.8515,6.8539
2026-07-13,13:02:42,2026-07,GBP,Libra,6.85,6.8524
2026-07-13,13:02:42,2026-07,GBP,Libra,6.847,6.8493
2026-07-13,12:08:15,2026-07,EUR,Euro,5.8423,5.844
2026-07-13,12:08:15,2026-07,AUD,Dólar Australiano,3.5525,3.554
2026-07-13,12:08:15,2026-07,USD,Dólar,5.1226,5.1232
2026-07-13,13:02:42,2026-07,USD,Dólar,5.1177,5.1183
2026-07-13,13:02:42,2026-07,USD,Dólar,5.12,5.1206
2026-07-13,11:10:14,2026-07,USD,Dólar,5.1192,5.1198
2026-07-13,10:11:02,2026-07,USD,Dólar,5.1088,5.1094
2026-07-10,13:04:16,2026-07,EUR,Euro,5.8361,5.8373
2026-07-10,12:07:10,2026-07,EUR,Euro,5.8349,5.8366
2026-07-10,11:08:10,2026-07,AUD,Dólar Australiano,3.5488,3.5502
2026-07-10,13:04:16,2026-07,USD,Dólar,5.1028,5.1034
2026-07-10,10:03:10,2026-07,EUR,Euro,5.8432,5.8444
2026-07-10,12:07:10,2026-07,USD,Dólar,5.1089,5.1095
2026-07-10,11:08:10,2026-07,USD,Dólar,5.1084,5.109
2026-07-10,10:03:10,2026-07,USD,Dólar,5.1126,5.1132
2026-07-10,13:04:16,2026-07,AUD,Dólar Australiano,3.5543,3.5552
2026-07-10,13:04:16,2026-07,AUD,Dólar Australiano,3.5505,3.5515
2026-07-10,12:07:10,2026-07,AUD,Dólar Australiano,3.5481,3.5491
2026-07-10,11:08:10,2026-07,EUR,Euro,5.8333,5.835
2026-07-10,13:04:16,2026-07,USD,Dólar,5.1082,5.1088
2026-07-10,10:03:10,2026-07,AUD,Dólar Australiano,3.5527,3.5537
2026-07-10,13:04:16,2026-07,GBP,Libra,6.8547,6.8565
2026-07-10,13:04:16,2026-07,GBP,Libra,6.8474,6.8493
2026-07-10,12:07:10,2026-07,GBP,Libra,6.85,6.8518
2026-07-10,11:08:10,2026-07,GBP,Libra,6.8473,6.8496
2026-07-10,13:04:16,2026-07,EUR,Euro,5.8422,5.8434
2026-07-10,10:03:10,2026-07,GBP,Libra,6.8611,6.8624
2026-07-09,11:03:11,2026-07,USD,Dólar,5.1383,5.1389
2026-07-09,13:04:17,2026-07,AUD,Dólar Australiano,3.5634,3.5643
2026-07-09,13:04:17,2026-07,AUD,Dólar Australiano,3.555,3.556
2026-07-09,12:07:11,2026-07,AUD,Dólar Australiano,3.5549,3.5563
2026-07-09,11:03:11,2026-07,AUD,Dólar Australiano,3.566,3.5674
2026-07-09,10:06:10,2026-07,AUD,Dólar Australiano,3.5673,3.5683
2026-07-09,13:04:17,2026-07,GBP,Libra,6.8804,6.8827
2026-07-09,13:04:17,2026-07,GBP,Libra,6.8643,6.8666
2026-07-09,10:06:10,2026-07,USD,Dólar,5.1462,5.1468
2026-07-09,13:04:17,2026-07,EUR,Euro,5.8708,5.872
2026-07-09,12:07:11,2026-07,USD,Dólar,5.1245,5.1251
2026-07-09,13:04:17,2026-07,EUR,Euro,5.8571,5.8583
2026-07-09,13:04:17,2026-07,USD,Dólar,5.1323,5.1329
2026-07-09,12:07:11,2026-07,GBP,Libra,6.8617,6.864
2026-07-09,11:03:11,2026-07,GBP,Libra,6.8863,6.8877
2026-07-09,10:06:10,2026-07,GBP,Libra,6.8882,6.8905
2026-07-09,10:06:10,2026-07,EUR,Euro,5.879,5.8807
2026-07-09,11:03:11,2026-07,EUR,Euro,5.8777,5.8794
2026-07-09,12:07:11,2026-07,EUR,Euro,5.8583,5.8595
2026-07-09,13:04:17,2026-07,USD,Dólar,5.1203,5.1209
2026-07-08,10:04:10,2026-07,USD,Dólar,5.1449,5.1455
2026-07-08,13:04:27,2026-07,EUR,Euro,5.8816,5.8833
2026-07-08,11:10:12,2026-07,USD,Dólar,5.1524,5.153
2026-07-08,12:04:11,2026-07,USD,Dólar,5.1591,5.1597
2026-07-08,13:04:27,2026-07,USD,Dólar,5.162,5.1626
2026-07-08,13:04:28,2026-07,USD,Dólar,5.1546,5.1552
2026-07-08,13:04:28,2026-07,EUR,Euro,5.8732,5.8749
2026-07-08,12:04:11,2026-07,GBP,Libra,6.8977,6.9001
2026-07-08,11:10:12,2026-07,AUD,Dólar Australiano,3.567,3.5679
2026-07-08,13:04:28,2026-07,AUD,Dólar Australiano,3.5618,3.5628
2026-07-08,10:04:10,2026-07,EUR,Euro,5.8626,5.8643
2026-07-08,12:04:11,2026-07,EUR,Euro,5.885,5.8862
2026-07-08,11:10:12,2026-07,EUR,Euro,5.8789,5.8801
2026-07-08,13:04:27,2026-07,GBP,Libra,6.8959,6.8983
2026-07-08,13:04:28,2026-07,GBP,Libra,6.886,6.8884
2026-07-08,13:04:27,2026-07,AUD,Dólar Australiano,3.5669,3.5679
2026-07-08,12:04:11,2026-07,AUD,Dólar Australiano,3.568,3.571
2026-07-08,11:10:12,2026-07,GBP,Libra,6.8882,6.8906
2026-07-08,10:04:10,2026-07,AUD,Dólar Australiano,3.5608,3.5617
2026-07-08,10:04:10,2026-07,GBP,Libra,6.8628,6.8656
2026-07-07,11:07:14,2026-07,USD,Dólar,5.1451,5.1457
2026-07-07,12:11:15,2026-07,USD,Dólar,5.1426,5.1432
2026-07-07,12:11:15,2026-07,GBP,Libra,6.8793,6.8811
2026-07-07,13:06:24,2026-07,GBP,Libra,6.8862,6.888
2026-07-07,10:10:13,2026-07,USD,Dólar,5.1431,5.1437
2026-07-07,13:06:24,2026-07,EUR,Euro,5.8774,5.8786
2026-07-07,13:06:24,2026-07,EUR,Euro,5.883,5.8842
2026-07-07,12:11:15,2026-07,EUR,Euro,5.879,5.8802
2026-07-07,11:07:14,2026-07,EUR,Euro,5.8839,5.8851
2026-07-07,10:10:13,2026-07,GBP,Libra,6.8846,6.8859
2026-07-07,13:06:24,2026-07,GBP,Libra,6.8796,6.8815
2026-07-07,13:06:24,2026-07,USD,Dólar,5.1452,5.1458
2026-07-07,13:06:24,2026-07,USD,Dólar,5.1501,5.1507
2026-07-07,10:10:13,2026-07,EUR,Euro,5.8816,5.8828
2026-07-07,11:07:14,2026-07,GBP,Libra,6.8795,6.8813
2026-07-07,13:06:24,2026-07,AUD,Dólar Australiano,3.5677,3.5686
2026-07-07,13:06:24,2026-07,AUD,Dólar Australiano,3.5711,3.572
2026-07-07,12:11:15,2026-07,AUD,Dólar Australiano,3.5685,3.5699
2026-07-07,11:07:14,2026-07,AUD,Dólar Australiano,3.5707,3.5716
2026-07-07,10:10:13,2026-07,AUD,Dólar Australiano,3.5745,3.5759
2026-07-06,13:10:16,2026-07,GBP,Libra,6.8859,6.8882
2026-07-06,13:10:16,2026-07,GBP,Libra,6.9054,6.9078
2026-07-06,10:02:25,2026-07,USD,Dólar,5.1769,5.1775
2026-07-06,11:03:13,2026-07,USD,Dólar,5.1694,5.17
2026-07-06,12:07:10,2026-07,USD,Dólar,5.1674,5.168
2026-07-06,13:10:16,2026-07,USD,Dólar,5.1518,5.1524
2026-07-06,13:10:16,2026-07,USD,Dólar,5.1664,5.167
2026-07-06,13:10:16,2026-07,AUD,Dólar Australiano,3.5865,3.588
2026-07-06,13:10:16,2026-07,AUD,Dólar Australiano,3.5764,3.5778
2026-07-06,10:02:25,2026-07,EUR,Euro,5.9079,5.9096
2026-07-06,11:03:13,2026-07,EUR,Euro,5.8988,5.9
2026-07-06,12:07:10,2026-07,EUR,Euro,5.8991,5.9008
2026-07-06,13:10:16,2026-07,EUR,Euro,5.8859,5.8876
2026-07-06,13:10:16,2026-07,EUR,Euro,5.9026,5.9043
2026-07-06,12:07:10,2026-07,AUD,Dólar Australiano,3.5846,3.5856
2026-07-06,11:03:13,2026-07,AUD,Dólar Australiano,3.5824,3.5833
2026-07-06,10:02:25,2026-07,AUD,Dólar Australiano,3.585,3.5865
2026-07-06,10:02:25,2026-07,GBP,Libra,6.9055,6.9099
2026-07-06,11:03:13,2026-07,GBP,Libra,6.8991,6.9014
2026-07-06,12:07:10,2026-07,GBP,Libra,6.8995,6.9039
2026-07-03,12:10:14,2026-07,USD,Dólar,5.1672,5.1678
2026-07-03,10:03:14,2026-07,GBP,Libra,6.9088,6.9117
2026-07-03,11:02:19,2026-07,GBP,Libra,6.91,6.9129
2026-07-03,12:10:14,2026-07,GBP,Libra,6.9003,6.9037
2026-07-03,13:08:41,2026-07,GBP,Libra,6.898,6.9014
2026-07-03,13:08:41,2026-07,GBP,Libra,6.905,6.9084
2026-07-03,13:08:41,2026-07,USD,Dólar,5.1711,5.1717
2026-07-03,13:08:41,2026-07,USD,Dólar,5.1659,5.1665
2026-07-03,13:08:41,2026-07,EUR,Euro,5.9137,5.9154
2026-07-03,11:02:19,2026-07,USD,Dólar,5.1772,5.1778
2026-07-03,12:10:14,2026-07,EUR,Euro,5.9118,5.9135
2026-07-03,11:02:19,2026-07,AUD,Dólar Australiano,3.5904,3.5918
2026-07-03,12:10:14,2026-07,AUD,Dólar Australiano,3.5829,3.5844
2026-07-03,13:08:41,2026-07,AUD,Dólar Australiano,3.5826,3.5845
2026-07-03,13:08:41,2026-07,AUD,Dólar Australiano,3.5862,3.5881
2026-07-03,10:03:14,2026-07,USD,Dólar,5.174,5.1746
2026-07-03,13:08:41,2026-07,EUR,Euro,5.9077,5.9094
2026-07-03,10:03:14,2026-07,EUR,Euro,5.9222,5.9239
2026-07-03,11:02:19,2026-07,EUR,Euro,5.9222,5.9239
2026-07-03,10:03:14,2026-07,AUD,Dólar Australiano,3.5892,3.5901
2026-07-02,11:05:10,2026-07,GBP,Libra,6.9323,6.9362
2026-07-02,10:06:13,2026-07,GBP,Libra,6.9371,6.94
2026-07-02,13:03:26,2026-07,USD,Dólar,5.1939,5.1945
2026-07-02,13:03:26,2026-07,USD,Dólar,5.1987,5.1993
2026-07-02,12:10:10,2026-07,USD,Dólar,5.2019,5.2025
2026-07-02,11:05:10,2026-07,USD,Dólar,5.1842,5.1848
2026-07-02,12:10:10,2026-07,GBP,Libra,6.9575,6.9589
2026-07-02,13:03:26,2026-07,GBP,Libra,6.946,6.9483
2026-07-02,13:03:26,2026-07,GBP,Libra,6.9396,6.9419
2026-07-02,10:06:13,2026-07,USD,Dólar,5.1909,5.1915
2026-07-02,13:03:26,2026-07,AUD,Dólar Australiano,3.6022,3.6036
2026-07-02,12:10:10,2026-07,AUD,Dólar Australiano,3.607,3.6085
2026-07-02,11:05:10,2026-07,AUD,Dólar Australiano,3.5968,3.5977
2026-07-02,10:06:13,2026-07,AUD,Dólar Australiano,3.5942,3.5956
2026-07-02,11:05:10,2026-07,EUR,Euro,5.9349,5.9376
2026-07-02,10:06:13,2026-07,EUR,Euro,5.9441,5.9458
2026-07-02,13:03:26,2026-07,AUD,Dólar Australiano,3.5989,3.6003
2026-07-02,12:10:10,2026-07,EUR,Euro,5.9531,5.9543
2026-07-02,13:03:26,2026-07,EUR,Euro,5.951,5.9527
2026-07-02,13:03:26,2026-07,EUR,Euro,5.9455,5.9472
2026-07-01,13:11:17,2026-07,AUD,Dólar Australiano,3.5866,3.588
2026-07-01,12:08:12,2026-07,AUD,Dólar Australiano,3.5936,3.5951
2026-07-01,11:11:13,2026-07,AUD,Dólar Australiano,3.5787,3.5807
2026-07-01,10:11:12,2026-07,AUD,Dólar Australiano,3.578,3.5795
2026-07-01,12:08:12,2026-07,GBP,Libra,6.9114,6.9142
2026-07-01,13:11:17,2026-07,GBP,Libra,6.8987,6.9016
2026-07-01,13:11:18,2026-07,GBP,Libra,6.8961,6.899
2026-07-01,13:11:18,2026-07,AUD,Dólar Australiano,3.5852,3.5866
2026-07-01,11:11:13,2026-07,GBP,Libra,6.8739,6.8794
2026-07-01,10:11:12,2026-07,GBP,Libra,6.872,6.8749
2026-07-01,10:11:12,2026-07,EUR,Euro,5.9036,5.9054
2026-07-01,11:11:13,2026-07,EUR,Euro,5.9063,5.9091
2026-07-01,12:08:12,2026-07,EUR,Euro,5.9321,5.9333
2026-07-01,13:11:17,2026-07,EUR,Euro,5.9156,5.9168
2026-07-01,13:11:18,2026-07,EUR,Euro,5.9133,5.9145
2026-07-01,10:11:12,2026-07,USD,Dólar,5.1923,5.1929
2026-07-01,11:11:13,2026-07,USD,Dólar,5.1828,5.1834
2026-07-01,12:08:12,2026-07,USD,Dólar,5.2059,5.2065
2026-07-01,13:11:17,2026-07,USD,Dólar,5.1964,5.197
2026-07-01,13:11:18,2026-07,USD,Dólar,5.1944,5.195
2026-06-30,13:09:20,2026-06,GBP,Libra,6.8608,6.8637
2026-06-30,13:09:20,2026-06,GBP,Libra,6.8534,6.8562
2026-06-30,11:09:59,2026-06,GBP,Libra,6.8428,6.8446
2026-06-30,12:05:14,2026-06,GBP,Libra,6.8668,6.8686
2026-06-30,10:05:15,2026-06,EUR,Euro,5.9058,5.9075
2026-06-30,11:09:59,2026-06,EUR,Euro,5.8986,5.8998
2026-06-30,12:05:14,2026-06,EUR,Euro,5.9153,5.9165
2026-06-30,13:09:20,2026-06,EUR,Euro,5.903,5.9042
2026-06-30,13:09:20,2026-06,EUR,Euro,5.9094,5.9106
2026-06-30,10:05:15,2026-06,GBP,Libra,6.8486,6.8514
2026-06-30,10:05:15,2026-06,USD,Dólar,5.1828,5.1834
2026-06-30,13:09:20,2026-06,AUD,Dólar Australiano,3.5782,3.5796
2026-06-30,13:09:20,2026-06,USD,Dólar,5.176,5.1766
2026-06-30,13:09:20,2026-06,USD,Dólar,5.1704,5.171
2026-06-30,12:05:14,2026-06,USD,Dólar,5.1743,5.1749
2026-06-30,11:09:59,2026-06,USD,Dólar,5.1765,5.1771
2026-06-30,10:05:15,2026-06,AUD,Dólar Australiano,3.5684,3.5693
2026-06-30,11:09:59,2026-06,AUD,Dólar Australiano,3.5676,3.5686
2026-06-30,12:05:14,2026-06,AUD,Dólar Australiano,3.5832,3.5847
2026-06-30,13:09:20,2026-06,AUD,Dólar Australiano,3.5743,3.5757
2026-06-29,13:06:58,2026-06,GBP,Libra,6.8527,6.8551
2026-06-29,13:06:58,2026-06,AUD,Dólar Australiano,3.5593,3.5607
2026-06-29,13:06:58,2026-06,AUD,Dólar Australiano,3.5631,3.5646
2026-06-29,11:05:13,2026-06,EUR,Euro,5.8994,5.9006
2026-06-29,10:08:10,2026-06,EUR,Euro,5.8849,5.8866
2026-06-29,13:06:58,2026-06,EUR,Euro,5.9069,5.9087
2026-06-29,12:04:09,2026-06,AUD,Dólar Australiano,3.561,3.5624
2026-06-29,11:05:13,2026-06,AUD,Dólar Australiano,3.5614,3.5623
2026-06-29,10:08:10,2026-06,AUD,Dólar Australiano,3.5587,3.5612
2026-06-29,12:04:09,2026-06,EUR,Euro,5.9113,5.913
2026-06-29,13:06:58,2026-06,EUR,Euro,5.9133,5.9151
2026-06-29,13:06:58,2026-06,USD,Dólar,5.1711,5.1717
2026-06-29,13:06:58,2026-06,GBP,Libra,6.8602,6.8625
2026-06-29,12:04:09,2026-06,GBP,Libra,6.8543,6.8567
2026-06-29,11:05:13,2026-06,GBP,Libra,6.843,6.8459
2026-06-29,10:08:10,2026-06,GBP,Libra,6.8299,6.8328
2026-06-29,13:06:58,2026-06,USD,Dólar,5.1767,5.1773
2026-06-29,10:08:10,2026-06,USD,Dólar,5.1613,5.1619
2026-06-29,12:04:09,2026-06,USD,Dólar,5.1758,5.1764
2026-06-29,11:05:13,2026-06,USD,Dólar,5.1704,5.171
2026-06-26,10:03:14,2026-06,USD,Dólar,5.1768,5.1774
2026-06-26,11:03:13,2026-06,EUR,Euro,5.9082,5.9109
2026-06-26,13:04:23,2026-06,AUD,Dólar Australiano,3.5611,3.5636
2026-06-26,13:04:23,2026-06,AUD,Dólar Australiano,3.5686,3.5711
2026-06-26,10:03:14,2026-06,EUR,Euro,5.916,5.9178
2026-06-26,13:04:23,2026-06,EUR,Euro,5.8941,5.8953
2026-06-26,12:10:11,2026-06,EUR,Euro,5.8903,5.892
2026-06-26,13:04:23,2026-06,EUR,Euro,5.8817,5.8829
2026-06-26,10:03:14,2026-06,AUD,Dólar Australiano,3.573,3.5755
2026-06-26,13:04:23,2026-06,USD,Dólar,5.1689,5.1695
2026-06-26,13:04:23,2026-06,USD,Dólar,5.158,5.1586
2026-06-26,12:10:11,2026-06,USD,Dólar,5.1701,5.1707
2026-06-26,11:03:13,2026-06,USD,Dólar,5.1708,5.1714
2026-06-26,12:10:11,2026-06,AUD,Dólar Australiano,3.5669,3.5678
2026-06-26,11:03:13,2026-06,AUD,Dólar Australiano,3.5741,3.5755
2026-06-26,12:10:11,2026-06,GBP,Libra,6.823,6.8248
2026-06-26,13:04:23,2026-06,GBP,Libra,6.8189,6.8212
2026-06-26,10:03:14,2026-06,GBP,Libra,6.8386,6.8409
2026-06-26,11:03:13,2026-06,GBP,Libra,6.8399,6.8418
2026-06-26,13:04:23,2026-06,GBP,Libra,6.8333,6.8356
2026-06-25,13:10:22,2026-06,AUD,Dólar Australiano,3.5895,3.592
2026-06-25,11:06:15,2026-06,USD,Dólar,5.19,5.1906
2026-06-25,12:02:24,2026-06,USD,Dólar,5.1896,5.1902
2026-06-25,13:10:22,2026-06,USD,Dólar,5.1687,5.1693
2026-06-25,13:10:22,2026-06,USD,Dólar,5.1886,5.1892
2026-06-25,13:10:22,2026-06,AUD,Dólar Australiano,3.5757,3.5782
2026-06-25,13:10:22,2026-06,EUR,Euro,5.8835,5.8852
2026-06-25,13:10:22,2026-06,GBP,Libra,6.8557,6.858
2026-06-25,13:10:22,2026-06,GBP,Libra,6.8294,6.8317
2026-06-25,12:02:24,2026-06,GBP,Libra,6.8503,6.8531
2026-06-25,11:06:15,2026-06,GBP,Libra,6.8441,6.8469
2026-06-25,10:08:09,2026-06,GBP,Libra,6.8596,6.8609
2026-06-25,13:10:22,2026-06,EUR,Euro,5.9062,5.9079
2026-06-25,10:08:09,2026-06,USD,Dólar,5.2061,5.2067
2026-06-25,12:02:24,2026-06,EUR,Euro,5.9032,5.9044
2026-06-25,12:02:24,2026-06,AUD,Dólar Australiano,3.5834,3.5859
2026-06-25,11:06:15,2026-06,AUD,Dólar Australiano,3.5769,3.5784
2026-06-25,10:08:09,2026-06,AUD,Dólar Australiano,3.5938,3.5963
2026-06-25,10:08:09,2026-06,EUR,Euro,5.9105,5.9122
2026-06-25,11:06:15,2026-06,EUR,Euro,5.8969,5.8986
2026-06-24,10:04:12,2026-06,GBP,Libra,6.858,6.8593
2026-06-24,13:08:18,2026-06,GBP,Libra,6.8543,6.8556
2026-06-24,13:08:18,2026-06,AUD,Dólar Australiano,3.5907,3.5922
2026-06-24,13:08:18,2026-06,AUD,Dólar Australiano,3.5898,3.5913
2026-06-24,12:06:11,2026-06,AUD,Dólar Australiano,3.5913,3.5927
2026-06-24,11:05:12,2026-06,AUD,Dólar Australiano,3.5898,3.5907
2026-06-24,10:04:12,2026-06,AUD,Dólar Australiano,3.5935,3.5945
2026-06-24,10:04:12,2026-06,EUR,Euro,5.9078,5.909
2026-06-24,12:06:11,2026-06,GBP,Libra,6.8501,6.8525
2026-06-24,11:05:12,2026-06,GBP,Libra,6.8481,6.8504
2026-06-24,11:05:12,2026-06,EUR,Euro,5.9026,5.9043
2026-06-24,12:06:11,2026-06,EUR,Euro,5.9096,5.9113
2026-06-24,13:08:18,2026-06,EUR,Euro,5.9099,5.9111
2026-06-24,13:08:18,2026-06,EUR,Euro,5.9114,5.9126
2026-06-24,10:04:12,2026-06,USD,Dólar,5.2148,5.2154
2026-06-24,11:05:12,2026-06,USD,Dólar,5.2033,5.2039
2026-06-24,12:06:11,2026-06,USD,Dólar,5.2108,5.2114
2026-06-24,13:08:18,2026-06,USD,Dólar,5.2079,5.2085
2026-06-24,13:08:18,2026-06,USD,Dólar,5.2092,5.2098
2026-06-24,13:08:18,2026-06,GBP,Libra,6.8526,6.8539
2026-06-23,13:08:03,2026-06,USD,Dólar,5.1737,5.1743
2026-06-23,13:08:03,2026-06,USD,Dólar,5.1815,5.1821
2026-06-23,12:02:14,2026-06,USD,Dólar,5.1736,5.1742
2026-06-23,11:07:12,2026-06,USD,Dólar,5.1707,5.1713
2026-06-23,10:11:11,2026-06,USD,Dólar,5.169,5.1696
2026-06-23,13:08:03,2026-06,EUR,Euro,5.8887,5.8904
2026-06-23,13:08:03,2026-06,GBP,Libra,6.8236,6.8259
2026-06-23,10:11:11,2026-06,EUR,Euro,5.8865,5.8877
2026-06-23,13:08:03,2026-06,AUD,Dólar Australiano,3.5823,3.5832
2026-06-23,13:08:03,2026-06,AUD,Dólar Australiano,3.5877,3.5886
2026-06-23,12:02:14,2026-06,AUD,Dólar Australiano,3.5848,3.5862
2026-06-23,11:07:12,2026-06,AUD,Dólar Australiano,3.5869,3.5878
2026-06-23,10:11:11,2026-06,AUD,Dólar Australiano,3.5852,3.5862
2026-06-23,13:08:03,2026-06,EUR,Euro,5.8976,5.8993
2026-06-23,13:08:03,2026-06,GBP,Libra,6.8339,6.8362
2026-06-23,11:07:12,2026-06,EUR,Euro,5.8889,5.8906
2026-06-23,12:02:14,2026-06,EUR,Euro,5.8881,5.8898
2026-06-23,11:07:12,2026-06,GBP,Libra,6.8315,6.8344
2026-06-23,10:11:11,2026-06,GBP,Libra,6.8282,6.8306
2026-06-23,12:02:14,2026-06,GBP,Libra,6.8286,6.831
2026-06-22,11:11:12,2026-06,GBP,Libra,6.803,6.8054
2026-06-22,10:03:13,2026-06,GBP,Libra,6.8289,6.8313
2026-06-22,13:06:19,2026-06,EUR,Euro,5.8743,5.876
2026-06-22,13:06:19,2026-06,EUR,Euro,5.8678,5.8695
2026-06-22,10:03:13,2026-06,AUD,Dólar Australiano,3.6089,3.6098
2026-06-22,12:04:13,2026-06,EUR,Euro,5.8735,5.8747
2026-06-22,12:04:13,2026-06,AUD,Dólar Australiano,3.5973,3.5982
2026-06-22,13:06:19,2026-06,AUD,Dólar Australiano,3.5927,3.5937
2026-06-22,13:06:19,2026-06,AUD,Dólar Australiano,3.5967,3.5977
2026-06-22,13:06:19,2026-06,GBP,Libra,6.7984,6.8013
2026-06-22,13:06:19,2026-06,GBP,Libra,6.806,6.8088
2026-06-22,11:11:12,2026-06,AUD,Dólar Australiano,3.5986,3.5995
2026-06-22,13:06:19,2026-06,USD,Dólar,5.1389,5.1395
2026-06-22,13:06:19,2026-06,USD,Dólar,5.1332,5.1338
2026-06-22,12:04:13,2026-06,USD,Dólar,5.1324,5.133
2026-06-22,11:11:12,2026-06,USD,Dólar,5.1394,5.14
2026-06-22,10:03:13,2026-06,USD,Dólar,5.1504,5.151
2026-06-22,11:11:12,2026-06,EUR,Euro,5.8733,5.8745
2026-06-22,10:03:13,2026-06,EUR,Euro,5.8993,5.9005
2026-06-22,12:04:13,2026-06,GBP,Libra,6.8066,6.8079
2026-06-19,12:03:09,2026-06,GBP,Libra,6.7932,6.7956
2026-06-19,13:03:25,2026-06,EUR,Euro,5.8966,5.8978
2026-06-19,13:03:25,2026-06,EUR,Euro,5.896,5.8973
2026-06-19,12:03:09,2026-06,EUR,Euro,5.8889,5.8906
2026-06-19,13:03:25,2026-06,GBP,Libra,6.7981,6.801
2026-06-19,10:24:24,2026-06,AUD,Dólar Australiano,3.61528,3.6167
2026-06-19,11:08:09,2026-06,AUD,Dólar Australiano,3.6048,3.6058
2026-06-19,12:03:09,2026-06,AUD,Dólar Australiano,3.6012,3.6022
2026-06-19,13:03:25,2026-06,AUD,Dólar Australiano,3.6043,3.6057
2026-06-19,13:03:25,2026-06,AUD,Dólar Australiano,3.6046,3.6061
2026-06-19,10:24:24,2026-06,EUR,Euro,5.90729,5.909
2026-06-19,13:03:25,2026-06,USD,Dólar,5.1436,5.1442
2026-06-19,13:03:25,2026-06,USD,Dólar,5.1431,5.1437
2026-06-19,12:03:09,2026-06,USD,Dólar,5.1351,5.1357
2026-06-19,11:08:09,2026-06,USD,Dólar,5.1431,5.1438
2026-06-19,10:24:24,2026-06,USD,Dólar,5.1529,5.1535
2026-06-19,11:08:09,2026-06,EUR,Euro,5.895,5.8963
2026-06-19,13:03:25,2026-06,GBP,Libra,6.7988,6.8017
2026-06-19,10:24:24,2026-06,GBP,Libra,6.81729,6.8191
2026-06-19,11:08:09,2026-06,GBP,Libra,6.7981,6.8011
2026-06-18,13:11:31,2026-06,GBP,Libra,6.825,6.8274
2026-06-18,10:06:09,2026-06,EUR,Euro,5.8958,5.897
2026-06-18,11:08:09,2026-06,EUR,Euro,5.9226,5.9243
2026-06-18,12:02:14,2026-06,EUR,Euro,5.9282,5.9299
2026-06-18,13:11:31,2026-06,AUD,Dólar Australiano,3.6218,3.6232
2026-06-18,13:11:31,2026-06,AUD,Dólar Australiano,3.634,3.6354
2026-06-18,12:02:14,2026-06,AUD,Dólar Australiano,3.6309,3.6324
2026-06-18,11:08:09,2026-06,AUD,Dólar Australiano,3.6271,3.6285
2026-06-18,10:06:09,2026-06,GBP,Libra,6.8015,6.8038
2026-06-18,11:08:09,2026-06,GBP,Libra,6.8339,6.8362
2026-06-18,12:02:14,2026-06,GBP,Libra,6.8396,6.8409
2026-06-18,13:11:31,2026-06,GBP,Libra,6.848,6.8504
2026-06-18,13:11:31,2026-06,EUR,Euro,5.9183,5.9205
2026-06-18,13:11:31,2026-06,USD,Dólar,5.1607,5.1613
2026-06-18,13:11:31,2026-06,USD,Dólar,5.1781,5.1787
2026-06-18,12:02:14,2026-06,USD,Dólar,5.1612,5.1618
2026-06-18,11:08:09,2026-06,USD,Dólar,5.1631,5.1637
2026-06-18,10:06:09,2026-06,USD,Dólar,5.1402,5.1408
2026-06-18,10:06:09,2026-06,AUD,Dólar Australiano,3.6069,3.6083
2026-06-18,13:11:31,2026-06,EUR,Euro,5.9382,5.9405
2026-06-17,12:03:14,2026-06,EUR,Euro,5.8635,5.8652
2026-06-17,13:04:39,2026-06,AUD,Dólar Australiano,3.5799,3.5823
2026-06-17,13:04:39,2026-06,AUD,Dólar Australiano,3.5759,3.5784
2026-06-17,10:11:13,2026-06,EUR,Euro,5.8817,5.8834
2026-06-17,12:03:14,2026-06,AUD,Dólar Australiano,3.5749,3.5763
2026-06-17,11:07:12,2026-06,AUD,Dólar Australiano,3.5806,3.582
2026-06-17,11:07:12,2026-06,EUR,Euro,5.8749,5.8761
2026-06-17,10:11:13,2026-06,GBP,Libra,6.8004,6.8032
2026-06-17,12:03:14,2026-06,GBP,Libra,6.7753,6.7787
2026-06-17,13:04:39,2026-06,GBP,Libra,6.7756,6.7769
2026-06-17,10:11:13,2026-06,USD,Dólar,5.07,5.0706
2026-06-17,11:07:12,2026-06,USD,Dólar,5.0659,5.0665
2026-06-17,12:03:14,2026-06,USD,Dólar,5.06,5.0606
2026-06-17,13:04:39,2026-06,USD,Dólar,5.0579,5.0585
2026-06-17,13:04:39,2026-06,USD,Dólar,5.0635,5.0641
2026-06-17,13:04:39,2026-06,GBP,Libra,6.7831,6.7844
2026-06-17,10:11:13,2026-06,AUD,Dólar Australiano,3.5814,3.5824
2026-06-17,11:07:12,2026-06,GBP,Libra,6.7908,6.7932
2026-06-17,13:04:39,2026-06,EUR,Euro,5.8696,5.8713
2026-06-17,13:04:39,2026-06,EUR,Euro,5.8631,5.8648
2026-06-16,10:11:11,2026-06,USD,Dólar,5.0673,5.0679
2026-06-16,12:10:10,2026-06,AUD,Dólar Australiano,3.602,3.6034
2026-06-16,11:05:12,2026-06,AUD,Dólar Australiano,3.5878,3.5893
2026-06-16,10:11:11,2026-06,AUD,Dólar Australiano,3.5816,3.583
2026-06-16,13:08:18,2026-06,AUD,Dólar Australiano,3.594,3.5949
2026-06-16,11:05:12,2026-06,USD,Dólar,5.0733,5.0739
2026-06-16,13:08:18,2026-06,USD,Dólar,5.0791,5.0797
2026-06-16,13:08:18,2026-06,AUD,Dólar Australiano,3.5928,3.5937
2026-06-16,13:08:18,2026-06,EUR,Euro,5.8969,5.8981
2026-06-16,13:08:18,2026-06,USD,Dólar,5.0774,5.078
2026-06-16,13:08:18,2026-06,GBP,Libra,6.822,6.8248
2026-06-16,13:08:18,2026-06,GBP,Libra,6.8243,6.8271
2026-06-16,12:10:10,2026-06,GBP,Libra,6.8334,6.8358
2026-06-16,11:05:12,2026-06,GBP,Libra,6.8028,6.8051
2026-06-16,10:11:11,2026-06,GBP,Libra,6.7983,6.8001
2026-06-16,12:10:10,2026-06,EUR,Euro,5.9071,5.9088
2026-06-16,10:11:11,2026-06,EUR,Euro,5.8776,5.8788
2026-06-16,11:05:12,2026-06,EUR,Euro,5.8815,5.8827
2026-06-16,12:10:10,2026-06,USD,Dólar,5.0897,5.0903
2026-06-16,13:08:18,2026-06,EUR,Euro,5.8989,5.9001
2026-06-15,13:06:11,2026-06,EUR,Euro,5.8482,5.8494
2026-06-15,12:07:10,2026-06,USD,Dólar,5.0441,5.0447
2026-06-15,13:06:11,2026-06,USD,Dólar,5.0424,5.043
2026-06-15,10:08:11,2026-06,EUR,Euro,5.8475,5.8487
2026-06-15,11:06:37,2026-06,EUR,Euro,5.8487,5.8499
2026-06-15,11:06:37,2026-06,USD,Dólar,5.035,5.0356
2026-06-15,10:08:11,2026-06,USD,Dólar,5.0344,5.035
2026-06-15,13:06:11,2026-06,USD,Dólar,5.0562,5.0568
2026-06-15,12:07:10,2026-06,EUR,Euro,5.8542,5.8559
2026-06-15,13:06:11,2026-06,EUR,Euro,5.8642,5.8654
2026-06-15,13:06:11,2026-06,GBP,Libra,6.7694,6.7707
2026-06-15,13:06:11,2026-06,GBP,Libra,6.7879,6.7893
2026-06-15,10:08:11,2026-06,GBP,Libra,6.7602,6.7625
2026-06-15,12:07:10,2026-06,AUD,Dólar Australiano,3.5742,3.5752
2026-06-15,11:06:37,2026-06,GBP,Libra,6.7635,6.7658
2026-06-15,12:07:10,2026-06,GBP,Libra,6.7783,6.7806
2026-06-15,11:06:37,2026-06,AUD,Dólar Australiano,3.5613,3.5627
2026-06-15,10:08:11,2026-06,AUD,Dólar Australiano,3.5598,3.5608
2026-06-15,13:06:11,2026-06,AUD,Dólar Australiano,3.569,3.5715
2026-06-15,13:06:11,2026-06,AUD,Dólar Australiano,3.5788,3.5812
2026-06-12,10:11:09,2026-06,USD,Dólar,5.1001,5.1007
2026-06-12,10:11:09,2026-06,AUD,Dólar Australiano,3.5874,3.5889
2026-06-12,11:07:05,2026-06,GBP,Libra,6.8038,6.8066
2026-06-12,12:15:08,2026-06,USD,Dólar,5.0732,5.0738
2026-06-12,10:11:09,2026-06,GBP,Libra,6.8295,6.8324
2026-06-12,12:15:08,2026-06,GBP,Libra,6.8037,6.8065
2026-06-12,11:07:05,2026-06,USD,Dólar,5.0786,5.0792
2026-06-12,13:10:48,2026-06,USD,Dólar,5.0763,5.0769
2026-06-12,13:10:48,2026-06,GBP,Libra,6.8078,6.8102
2026-06-12,12:15:08,2026-06,AUD,Dólar Australiano,3.5766,3.578
2026-06-12,13:10:48,2026-06,EUR,Euro,5.881,5.8827
2026-06-12,13:10:48,2026-06,EUR,Euro,5.8743,5.876
2026-06-12,12:15:08,2026-06,EUR,Euro,5.8707,5.8719
2026-06-12,11:07:05,2026-06,EUR,Euro,5.8749,5.8761
2026-06-12,10:11:09,2026-06,EUR,Euro,5.8967,5.8984
2026-06-12,11:07:05,2026-06,AUD,Dólar Australiano,3.5728,3.5742
2026-06-12,13:10:48,2026-06,GBP,Libra,6.8156,6.8179
2026-06-12,13:10:48,2026-06,USD,Dólar,5.0821,5.0827
2026-06-12,13:10:48,2026-06,AUD,Dólar Australiano,3.5763,3.5772
2026-06-12,13:10:48,2026-06,AUD,Dólar Australiano,3.5803,3.5813
2026-06-11,11:09:14,2026-06,EUR,Euro,5.9251,5.9268
2026-06-11,12:07:00,2026-06,EUR,Euro,5.9212,5.9229
2026-06-11,13:09:12,2026-06,EUR,Euro,5.925,5.9262
2026-06-11,13:09:12,2026-06,EUR,Euro,5.9265,5.9277
2026-06-11,10:13:53,2026-06,EUR,Euro,5.957,5.9587
2026-06-11,10:13:53,2026-06,GBP,Libra,6.8971,6.8995
2026-06-11,11:09:14,2026-06,GBP,Libra,6.862,6.8643
2026-06-11,12:07:00,2026-06,GBP,Libra,6.8506,6.853
2026-06-11,10:13:53,2026-06,AUD,Dólar Australiano,3.6068,3.6083
2026-06-11,11:09:14,2026-06,AUD,Dólar Australiano,3.5919,3.5928
2026-06-11,12:07:00,2026-06,AUD,Dólar Australiano,3.5903,3.5913
2026-06-11,13:09:12,2026-06,AUD,Dólar Australiano,3.5985,3.6
2026-06-11,13:09:12,2026-06,AUD,Dólar Australiano,3.5994,3.6009
2026-06-11,13:09:12,2026-06,USD,Dólar,5.1472,5.1478
2026-06-11,13:09:12,2026-06,USD,Dólar,5.1459,5.1465
2026-06-11,12:07:00,2026-06,USD,Dólar,5.1408,5.1414
2026-06-11,11:09:14,2026-06,USD,Dólar,5.1393,5.1399
2026-06-11,13:09:12,2026-06,GBP,Libra,6.8633,6.8656
2026-06-11,13:09:12,2026-06,GBP,Libra,6.8615,6.8639
2026-06-11,10:13:53,2026-06,USD,Dólar,5.1629,5.1635
2026-06-10,10:09:06,2026-06,GBP,Libra,6.9375,6.9399
2026-06-10,12:09:57,2026-06,GBP,Libra,6.9417,6.9441
2026-06-10,11:07:16,2026-06,GBP,Libra,6.9267,6.928
2026-06-10,10:09:06,2026-06,AUD,Dólar Australiano,3.6338,3.6347
2026-06-10,13:12:50,2026-06,EUR,Euro,5.9774,5.9791
2026-06-10,13:12:49,2026-06,EUR,Euro,5.9765,5.9782
2026-06-10,13:12:50,2026-06,AUD,Dólar Australiano,3.6333,3.6348
2026-06-10,13:12:49,2026-06,AUD,Dólar Australiano,3.6328,3.6342
2026-06-10,10:09:06,2026-06,USD,Dólar,5.1815,5.1821
2026-06-10,11:07:16,2026-06,USD,Dólar,5.1661,5.1667
2026-06-10,12:09:57,2026-06,AUD,Dólar Australiano,3.6366,3.6381
2026-06-10,11:07:16,2026-06,AUD,Dólar Australiano,3.6313,3.6322
2026-06-10,13:12:50,2026-06,GBP,Libra,6.9292,6.9321
2026-06-10,13:12:49,2026-06,GBP,Libra,6.9282,6.931
2026-06-10,13:12:50,2026-06,USD,Dólar,5.1757,5.1763
2026-06-10,13:12:49,2026-06,USD,Dólar,5.1749,5.1755
2026-06-10,12:09:57,2026-06,USD,Dólar,5.1804,5.181
2026-06-10,10:09:06,2026-06,EUR,Euro,5.9841,5.9853
2026-06-10,11:07:16,2026-06,EUR,Euro,5.9725,5.9737
2026-06-10,12:09:57,2026-06,EUR,Euro,5.9839,5.9856
2026-06-09,11:06:05,2026-06,AUD,Dólar Australiano,3.6401,3.6416
2026-06-09,10:08:47,2026-06,AUD,Dólar Australiano,3.6423,3.6432
2026-06-09,13:12:05,2026-06,AUD,Dólar Australiano,3.63949,3.641
2026-06-09,13:12:05,2026-06,AUD,Dólar Australiano,3.632,3.6335
2026-06-09,11:06:05,2026-06,GBP,Libra,6.9177,6.9206
2026-06-09,12:09:13,2026-06,AUD,Dólar Australiano,3.6425,3.6435
2026-06-09,12:09:13,2026-06,GBP,Libra,6.9296,6.932
2026-06-09,13:12:05,2026-06,GBP,Libra,6.9188,6.9212
2026-06-09,13:12:05,2026-06,USD,Dólar,5.1687,5.1693
2026-06-09,10:08:47,2026-06,GBP,Libra,6.9142,6.9176
2026-06-09,10:08:47,2026-06,USD,Dólar,5.1583,5.1589
2026-06-09,11:06:05,2026-06,USD,Dólar,5.164,5.1646
2026-06-09,12:09:13,2026-06,USD,Dólar,5.1733,5.1739
2026-06-09,13:12:05,2026-06,EUR,Euro,5.9724,5.9742
2026-06-09,13:12:05,2026-06,USD,Dólar,5.1793,5.1799
2026-06-09,13:12:05,2026-06,GBP,Libra,6.93301,6.9354
2026-06-09,13:12:05,2026-06,EUR,Euro,5.98468,5.9864
2026-06-09,10:08:47,2026-06,EUR,Euro,5.9707,5.973
2026-06-09,11:06:05,2026-06,EUR,Euro,5.9732,5.9749
2026-06-09,12:09:13,2026-06,EUR,Euro,5.9814,5.9826
2026-06-08,11:10:25,2026-06,EUR,Euro,5.9742,5.9754
2026-06-08,12:10:25,2026-06,AUD,Dólar Australiano,3.6527,3.6536
2026-06-08,13:03:28,2026-06,AUD,Dólar Australiano,3.6461,3.6471
2026-06-08,13:03:28,2026-06,AUD,Dólar Australiano,3.6456,3.6466
2026-06-08,13:03:28,2026-06,EUR,Euro,5.9673,5.969
2026-06-08,13:03:28,2026-06,EUR,Euro,5.9665,5.9682
2026-06-08,13:03:28,2026-06,USD,Dólar,5.1696,5.1702
2026-06-08,10:06:27,2026-06,AUD,Dólar Australiano,3.645,3.6459
2026-06-08,12:10:25,2026-06,USD,Dólar,5.1745,5.1751
2026-06-08,11:10:25,2026-06,USD,Dólar,5.1765,5.1771
2026-06-08,10:06:27,2026-06,USD,Dólar,5.1548,5.1554
2026-06-08,10:06:27,2026-06,GBP,Libra,6.8822,6.8835
2026-06-08,11:10:25,2026-06,GBP,Libra,6.9096,6.9145
2026-06-08,12:10:25,2026-06,GBP,Libra,6.9049,6.9062
2026-06-08,13:03:28,2026-06,GBP,Libra,6.8988,6.9012
2026-06-08,13:03:28,2026-06,GBP,Libra,6.8979,6.9002
2026-06-08,11:10:25,2026-06,AUD,Dólar Australiano,3.6515,3.655
2026-06-08,12:10:25,2026-06,EUR,Euro,5.9724,5.9736
2026-06-08,13:03:28,2026-06,USD,Dólar,5.1689,5.1695
2026-06-08,10:06:27,2026-06,EUR,Euro,5.9497,5.9509
2026-06-05,10:08:26,2026-06,GBP,Libra,6.8437,6.8466
2026-06-05,13:03:38,2026-06,USD,Dólar,5.1238,5.1244
2026-06-05,13:03:38,2026-06,USD,Dólar,5.1454,5.146
2026-06-05,12:03:25,2026-06,USD,Dólar,5.1235,5.1241
2026-06-05,11:09:22,2026-06,USD,Dólar,5.1196,5.1203
2026-06-05,10:08:26,2026-06,USD,Dólar,5.1065,5.1071
2026-06-05,13:03:38,2026-06,AUD,Dólar Australiano,3.6164,3.6173
2026-06-05,13:03:38,2026-06,AUD,Dólar Australiano,3.6316,3.6326
2026-06-05,12:03:25,2026-06,AUD,Dólar Australiano,3.6274,3.6289
2026-06-05,10:08:26,2026-06,AUD,Dólar Australiano,3.6266,3.6276
2026-06-05,11:09:22,2026-06,AUD,Dólar Australiano,3.6252,3.6262
2026-06-05,10:08:26,2026-06,EUR,Euro,5.9154,5.9176
2026-06-05,11:09:22,2026-06,GBP,Libra,6.8582,6.8617
2026-06-05,12:03:25,2026-06,GBP,Libra,6.8578,6.8591
2026-06-05,13:03:38,2026-06,GBP,Libra,6.8727,6.8751
2026-06-05,13:03:38,2026-06,GBP,Libra,6.8439,6.8462
2026-06-05,13:03:38,2026-06,EUR,Euro,5.9088,5.91
2026-06-05,13:03:38,2026-06,EUR,Euro,5.9337,5.9349
2026-06-05,12:03:25,2026-06,EUR,Euro,5.9217,5.9235
2026-06-05,11:09:22,2026-06,EUR,Euro,5.9239,5.9257
2026-06-03,13:06:26,2026-06,GBP,Libra,6.7714,6.7738
2026-06-03,12:10:24,2026-06,EUR,Euro,5.8522,5.8539
2026-06-03,13:06:26,2026-06,EUR,Euro,5.8563,5.8575
2026-06-03,13:06:26,2026-06,EUR,Euro,5.85,5.8512
2026-06-03,11:10:26,2026-06,USD,Dólar,5.0467,5.0473
2026-06-03,13:06:26,2026-06,USD,Dólar,5.0409,5.0415
2026-06-03,13:06:26,2026-06,USD,Dólar,5.0464,5.047
2026-06-03,13:06:26,2026-06,GBP,Libra,6.7788,6.7811
2026-06-03,10:07:25,2026-06,USD,Dólar,5.0303,5.0309
2026-06-03,10:07:25,2026-06,GBP,Libra,6.7557,6.7585
2026-06-03,10:07:25,2026-06,EUR,Euro,5.8346,5.8363
2026-06-03,11:10:26,2026-06,GBP,Libra,6.7742,6.7765
2026-06-03,12:10:24,2026-06,GBP,Libra,6.772,6.7738
2026-06-03,11:10:26,2026-06,EUR,Euro,5.8552,5.8564
2026-06-03,12:10:24,2026-06,USD,Dólar,5.0402,5.0408
2026-06-03,11:10:26,2026-06,AUD,Dólar Australiano,3.6028,3.6043
2026-06-03,13:06:26,2026-06,AUD,Dólar Australiano,3.5977,3.5991
2026-06-03,13:06:26,2026-06,AUD,Dólar Australiano,3.6016,3.6031
2026-06-03,12:10:24,2026-06,AUD,Dólar Australiano,3.6017,3.6032
2026-06-03,10:07:25,2026-06,AUD,Dólar Australiano,3.5977,3.5986
2026-06-02,13:10:30,2026-06,AUD,Dólar Australiano,3.6031,3.6045
2026-06-02,12:07:26,2026-06,USD,Dólar,5.0145,5.0151
2026-06-02,11:11:25,2026-06,USD,Dólar,5.019,5.0196
2026-06-02,10:09:27,2026-06,USD,Dólar,5.013,5.0136
2026-06-02,11:11:25,2026-06,GBP,Libra,6.7566,6.7599
2026-06-02,13:10:30,2026-06,AUD,Dólar Australiano,3.6028,3.6042
2026-06-02,12:07:26,2026-06,EUR,Euro,5.8384,5.8396
2026-06-02,13:10:30,2026-06,USD,Dólar,5.0154,5.016
2026-06-02,13:10:30,2026-06,EUR,Euro,5.8375,5.8392
2026-06-02,13:10:30,2026-06,GBP,Libra,6.7598,6.7621
2026-06-02,13:10:30,2026-06,GBP,Libra,6.7592,6.7615
2026-06-02,12:07:26,2026-06,GBP,Libra,6.755,6.7573
2026-06-02,13:10:30,2026-06,USD,Dólar,5.015,5.0156
2026-06-02,10:09:27,2026-06,GBP,Libra,6.7535,6.7548
2026-06-02,12:07:26,2026-06,AUD,Dólar Australiano,3.6024,3.6039
2026-06-02,10:09:27,2026-06,AUD,Dólar Australiano,3.5978,3.5988
2026-06-02,13:10:30,2026-06,EUR,Euro,5.8379,5.8396
2026-06-02,11:11:25,2026-06,EUR,Euro,5.8411,5.8428
2026-06-02,10:09:27,2026-06,EUR,Euro,5.8401,5.8413
2026-06-02,11:11:25,2026-06,AUD,Dólar Australiano,3.5991,3.6001
2026-06-01,12:04:24,2026-06,AUD,Dólar Australiano,3.5891,3.59
2026-06-01,13:11:27,2026-06,GBP,Libra,6.7644,6.7658
2026-06-01,13:11:27,2026-06,GBP,Libra,6.7702,6.7715
2026-06-01,12:04:24,2026-06,GBP,Libra,6.7529,6.7552
2026-06-01,11:11:25,2026-06,GBP,Libra,6.7563,6.7581
2026-06-01,10:07:25,2026-06,GBP,Libra,6.7594,6.7617
2026-06-01,10:07:25,2026-06,AUD,Dólar Australiano,3.5991,3.6016
2026-06-01,11:11:25,2026-06,AUD,Dólar Australiano,3.5948,3.5957
2026-06-01,13:11:27,2026-06,AUD,Dólar Australiano,3.5998,3.6012
2026-06-01,13:11:27,2026-06,AUD,Dólar Australiano,3.5967,3.5982
2026-06-01,10:07:25,2026-06,EUR,Euro,5.8481,5.8493
2026-06-01,11:11:25,2026-06,EUR,Euro,5.848,5.8497
2026-06-01,12:04:24,2026-06,EUR,Euro,5.8387,5.8404
2026-06-01,10:07:25,2026-06,USD,Dólar,5.0211,5.0217
2026-06-01,11:11:25,2026-06,USD,Dólar,5.0375,5.0381
2026-06-01,12:04:24,2026-06,USD,Dólar,5.026,5.0266
2026-06-01,13:11:27,2026-06,USD,Dólar,5.034,5.0346
2026-06-01,13:11:27,2026-06,EUR,Euro,5.8455,5.8472
2026-06-01,13:11:27,2026-06,EUR,Euro,5.8505,5.8522
2026-06-01,13:11:27,2026-06,USD,Dólar,5.0297,5.0303
2026-05-29,12:08:24,2026-05,AUD,Dólar Australiano,3.6375,3.6389
2026-05-29,13:10:26,2026-05,AUD,Dólar Australiano,3.6361,3.6375
2026-05-29,13:10:26,2026-05,GBP,Libra,6.8124,6.8147
2026-05-29,13:10:26,2026-05,GBP,Libra,6.8144,6.8167
2026-05-29,10:03:24,2026-05,EUR,Euro,5.8877,5.8894
2026-05-29,11:10:25,2026-05,EUR,Euro,5.8884,5.8896
2026-05-29,12:08:24,2026-05,EUR,Euro,5.901,5.9027
2026-05-29,13:10:26,2026-05,EUR,Euro,5.906,5.9077
2026-05-29,13:10:26,2026-05,EUR,Euro,5.9042,5.906
2026-05-29,13:10:26,2026-05,AUD,Dólar Australiano,3.635,3.6364
2026-05-29,10:03:24,2026-05,AUD,Dólar Australiano,3.6283,3.6297
2026-05-29,11:10:25,2026-05,AUD,Dólar Australiano,3.6335,3.635
2026-05-29,13:10:26,2026-05,USD,Dólar,5.0563,5.0569
2026-05-29,13:10:26,2026-05,USD,Dólar,5.0578,5.0584
2026-05-29,12:08:24,2026-05,USD,Dólar,5.057,5.0576
2026-05-29,11:10:25,2026-05,USD,Dólar,5.0557,5.0563
2026-05-29,10:03:24,2026-05,USD,Dólar,5.0547,5.0553
2026-05-29,10:03:24,2026-05,GBP,Libra,6.7905,6.7918
2026-05-29,11:10:25,2026-05,GBP,Libra,6.7938,6.7962
2026-05-29,12:08:24,2026-05,GBP,Libra,6.8163,6.8176
2026-05-28,13:08:16,2026-05,USD,Dólar,5.0466,5.0472
2026-05-28,13:08:16,2026-05,USD,Dólar,5.0511,5.0517
2026-05-28,10:06:25,2026-05,AUD,Dólar Australiano,3.6042,3.6052
2026-05-28,13:08:16,2026-05,AUD,Dólar Australiano,3.6156,3.6165
2026-05-28,10:06:25,2026-05,USD,Dólar,5.0536,5.0542
2026-05-28,13:08:16,2026-05,GBP,Libra,6.7867,6.7885
2026-05-28,13:08:16,2026-05,GBP,Libra,6.7806,6.7824
2026-05-28,12:11:25,2026-05,GBP,Libra,6.7725,6.7739
2026-05-28,11:03:09,2026-05,GBP,Libra,6.7883,6.7911
2026-05-28,10:06:25,2026-05,GBP,Libra,6.7824,6.7837
2026-05-28,13:08:16,2026-05,AUD,Dólar Australiano,3.6124,3.6133
2026-05-28,10:06:25,2026-05,EUR,Euro,5.8804,5.8821
2026-05-28,11:03:09,2026-05,EUR,Euro,5.8862,5.8884
2026-05-28,12:11:25,2026-05,EUR,Euro,5.8725,5.8737
2026-05-28,13:08:16,2026-05,EUR,Euro,5.8783,5.8795
2026-05-28,13:08:16,2026-05,EUR,Euro,5.8835,5.8847
2026-05-28,11:03:09,2026-05,USD,Dólar,5.0621,5.0627
2026-05-28,12:11:25,2026-05,USD,Dólar,5.0421,5.0427
2026-05-28,12:11:25,2026-05,AUD,Dólar Australiano,3.6041,3.605
2026-05-28,11:03:09,2026-05,AUD,Dólar Australiano,3.6067,3.6087
2026-05-27,13:02:29,2026-05,USD,Dólar,5.0573,5.0579
2026-05-27,10:05:27,2026-05,EUR,Euro,5.879,5.8807
2026-05-27,13:02:29,2026-05,USD,Dólar,5.0615,5.0621
2026-05-27,10:05:27,2026-05,GBP,Libra,6.7859,6.7882
2026-05-27,10:05:27,2026-05,USD,Dólar,5.0494,5.05
2026-05-27,11:11:25,2026-05,GBP,Libra,6.8047,6.8076
2026-05-27,12:10:24,2026-05,GBP,Libra,6.7857,6.7885
2026-05-27,13:02:29,2026-05,GBP,Libra,6.7961,6.7989
2026-05-27,13:02:29,2026-05,GBP,Libra,6.7904,6.7933
2026-05-27,11:11:25,2026-05,AUD,Dólar Australiano,3.6116,3.613
2026-05-27,11:11:25,2026-05,EUR,Euro,5.8908,5.8925
2026-05-27,12:10:24,2026-05,EUR,Euro,5.8793,5.881
2026-05-27,13:02:29,2026-05,EUR,Euro,5.8865,5.8877
2026-05-27,13:02:29,2026-05,EUR,Euro,5.8816,5.8828
2026-05-27,10:05:27,2026-05,AUD,Dólar Australiano,3.6017,3.6032
2026-05-27,12:10:24,2026-05,AUD,Dólar Australiano,3.6043,3.6057
2026-05-27,13:02:29,2026-05,AUD,Dólar Australiano,3.6114,3.6128
2026-05-27,13:02:29,2026-05,AUD,Dólar Australiano,3.6084,3.6098
2026-05-27,11:11:25,2026-05,USD,Dólar,5.0604,5.061
2026-05-27,12:10:24,2026-05,USD,Dólar,5.0579,5.0585
2026-05-26,10:10:26,2026-05,GBP,Libra,6.7467,6.748
2026-05-26,13:07:25,2026-05,GBP,Libra,6.745,6.7474
2026-05-26,13:07:25,2026-05,GBP,Libra,6.7547,6.757
2026-05-26,12:03:25,2026-05,GBP,Libra,6.7553,6.7582
2026-05-26,11:10:27,2026-05,GBP,Libra,6.7587,6.7625
2026-05-26,13:07:25,2026-05,USD,Dólar,5.0277,5.0283
2026-05-26,11:10:27,2026-05,EUR,Euro,5.8373,5.8385
2026-05-26,12:03:25,2026-05,EUR,Euro,5.8391,5.8408
2026-05-26,10:10:26,2026-05,AUD,Dólar Australiano,3.5905,3.592
2026-05-26,11:10:27,2026-05,AUD,Dólar Australiano,3.5998,3.6007
2026-05-26,12:03:25,2026-05,AUD,Dólar Australiano,3.6002,3.6011
2026-05-26,13:07:25,2026-05,AUD,Dólar Australiano,3.5998,3.6013
2026-05-26,13:07:25,2026-05,AUD,Dólar Australiano,3.5947,3.5961
2026-05-26,13:07:25,2026-05,EUR,Euro,5.8422,5.8434
2026-05-26,13:07:25,2026-05,EUR,Euro,5.8338,5.835
2026-05-26,10:10:26,2026-05,EUR,Euro,5.8269,5.8286
2026-05-26,13:07:25,2026-05,USD,Dólar,5.0205,5.0211
2026-05-26,12:03:25,2026-05,USD,Dólar,5.0233,5.0239
2026-05-26,11:10:27,2026-05,USD,Dólar,5.0213,5.0219
2026-05-26,10:10:26,2026-05,USD,Dólar,5.0098,5.0104
2026-05-25,13:06:31,2026-05,USD,Dólar,5.0055,5.0061
2026-05-25,13:06:31,2026-05,USD,Dólar,5.0066,5.0072
2026-05-25,12:08:26,2026-05,USD,Dólar,5.0085,5.0091
2026-05-25,13:06:31,2026-05,AUD,Dólar Australiano,3.5894,3.5919
2026-05-25,13:06:31,2026-05,AUD,Dólar Australiano,3.5902,3.5927
2026-05-25,12:08:26,2026-05,AUD,Dólar Australiano,3.5941,3.5965
2026-05-25,11:05:27,2026-05,AUD,Dólar Australiano,3.5913,3.5937
2026-05-25,10:05:29,2026-05,AUD,Dólar Australiano,3.5851,3.587
2026-05-25,10:05:29,2026-05,USD,Dólar,5.0015,5.0021
2026-05-25,13:06:31,2026-05,EUR,Euro,5.8269,5.8291
2026-05-25,12:08:26,2026-05,EUR,Euro,5.8304,5.8316
2026-05-25,11:05:27,2026-05,EUR,Euro,5.8317,5.8334
2026-05-25,10:05:29,2026-05,EUR,Euro,5.8252,5.8274
2026-05-25,10:05:29,2026-05,GBP,Libra,6.752,6.7533
2026-05-25,11:05:27,2026-05,GBP,Libra,6.7617,6.763
2026-05-25,12:08:26,2026-05,GBP,Libra,6.7605,6.7638
2026-05-25,13:06:31,2026-05,GBP,Libra,6.7584,6.7597
2026-05-25,13:06:31,2026-05,GBP,Libra,6.7599,6.7612
2026-05-25,11:05:27,2026-05,USD,Dólar,5.0109,5.0115
2026-05-25,13:06:31,2026-05,EUR,Euro,5.8282,5.8304
2026-05-22,10:02:28,2026-05,EUR,Euro,5.7992,5.8009
2026-05-22,13:06:26,2026-05,AUD,Dólar Australiano,3.5746,3.576
2026-05-22,12:08:25,2026-05,GBP,Libra,6.7421,6.7444
2026-05-22,13:06:26,2026-05,GBP,Libra,6.7472,6.75
2026-05-22,13:06:26,2026-05,GBP,Libra,6.7355,6.7383
2026-05-22,13:06:26,2026-05,USD,Dólar,5.0134,5.014
2026-05-22,10:02:28,2026-05,AUD,Dólar Australiano,3.5643,3.5652
2026-05-22,11:06:26,2026-05,AUD,Dólar Australiano,3.5738,3.5763
2026-05-22,12:08:25,2026-05,AUD,Dólar Australiano,3.5768,3.5783
2026-05-22,13:06:26,2026-05,AUD,Dólar Australiano,3.5808,3.5822
2026-05-22,11:06:26,2026-05,GBP,Libra,6.7365,6.7398
2026-05-22,10:02:28,2026-05,GBP,Libra,6.7143,6.7171
2026-05-22,11:06:26,2026-05,EUR,Euro,5.8178,5.8195
2026-05-22,12:08:25,2026-05,EUR,Euro,5.821,5.8222
2026-05-22,13:06:26,2026-05,EUR,Euro,5.8271,5.8283
2026-05-22,13:06:26,2026-05,EUR,Euro,5.817,5.8182
2026-05-22,13:06:26,2026-05,USD,Dólar,5.0221,5.0227
2026-05-22,12:08:25,2026-05,USD,Dólar,5.0194,5.02
2026-05-22,11:06:26,2026-05,USD,Dólar,5.0145,5.0151
2026-05-22,10:02:28,2026-05,USD,Dólar,4.9976,4.9982
2026-05-21,13:08:26,2026-05,GBP,Libra,6.7115,6.7138
2026-05-21,13:08:26,2026-05,AUD,Dólar Australiano,3.5711,3.5725
2026-05-21,11:05:25,2026-05,USD,Dólar,5.0083,5.0089
2026-05-21,10:09:26,2026-05,USD,Dólar,5.0098,5.0104
2026-05-21,10:09:26,2026-05,AUD,Dólar Australiano,3.569,3.5699
2026-05-21,12:02:26,2026-05,AUD,Dólar Australiano,3.5724,3.5739
2026-05-21,13:08:26,2026-05,AUD,Dólar Australiano,3.5684,3.5699
2026-05-21,13:08:26,2026-05,USD,Dólar,5.0034,5.004
2026-05-21,13:08:26,2026-05,GBP,Libra,6.7066,6.7089
2026-05-21,12:02:26,2026-05,GBP,Libra,6.7143,6.7166
2026-05-21,11:05:25,2026-05,GBP,Libra,6.7141,6.7164
2026-05-21,10:09:26,2026-05,GBP,Libra,6.7196,6.721
2026-05-21,12:02:26,2026-05,USD,Dólar,5.0069,5.0075
2026-05-21,11:05:25,2026-05,AUD,Dólar Australiano,3.5714,3.5723
2026-05-21,13:08:26,2026-05,USD,Dólar,5.0071,5.0077
2026-05-21,13:08:26,2026-05,EUR,Euro,5.8022,5.8034
2026-05-21,12:02:26,2026-05,EUR,Euro,5.804,5.8057
2026-05-21,11:05:25,2026-05,EUR,Euro,5.8071,5.8088
2026-05-21,10:09:26,2026-05,EUR,Euro,5.8094,5.8111
2026-05-21,13:08:26,2026-05,EUR,Euro,5.7979,5.7991
2026-05-20,12:06:26,2026-05,GBP,Libra,6.7368,6.7381
2026-05-20,13:05:27,2026-05,GBP,Libra,6.7396,6.7409
2026-05-20,13:05:27,2026-05,GBP,Libra,6.7602,6.7615
2026-05-20,10:05:27,2026-05,USD,Dólar,5.0476,5.0482
2026-05-20,11:07:25,2026-05,GBP,Libra,6.751,6.7534
2026-05-20,10:05:27,2026-05,GBP,Libra,6.7613,6.7636
2026-05-20,13:05:27,2026-05,USD,Dólar,5.0142,5.0148
2026-05-20,13:05:27,2026-05,USD,Dólar,5.0295,5.0301
2026-05-20,10:05:27,2026-05,EUR,Euro,5.8522,5.8534
2026-05-20,11:07:25,2026-05,EUR,Euro,5.8426,5.8438
2026-05-20,12:06:26,2026-05,EUR,Euro,5.826,5.8272
2026-05-20,13:05:27,2026-05,EUR,Euro,5.8255,5.8272
2026-05-20,13:05:27,2026-05,EUR,Euro,5.8433,5.845
2026-05-20,12:06:26,2026-05,USD,Dólar,5.0151,5.0157
2026-05-20,11:07:25,2026-05,USD,Dólar,5.0411,5.0417
2026-05-20,13:05:27,2026-05,AUD,Dólar Australiano,3.5852,3.5866
2026-05-20,12:06:26,2026-05,AUD,Dólar Australiano,3.5868,3.5882
2026-05-20,11:07:25,2026-05,AUD,Dólar Australiano,3.5893,3.5907
2026-05-20,10:05:27,2026-05,AUD,Dólar Australiano,3.5954,3.5968
2026-05-20,13:05:27,2026-05,AUD,Dólar Australiano,3.5961,3.5975
2026-05-19,11:07:25,2026-05,GBP,Libra,6.73,6.7319
2026-05-19,10:09:26,2026-05,AUD,Dólar Australiano,3.5787,3.5811
2026-05-19,12:10:20,2026-05,GBP,Libra,6.7598,6.7621
2026-05-19,13:09:25,2026-05,GBP,Libra,6.7617,6.764
2026-05-19,13:09:25,2026-05,GBP,Libra,6.7488,6.7512
2026-05-19,10:09:26,2026-05,USD,Dólar,5.0312,5.0318
2026-05-19,11:07:25,2026-05,USD,Dólar,5.0228,5.0234
2026-05-19,12:10:20,2026-05,USD,Dólar,5.048,5.0486
2026-05-19,13:09:25,2026-05,USD,Dólar,5.0468,5.0474
2026-05-19,13:09:25,2026-05,USD,Dólar,5.0372,5.0378
2026-05-19,10:09:26,2026-05,GBP,Libra,6.7438,6.7466
2026-05-19,11:07:25,2026-05,AUD,Dólar Australiano,3.5702,3.5711
2026-05-19,13:09:25,2026-05,EUR,Euro,5.8442,5.8454
2026-05-19,12:10:20,2026-05,AUD,Dólar Australiano,3.5765,3.5774
2026-05-19,12:10:20,2026-05,EUR,Euro,5.8532,5.8549
2026-05-19,13:09:25,2026-05,EUR,Euro,5.8553,5.8565
2026-05-19,11:07:25,2026-05,EUR,Euro,5.833,5.8342
2026-05-19,10:09:26,2026-05,EUR,Euro,5.8437,5.8454
2026-05-19,13:09:25,2026-05,AUD,Dólar Australiano,3.5764,3.5773
2026-05-19,13:09:25,2026-05,AUD,Dólar Australiano,3.5832,3.5842
2026-05-18,13:04:25,2026-05,GBP,Libra,6.7197,6.723
2026-05-18,13:04:25,2026-05,GBP,Libra,6.7155,6.7188
2026-05-18,10:06:26,2026-05,AUD,Dólar Australiano,3.5946,3.596
2026-05-18,11:07:25,2026-05,AUD,Dólar Australiano,3.5938,3.5947
2026-05-18,12:11:25,2026-05,AUD,Dólar Australiano,3.5865,3.5889
2026-05-18,13:04:25,2026-05,AUD,Dólar Australiano,3.5835,3.5844
2026-05-18,13:04:25,2026-05,AUD,Dólar Australiano,3.5857,3.5867
2026-05-18,10:06:26,2026-05,EUR,Euro,5.8341,5.8358
2026-05-18,11:07:25,2026-05,EUR,Euro,5.8374,5.8386
2026-05-18,12:11:25,2026-05,EUR,Euro,5.8335,5.8352
2026-05-18,11:07:25,2026-05,GBP,Libra,6.7082,6.711
2026-05-18,12:11:25,2026-05,GBP,Libra,6.711,6.7138
2026-05-18,10:06:26,2026-05,GBP,Libra,6.7074,6.7103
2026-05-18,13:04:25,2026-05,EUR,Euro,5.8305,5.8322
2026-05-18,10:06:26,2026-05,USD,Dólar,5.0078,5.0084
2026-05-18,12:11:25,2026-05,USD,Dólar,5.0112,5.0118
2026-05-18,13:04:25,2026-05,USD,Dólar,5.0056,5.0062
2026-05-18,13:04:25,2026-05,USD,Dólar,5.0087,5.0093
2026-05-18,13:04:25,2026-05,EUR,Euro,5.8341,5.8358
2026-05-18,11:07:25,2026-05,USD,Dólar,5.0102,5.0108
2026-05-15,10:11:26,2026-05,USD,Dólar,5.0545,5.0551
2026-05-15,13:08:27,2026-05,EUR,Euro,5.8946,5.8963
2026-05-15,11:08:25,2026-05,USD,Dólar,5.0677,5.0683
2026-05-15,12:04:26,2026-05,USD,Dólar,5.0668,5.0674
2026-05-15,13:08:27,2026-05,USD,Dólar,5.0702,5.0708
2026-05-15,13:08:27,2026-05,USD,Dólar,5.0648,5.0654
2026-05-15,13:08:27,2026-05,EUR,Euro,5.8883,5.89
2026-05-15,12:04:26,2026-05,EUR,Euro,5.8922,5.8934
2026-05-15,13:08:27,2026-05,GBP,Libra,6.7519,6.7532
2026-05-15,10:11:26,2026-05,AUD,Dólar Australiano,3.615,3.6164
2026-05-15,11:08:25,2026-05,AUD,Dólar Australiano,3.6214,3.6228
2026-05-15,12:04:26,2026-05,AUD,Dólar Australiano,3.6248,3.6262
2026-05-15,13:08:27,2026-05,AUD,Dólar Australiano,3.6257,3.6266
2026-05-15,13:08:27,2026-05,AUD,Dólar Australiano,3.6218,3.6228
2026-05-15,11:08:25,2026-05,EUR,Euro,5.8902,5.8919
2026-05-15,11:08:25,2026-05,GBP,Libra,6.7603,6.7616
2026-05-15,12:04:26,2026-05,GBP,Libra,6.7606,6.763
2026-05-15,13:08:27,2026-05,GBP,Libra,6.7591,6.7604
2026-05-15,10:11:26,2026-05,GBP,Libra,6.7488,6.7511
2026-05-15,10:11:26,2026-05,EUR,Euro,5.8764,5.8776
2026-05-14,12:06:25,2026-05,GBP,Libra,6.7168,6.7181
2026-05-14,11:09:26,2026-05,EUR,Euro,5.8241,5.8258
2026-05-14,13:03:15,2026-05,EUR,Euro,5.8128,5.814
2026-05-14,13:03:15,2026-05,EUR,Euro,5.8155,5.8167
2026-05-14,13:03:15,2026-05,AUD,Dólar Australiano,3.5973,3.5987
2026-05-14,13:03:15,2026-05,AUD,Dólar Australiano,3.5956,3.597
2026-05-14,10:06:25,2026-05,GBP,Libra,6.7251,6.7264
2026-05-14,11:09:26,2026-05,GBP,Libra,6.7251,6.7284
2026-05-14,10:06:25,2026-05,EUR,Euro,5.8235,5.8247
2026-05-14,13:03:15,2026-05,GBP,Libra,6.7084,6.7107
2026-05-14,13:03:15,2026-05,GBP,Libra,6.7115,6.7138
2026-05-14,12:06:25,2026-05,AUD,Dólar Australiano,3.6003,3.6012
2026-05-14,11:09:26,2026-05,AUD,Dólar Australiano,3.5972,3.5987
2026-05-14,10:06:25,2026-05,AUD,Dólar Australiano,3.6015,3.6029
2026-05-14,13:03:15,2026-05,USD,Dólar,4.9803,4.9809
2026-05-14,13:03:15,2026-05,USD,Dólar,4.978,4.9786
2026-05-14,12:06:25,2026-05,USD,Dólar,4.9817,4.9823
2026-05-14,11:09:26,2026-05,USD,Dólar,4.983,4.9836
2026-05-14,10:06:25,2026-05,USD,Dólar,4.9786,4.9792
2026-05-14,12:06:25,2026-05,EUR,Euro,5.8176,5.8188
2026-05-13,13:17:55,2026-05,AUD,Dólar Australiano,3.566,3.5669
2026-05-13,13:17:55,2026-05,AUD,Dólar Australiano,3.5609,3.5619
2026-05-13,12:06:25,2026-05,AUD,Dólar Australiano,3.5624,3.5638
2026-05-13,11:04:25,2026-05,AUD,Dólar Australiano,3.5624,3.5633
2026-05-13,10:10:25,2026-05,AUD,Dólar Australiano,3.5587,3.5602
2026-05-13,10:10:25,2026-05,USD,Dólar,4.9147,4.9153
2026-05-13,13:17:55,2026-05,GBP,Libra,6.6395,6.6408
2026-05-13,13:17:55,2026-05,EUR,Euro,5.751,5.7522
2026-05-13,12:06:25,2026-05,USD,Dólar,4.9096,4.9102
2026-05-13,13:17:55,2026-05,USD,Dólar,4.9041,4.9048
2026-05-13,13:17:55,2026-05,USD,Dólar,4.9112,4.9118
2026-05-13,10:10:25,2026-05,EUR,Euro,5.7507,5.7524
2026-05-13,11:04:25,2026-05,EUR,Euro,5.7565,5.7582
2026-05-13,12:06:25,2026-05,EUR,Euro,5.7477,5.7489
2026-05-13,13:17:55,2026-05,EUR,Euro,5.7427,5.744
2026-05-13,11:04:25,2026-05,GBP,Libra,6.6429,6.6457
2026-05-13,13:17:55,2026-05,GBP,Libra,6.6299,6.6313
2026-05-13,12:06:25,2026-05,GBP,Libra,6.6339,6.6361
2026-05-13,11:04:25,2026-05,USD,Dólar,4.9163,4.9169
2026-05-13,10:10:25,2026-05,GBP,Libra,6.6299,6.6322
2026-05-12,11:06:25,2026-05,GBP,Libra,6.6185,6.6208
2026-05-12,13:11:27,2026-05,GBP,Libra,6.6233,6.6246
2026-05-12,13:11:27,2026-05,GBP,Libra,6.6244,6.6257
2026-05-12,10:02:27,2026-05,GBP,Libra,6.6195,6.6217
2026-05-12,12:10:49,2026-05,GBP,Libra,6.6294,6.6307
2026-05-12,13:11:27,2026-05,USD,Dólar,4.8979,4.8985
2026-05-12,13:11:27,2026-05,USD,Dólar,4.8971,4.8977
2026-05-12,11:06:25,2026-05,AUD,Dólar Australiano,3.5356,3.5375
2026-05-12,10:02:27,2026-05,EUR,Euro,5.7442,5.7458
2026-05-12,11:06:25,2026-05,EUR,Euro,5.7465,5.7482
2026-05-12,12:10:49,2026-05,EUR,Euro,5.752,5.7537
2026-05-12,13:11:27,2026-05,EUR,Euro,5.7462,5.7474
2026-05-12,13:11:27,2026-05,EUR,Euro,5.7453,5.7465
2026-05-12,13:11:27,2026-05,AUD,Dólar Australiano,3.5362,3.5371
2026-05-12,12:10:49,2026-05,USD,Dólar,4.9016,4.9022
2026-05-12,12:10:49,2026-05,AUD,Dólar Australiano,3.5439,3.5453
2026-05-12,13:11:27,2026-05,AUD,Dólar Australiano,3.5368,3.5377
2026-05-12,10:02:27,2026-05,AUD,Dólar Australiano,3.5354,3.5368
2026-05-12,10:02:27,2026-05,USD,Dólar,4.8899,4.8905
2026-05-12,11:06:25,2026-05,USD,Dólar,4.899,4.8996
2026-05-11,13:08:25,2026-05,AUD,Dólar Australiano,3.5535,3.5545
2026-05-11,13:08:25,2026-05,AUD,Dólar Australiano,3.5551,3.556
2026-05-11,12:02:27,2026-05,AUD,Dólar Australiano,3.5527,3.5541
2026-05-11,11:06:26,2026-05,AUD,Dólar Australiano,3.5473,3.5482
2026-05-11,10:08:26,2026-05,AUD,Dólar Australiano,3.5487,3.551
2026-05-11,10:08:26,2026-05,GBP,Libra,6.6695,6.6708
2026-05-11,11:06:26,2026-05,GBP,Libra,6.6603,6.665
2026-05-11,12:02:27,2026-05,GBP,Libra,6.6798,6.6811
2026-05-11,13:08:25,2026-05,GBP,Libra,6.6859,6.6882
2026-05-11,13:08:25,2026-05,GBP,Libra,6.683,6.6853
2026-05-11,13:08:25,2026-05,EUR,Euro,5.7703,5.772
2026-05-11,11:06:26,2026-05,USD,Dólar,4.8901,4.8907
2026-05-11,13:08:25,2026-05,EUR,Euro,5.7678,5.7695
2026-05-11,12:02:27,2026-05,EUR,Euro,5.7689,5.7701
2026-05-11,11:06:26,2026-05,EUR,Euro,5.763,5.7642
2026-05-11,13:08:25,2026-05,USD,Dólar,4.8967,4.8973
2026-05-11,13:08:25,2026-05,USD,Dólar,4.8988,4.8994
2026-05-11,12:02:27,2026-05,USD,Dólar,4.8976,4.8982
2026-05-11,10:08:26,2026-05,EUR,Euro,5.7694,5.7711
2026-05-11,10:08:26,2026-05,USD,Dólar,4.9001,4.9007
2026-05-08,13:05:32,2026-05,USD,Dólar,4.8975,4.8981
2026-05-08,11:03:26,2026-05,USD,Dólar,4.8962,4.8968
2026-05-08,12:11:26,2026-05,USD,Dólar,4.8962,4.8968
2026-05-08,12:11:26,2026-05,EUR,Euro,5.7643,5.766
2026-05-08,13:05:32,2026-05,USD,Dólar,4.8993,4.8999
2026-05-08,11:03:26,2026-05,EUR,Euro,5.7672,5.7684
2026-05-08,13:05:32,2026-05,AUD,Dólar Australiano,3.5476,3.549
2026-05-08,13:05:32,2026-05,AUD,Dólar Australiano,3.5463,3.5477
2026-05-08,12:11:26,2026-05,AUD,Dólar Australiano,3.5463,3.5472
2026-05-08,11:03:26,2026-05,AUD,Dólar Australiano,3.5463,3.5477
2026-05-08,10:09:27,2026-05,AUD,Dólar Australiano,3.5514,3.5528
2026-05-08,10:09:27,2026-05,USD,Dólar,4.9073,4.9079
2026-05-08,13:05:32,2026-05,GBP,Libra,6.6719,6.6732
2026-05-08,13:05:32,2026-05,EUR,Euro,5.7675,5.7691
2026-05-08,10:09:27,2026-05,GBP,Libra,6.6798,6.6821
2026-05-08,11:03:26,2026-05,GBP,Libra,6.6711,6.6734
2026-05-08,12:11:26,2026-05,GBP,Libra,6.6706,6.6719
2026-05-08,13:05:32,2026-05,EUR,Euro,5.7653,5.767
2026-05-08,13:05:32,2026-05,GBP,Libra,6.6743,6.6756
2026-05-08,10:09:27,2026-05,EUR,Euro,5.7774,5.7791
2026-05-07,11:11:25,2026-05,GBP,Libra,6.6971,6.6994
2026-05-07,13:09:28,2026-05,EUR,Euro,5.7832,5.7844
2026-05-07,10:11:26,2026-05,AUD,Dólar Australiano,3.5544,3.5563
2026-05-07,11:11:25,2026-05,AUD,Dólar Australiano,3.5639,3.5653
2026-05-07,12:08:24,2026-05,AUD,Dólar Australiano,3.5701,3.5711
2026-05-07,13:09:28,2026-05,AUD,Dólar Australiano,3.5657,3.5667
2026-05-07,13:09:28,2026-05,AUD,Dólar Australiano,3.5585,3.5594
2026-05-07,11:11:25,2026-05,EUR,Euro,5.7873,5.7885
2026-05-07,13:09:28,2026-05,EUR,Euro,5.7949,5.7961
2026-05-07,12:08:24,2026-05,EUR,Euro,5.7925,5.7937
2026-05-07,12:08:24,2026-05,GBP,Libra,6.704,6.7063
2026-05-07,10:11:26,2026-05,EUR,Euro,5.7713,5.7725
2026-05-07,13:09:28,2026-05,GBP,Libra,6.6897,6.6911
2026-05-07,13:09:28,2026-05,GBP,Libra,6.7034,6.7047
2026-05-07,10:11:26,2026-05,GBP,Libra,6.6778,6.6801
2026-05-07,13:09:28,2026-05,USD,Dólar,4.9264,4.927
2026-05-07,13:09:28,2026-05,USD,Dólar,4.9164,4.917
2026-05-07,12:08:24,2026-05,USD,Dólar,4.9189,4.9195
2026-05-07,10:11:26,2026-05,USD,Dólar,4.9026,4.9032
2026-05-07,11:11:25,2026-05,USD,Dólar,4.9178,4.9184
2026-05-06,13:08:27,2026-05,USD,Dólar,4.9268,4.9274
2026-05-06,10:10:27,2026-05,USD,Dólar,4.9304,4.931
2026-05-06,11:08:26,2026-05,EUR,Euro,5.7877,5.7894
2026-05-06,12:03:27,2026-05,EUR,Euro,5.7871,5.7888
2026-05-06,13:08:27,2026-05,EUR,Euro,5.791,5.7922
2026-05-06,13:08:27,2026-05,EUR,Euro,5.79,5.7912
2026-05-06,13:08:27,2026-05,AUD,Dólar Australiano,3.5636,3.565
2026-05-06,13:08:27,2026-05,AUD,Dólar Australiano,3.5642,3.5656
2026-05-06,12:03:27,2026-05,AUD,Dólar Australiano,3.5641,3.5655
2026-05-06,11:08:26,2026-05,AUD,Dólar Australiano,3.5633,3.5647
2026-05-06,10:10:27,2026-05,AUD,Dólar Australiano,3.5676,3.5696
2026-05-06,13:08:27,2026-05,USD,Dólar,4.9277,4.9283
2026-05-06,11:08:26,2026-05,USD,Dólar,4.9257,4.9263
2026-05-06,12:03:27,2026-05,USD,Dólar,4.9235,4.9241
2026-05-06,10:10:27,2026-05,EUR,Euro,5.7942,5.7954
2026-05-06,10:10:27,2026-05,GBP,Libra,6.7098,6.7126
2026-05-06,11:08:26,2026-05,GBP,Libra,6.7014,6.7042
2026-05-06,12:03:27,2026-05,GBP,Libra,6.6974,6.6987
2026-05-06,13:08:27,2026-05,GBP,Libra,6.6987,6.701
2026-05-06,13:08:27,2026-05,GBP,Libra,6.6975,6.6998
2026-05-05,13:04:25,2026-05,USD,Dólar,4.9097,4.9103
2026-05-05,13:04:25,2026-05,GBP,Libra,6.6644,6.6657
2026-05-05,13:04:25,2026-05,GBP,Libra,6.6833,6.6846
2026-05-05,13:04:25,2026-05,EUR,Euro,5.7473,5.7485
2026-05-05,13:04:25,2026-05,USD,Dólar,4.9236,4.9242
2026-05-05,10:07:27,2026-05,USD,Dólar,4.9366,4.9372
2026-05-05,12:05:46,2026-05,EUR,Euro,5.7631,5.7643
2026-05-05,11:03:26,2026-05,EUR,Euro,5.7613,5.7625
2026-05-05,10:07:27,2026-05,EUR,Euro,5.7719,5.7731
2026-05-05,11:03:26,2026-05,GBP,Libra,6.6749,6.6791
2026-05-05,11:03:26,2026-05,USD,Dólar,4.925,4.9256
2026-05-05,13:04:25,2026-05,EUR,Euro,5.7636,5.7648
2026-05-05,12:05:46,2026-05,USD,Dólar,4.9232,4.9238
2026-05-05,10:07:27,2026-05,GBP,Libra,6.6851,6.6879
2026-05-05,12:05:46,2026-05,GBP,Libra,6.6773,6.6796
2026-05-05,10:07:27,2026-05,AUD,Dólar Australiano,3.542,3.5434
2026-05-05,13:04:25,2026-05,AUD,Dólar Australiano,3.532,3.533
2026-05-05,12:05:46,2026-05,AUD,Dólar Australiano,3.5388,3.5402
2026-05-05,13:04:25,2026-05,AUD,Dólar Australiano,3.542,3.543
2026-05-05,11:03:26,2026-05,AUD,Dólar Australiano,3.5366,3.5381
2026-05-04,13:09:25,2026-05,USD,Dólar,4.9581,4.9587
2026-05-04,13:09:25,2026-05,AUD,Dólar Australiano,3.5525,3.5534
2026-05-04,13:09:25,2026-05,AUD,Dólar Australiano,3.558,3.5589
2026-05-04,12:10:27,2026-05,AUD,Dólar Australiano,3.5569,3.5583
2026-05-04,11:06:26,2026-05,AUD,Dólar Australiano,3.5628,3.5643
2026-05-04,10:03:33,2026-05,AUD,Dólar Australiano,3.5609,3.5623
2026-05-04,12:10:27,2026-05,USD,Dólar,4.9518,4.9524
2026-05-04,13:09:25,2026-05,USD,Dólar,4.9658,4.9664
2026-05-04,13:09:25,2026-05,GBP,Libra,6.7192,6.721
2026-05-04,10:03:33,2026-05,USD,Dólar,4.9553,4.9559
2026-05-04,13:09:25,2026-05,GBP,Libra,6.7088,6.7106
2026-05-04,10:03:33,2026-05,GBP,Libra,6.7169,6.7192
2026-05-04,11:06:26,2026-05,GBP,Libra,6.7235,6.7258
2026-05-04,11:06:26,2026-05,USD,Dólar,4.9594,4.96
2026-05-04,12:10:27,2026-05,GBP,Libra,6.7107,6.7125
2026-05-04,10:03:33,2026-05,EUR,Euro,5.8017,5.8034
2026-05-04,13:09:25,2026-05,EUR,Euro,5.7995,5.8007
2026-05-04,13:09:25,2026-05,EUR,Euro,5.8085,5.8097
2026-05-04,12:10:27,2026-05,EUR,Euro,5.7966,5.7983
2026-05-04,11:06:26,2026-05,EUR,Euro,5.8089,5.8106
2026-04-30,13:06:27,2026-04,EUR,Euro,5.8499,5.8511
2026-04-30,10:05:25,2026-04,GBP,Libra,6.7444,6.7467
2026-04-30,11:08:25,2026-04,GBP,Libra,6.7499,6.7527
2026-04-30,10:05:25,2026-04,USD,Dólar,4.9914,4.992
2026-04-30,11:08:25,2026-04,USD,Dólar,4.9951,4.9957
2026-04-30,13:06:27,2026-04,USD,Dólar,4.9821,4.9827
2026-04-30,13:06:27,2026-04,USD,Dólar,4.988,4.9886
2026-04-30,10:05:25,2026-04,AUD,Dólar Australiano,3.5689,3.5703
2026-04-30,12:10:26,2026-04,USD,Dólar,4.9834,4.984
2026-04-30,13:06:27,2026-04,EUR,Euro,5.843,5.8442
2026-04-30,12:10:26,2026-04,EUR,Euro,5.8435,5.8452
2026-04-30,11:08:25,2026-04,EUR,Euro,5.8388,5.8405
2026-04-30,12:10:26,2026-04,AUD,Dólar Australiano,3.5826,3.5835
2026-04-30,13:06:27,2026-04,AUD,Dólar Australiano,3.5781,3.5791
2026-04-30,13:06:27,2026-04,AUD,Dólar Australiano,3.5824,3.5833
2026-04-30,10:05:25,2026-04,EUR,Euro,5.8359,5.8376
2026-04-30,12:10:26,2026-04,GBP,Libra,6.769,6.7703
2026-04-30,13:06:27,2026-04,GBP,Libra,6.7642,6.7655
2026-04-30,13:06:27,2026-04,GBP,Libra,6.7722,6.7735
2026-04-30,11:08:25,2026-04,AUD,Dólar Australiano,3.577,3.5789
2026-04-29,13:11:25,2026-04,GBP,Libra,6.7407,6.7435
2026-04-29,13:11:25,2026-04,GBP,Libra,6.7415,6.7443
2026-04-29,12:03:25,2026-04,GBP,Libra,6.7431,6.7444
2026-04-29,11:04:24,2026-04,GBP,Libra,6.744,6.7453
2026-04-29,10:04:25,2026-04,GBP,Libra,6.7433,6.7447
2026-04-29,12:03:25,2026-04,USD,Dólar,4.9945,4.9951
2026-04-29,13:11:25,2026-04,AUD,Dólar Australiano,3.5625,3.5639
2026-04-29,13:11:25,2026-04,AUD,Dólar Australiano,3.5629,3.5644
2026-04-29,12:03:25,2026-04,AUD,Dólar Australiano,3.5666,3.5675
2026-04-29,11:04:24,2026-04,AUD,Dólar Australiano,3.5666,3.5681
2026-04-29,10:04:25,2026-04,USD,Dólar,4.9947,4.9953
2026-04-29,11:04:24,2026-04,USD,Dólar,5.0037,5.0043
2026-04-29,10:04:25,2026-04,AUD,Dólar Australiano,3.5742,3.5751
2026-04-29,13:11:25,2026-04,USD,Dólar,4.9985,4.9991
2026-04-29,13:11:25,2026-04,USD,Dólar,4.9979,4.9985
2026-04-29,13:11:25,2026-04,EUR,Euro,5.8445,5.8457
2026-04-29,13:11:25,2026-04,EUR,Euro,5.8452,5.8464
2026-04-29,12:03:25,2026-04,EUR,Euro,5.8436,5.8448
2026-04-29,11:04:24,2026-04,EUR,Euro,5.8483,5.85
2026-04-29,10:04:25,2026-04,EUR,Euro,5.8433,5.8445
2026-04-28,13:10:26,2026-04,AUD,Dólar Australiano,3.5803,3.5817
2026-04-28,11:08:25,2026-04,AUD,Dólar Australiano,3.5743,3.5752
2026-04-28,13:10:26,2026-04,GBP,Libra,6.7382,6.7395
2026-04-28,13:10:26,2026-04,GBP,Libra,6.7283,6.7297
2026-04-28,12:05:26,2026-04,GBP,Libra,6.7519,6.7542
2026-04-28,11:08:25,2026-04,GBP,Libra,6.7269,6.7292
2026-04-28,12:05:26,2026-04,USD,Dólar,5.0029,5.0035
2026-04-28,13:10:26,2026-04,USD,Dólar,4.9799,4.9805
2026-04-28,13:10:26,2026-04,USD,Dólar,4.9872,4.9878
2026-04-28,13:10:26,2026-04,AUD,Dólar Australiano,3.5751,3.5765
2026-04-28,10:06:25,2026-04,AUD,Dólar Australiano,3.5682,3.5691
2026-04-28,12:05:26,2026-04,AUD,Dólar Australiano,3.5856,3.587
2026-04-28,10:06:25,2026-04,GBP,Libra,6.7195,6.7218
2026-04-28,11:08:25,2026-04,USD,Dólar,4.9851,4.9857
2026-04-28,10:06:25,2026-04,USD,Dólar,4.9807,4.9813
2026-04-28,10:06:25,2026-04,EUR,Euro,5.8254,5.8271
2026-04-28,12:05:26,2026-04,EUR,Euro,5.8539,5.8551
2026-04-28,13:10:26,2026-04,EUR,Euro,5.8335,5.8347
2026-04-28,11:08:25,2026-04,EUR,Euro,5.8301,5.8328
2026-04-28,13:10:26,2026-04,EUR,Euro,5.842,5.8432
2026-04-27,13:06:14,2026-04,AUD,Dólar Australiano,3.573,3.5754
2026-04-27,10:09:27,2026-04,AUD,Dólar Australiano,3.5681,3.569
2026-04-27,11:11:26,2026-04,AUD,Dólar Australiano,3.5751,3.5765
2026-04-27,13:06:14,2026-04,GBP,Libra,6.7325,6.7368
2026-04-27,12:09:24,2026-04,AUD,Dólar Australiano,3.5743,3.5753
2026-04-27,13:06:14,2026-04,EUR,Euro,5.8291,5.8303
2026-04-27,13:06:14,2026-04,EUR,Euro,5.8299,5.8311
2026-04-27,12:09:24,2026-04,EUR,Euro,5.8319,5.8331
2026-04-27,11:11:26,2026-04,EUR,Euro,5.8386,5.8403
2026-04-27,10:09:27,2026-04,EUR,Euro,5.8304,5.8316
2026-04-27,10:09:27,2026-04,GBP,Libra,6.7255,6.7273
2026-04-27,11:11:26,2026-04,GBP,Libra,6.7369,6.7382
2026-04-27,12:09:24,2026-04,GBP,Libra,6.7353,6.7376
2026-04-27,13:06:14,2026-04,GBP,Libra,6.7335,6.7378
2026-04-27,13:06:14,2026-04,AUD,Dólar Australiano,3.5735,3.5759
2026-04-27,11:11:26,2026-04,USD,Dólar,4.9737,4.9743
2026-04-27,13:06:14,2026-04,USD,Dólar,4.9694,4.97
2026-04-27,13:06:14,2026-04,USD,Dólar,4.9701,4.9707
2026-04-27,12:09:24,2026-04,USD,Dólar,4.9692,4.9698
2026-04-27,10:09:27,2026-04,USD,Dólar,4.9646,4.9652
2026-04-24,13:06:16,2026-04,EUR,Euro,5.8675,5.8692
2026-04-24,10:10:25,2026-04,EUR,Euro,5.863,5.8643
2026-04-24,11:09:24,2026-04,EUR,Euro,5.8724,5.8746
2026-04-24,12:07:25,2026-04,EUR,Euro,5.8622,5.8635
2026-04-24,13:06:16,2026-04,EUR,Euro,5.8566,5.8583
2026-04-24,11:09:24,2026-04,GBP,Libra,6.7709,6.7723
2026-04-24,10:10:25,2026-04,GBP,Libra,6.7599,6.7627
2026-04-24,12:07:25,2026-04,GBP,Libra,6.7602,6.7625
2026-04-24,10:10:25,2026-04,USD,Dólar,5.0073,5.0079
2026-04-24,12:07:25,2026-04,USD,Dólar,5.0079,5.0085
2026-04-24,13:06:16,2026-04,USD,Dólar,4.9984,4.999
2026-04-24,11:09:24,2026-04,USD,Dólar,5.017,5.0176
2026-04-24,13:06:16,2026-04,GBP,Libra,6.7553,6.7566
2026-04-24,13:06:16,2026-04,USD,Dólar,5.0077,5.0083
2026-04-24,13:06:16,2026-04,GBP,Libra,6.7679,6.7692
2026-04-24,13:06:16,2026-04,AUD,Dólar Australiano,3.5815,3.5829
2026-04-24,13:06:16,2026-04,AUD,Dólar Australiano,3.5749,3.5763
2026-04-24,12:07:25,2026-04,AUD,Dólar Australiano,3.5751,3.5761
2026-04-24,10:10:25,2026-04,AUD,Dólar Australiano,3.5727,3.5741
2026-04-24,11:09:24,2026-04,AUD,Dólar Australiano,3.5791,3.5806
2026-04-23,13:03:26,2026-04,GBP,Libra,6.6854,6.6877
2026-04-23,13:03:26,2026-04,GBP,Libra,6.683,6.6853
2026-04-23,13:03:26,2026-04,AUD,Dólar Australiano,3.5441,3.5455
2026-04-23,10:05:25,2026-04,GBP,Libra,6.6814,6.6837
2026-04-23,11:07:25,2026-04,GBP,Libra,6.6853,6.6876
2026-04-23,10:05:25,2026-04,AUD,Dólar Australiano,3.5398,3.5413
2026-04-23,11:07:25,2026-04,AUD,Dólar Australiano,3.5396,3.541
2026-04-23,12:04:30,2026-04,AUD,Dólar Australiano,3.5446,3.546
2026-04-23,13:03:26,2026-04,AUD,Dólar Australiano,3.5454,3.5468
2026-04-23,12:04:30,2026-04,GBP,Libra,6.6878,6.6901
2026-04-23,10:05:25,2026-04,USD,Dólar,4.9543,4.9549
2026-04-23,13:03:26,2026-04,USD,Dólar,4.9533,4.9539
2026-04-23,13:03:26,2026-04,EUR,Euro,5.7968,5.7985
2026-04-23,10:05:25,2026-04,EUR,Euro,5.7921,5.7938
2026-04-23,11:07:25,2026-04,EUR,Euro,5.7908,5.792
2026-04-23,13:03:26,2026-04,USD,Dólar,4.9551,4.9557
2026-04-23,13:03:26,2026-04,EUR,Euro,5.799,5.8006
2026-04-23,12:04:30,2026-04,EUR,Euro,5.7972,5.7988
2026-04-23,11:07:25,2026-04,USD,Dólar,4.9532,4.9538
2026-04-23,12:04:30,2026-04,USD,Dólar,4.9506,4.9512
2026-04-22,13:11:28,2026-04,USD,Dólar,4.9647,4.9653
2026-04-22,12:08:26,2026-04,AUD,Dólar Australiano,3.5572,3.5581
2026-04-22,13:11:28,2026-04,USD,Dólar,4.9641,4.9647
2026-04-22,12:08:26,2026-04,USD,Dólar,4.9688,4.9694
2026-04-22,11:04:25,2026-04,USD,Dólar,4.9556,4.9562
2026-04-22,10:08:26,2026-04,USD,Dólar,4.9704,4.971
2026-04-22,13:11:28,2026-04,AUD,Dólar Australiano,3.5552,3.5566
2026-04-22,13:11:28,2026-04,AUD,Dólar Australiano,3.5548,3.5562
2026-04-22,10:08:26,2026-04,AUD,Dólar Australiano,3.5528,3.5543
2026-04-22,11:04:25,2026-04,AUD,Dólar Australiano,3.5507,3.5516
2026-04-22,13:11:28,2026-04,GBP,Libra,6.703,6.7058
2026-04-22,10:08:26,2026-04,EUR,Euro,5.8288,5.8305
2026-04-22,11:04:25,2026-04,EUR,Euro,5.8179,5.8196
2026-04-22,12:08:26,2026-04,EUR,Euro,5.8224,5.8236
2026-04-22,13:11:28,2026-04,EUR,Euro,5.8145,5.8156
2026-04-22,13:11:28,2026-04,GBP,Libra,6.7038,6.7066
2026-04-22,13:11:28,2026-04,EUR,Euro,5.8152,5.8164
2026-04-22,12:08:26,2026-04,GBP,Libra,6.7069,6.7092
2026-04-22,10:08:26,2026-04,GBP,Libra,6.7076,6.7089
2026-04-22,11:04:25,2026-04,GBP,Libra,6.6985,6.7008
2026-04-20,11:08:25,2026-04,GBP,Libra,6.7444,6.7467
2026-04-20,13:02:26,2026-04,AUD,Dólar Australiano,3.5736,3.575
2026-04-20,12:11:26,2026-04,AUD,Dólar Australiano,3.5683,3.5707
2026-04-20,10:04:27,2026-04,EUR,Euro,5.8653,5.8665
2026-04-20,11:08:25,2026-04,EUR,Euro,5.8686,5.8703
2026-04-20,12:11:26,2026-04,EUR,Euro,5.8654,5.8671
2026-04-20,13:02:26,2026-04,EUR,Euro,5.8708,5.872
2026-04-20,13:02:26,2026-04,EUR,Euro,5.8729,5.8741
2026-04-20,10:04:27,2026-04,USD,Dólar,4.9858,4.9864
2026-04-20,11:08:25,2026-04,USD,Dólar,4.9844,4.985
2026-04-20,12:11:26,2026-04,USD,Dólar,4.9829,4.9835
2026-04-20,13:02:26,2026-04,USD,Dólar,4.982,4.9826
2026-04-20,13:02:26,2026-04,AUD,Dólar Australiano,3.5749,3.5763
2026-04-20,12:11:26,2026-04,GBP,Libra,6.7369,6.7417
2026-04-20,13:02:26,2026-04,GBP,Libra,6.7451,6.7464
2026-04-20,13:02:26,2026-04,GBP,Libra,6.7476,6.7489
2026-04-20,10:04:27,2026-04,GBP,Libra,6.7383,6.7406
2026-04-20,11:08:25,2026-04,AUD,Dólar Australiano,3.5723,3.5747
2026-04-20,10:04:27,2026-04,AUD,Dólar Australiano,3.5683,3.5698
2026-04-20,13:02:26,2026-04,USD,Dólar,4.9838,4.9844
2026-04-17,13:09:27,2026-04,AUD,Dólar Australiano,3.5726,3.5736
2026-04-17,13:09:27,2026-04,AUD,Dólar Australiano,3.5817,3.5826
2026-04-17,12:02:56,2026-04,AUD,Dólar Australiano,3.5851,3.586
2026-04-17,11:10:25,2026-04,AUD,Dólar Australiano,3.5772,3.5781
2026-04-17,10:04:26,2026-04,AUD,Dólar Australiano,3.5724,3.5738
2026-04-17,10:04:26,2026-04,GBP,Libra,6.7292,6.7305
2026-04-17,13:09:27,2026-04,GBP,Libra,6.7344,6.7367
2026-04-17,12:02:56,2026-04,USD,Dólar,4.9786,4.9792
2026-04-17,12:02:56,2026-04,EUR,Euro,5.8807,5.8824
2026-04-17,13:09:27,2026-04,GBP,Libra,6.7514,6.7537
2026-04-17,12:02:56,2026-04,GBP,Libra,6.755,6.7573
2026-04-17,11:10:25,2026-04,GBP,Libra,6.7341,6.7354
2026-04-17,11:10:25,2026-04,EUR,Euro,5.8708,5.872
2026-04-17,10:04:26,2026-04,EUR,Euro,5.8632,5.8649
2026-04-17,13:09:27,2026-04,EUR,Euro,5.8633,5.8645
2026-04-17,13:09:27,2026-04,USD,Dólar,4.9815,4.9821
2026-04-17,13:09:27,2026-04,USD,Dólar,4.9689,4.9695
2026-04-17,11:10:25,2026-04,USD,Dólar,4.9614,4.962
2026-04-17,10:04:26,2026-04,USD,Dólar,4.9541,4.9547
2026-04-17,13:09:27,2026-04,EUR,Euro,5.8782,5.8794
2026-04-16,11:02:26,2026-04,EUR,Euro,5.882,5.8832
2026-04-16,12:02:26,2026-04,EUR,Euro,5.8993,5.9005
2026-04-16,13:03:28,2026-04,EUR,Euro,5.8911,5.8928
2026-04-16,13:03:28,2026-04,EUR,Euro,5.8906,5.8923
2026-04-16,10:11:26,2026-04,EUR,Euro,5.8806,5.8823
2026-04-16,13:03:28,2026-04,AUD,Dólar Australiano,3.5846,3.5855
2026-04-16,13:03:28,2026-04,AUD,Dólar Australiano,3.5849,3.5858
2026-04-16,12:02:26,2026-04,AUD,Dólar Australiano,3.5894,3.5903
2026-04-16,11:02:26,2026-04,AUD,Dólar Australiano,3.5836,3.5845
2026-04-16,10:11:26,2026-04,AUD,Dólar Australiano,3.58,3.5814
2026-04-16,10:11:26,2026-04,USD,Dólar,4.9916,4.9922
2026-04-16,12:02:26,2026-04,USD,Dólar,5.0117,5.0123
2026-04-16,13:03:28,2026-04,GBP,Libra,6.7691,6.7704
2026-04-16,13:03:28,2026-04,GBP,Libra,6.7697,6.771
2026-04-16,12:02:26,2026-04,GBP,Libra,6.7763,6.7776
2026-04-16,11:02:26,2026-04,GBP,Libra,6.7654,6.7682
2026-04-16,10:11:26,2026-04,GBP,Libra,6.7611,6.7639
2026-04-16,13:03:28,2026-04,USD,Dólar,5.0001,5.0007
2026-04-16,13:03:28,2026-04,USD,Dólar,5.0005,5.0011
2026-04-16,11:02:26,2026-04,USD,Dólar,4.9966,4.9972
2026-04-15,13:06:25,2026-04,AUD,Dólar Australiano,3.5739,3.5753
2026-04-15,10:08:26,2026-04,AUD,Dólar Australiano,3.5625,3.5634
2026-04-15,11:06:24,2026-04,AUD,Dólar Australiano,3.5661,3.5676
2026-04-15,12:06:41,2026-04,AUD,Dólar Australiano,3.5716,3.573
2026-04-15,13:06:25,2026-04,AUD,Dólar Australiano,3.5765,3.5779
2026-04-15,11:06:24,2026-04,USD,Dólar,4.9911,4.9917
2026-04-15,13:06:25,2026-04,USD,Dólar,4.9958,4.9964
2026-04-15,12:06:41,2026-04,USD,Dólar,4.9917,4.9923
2026-04-15,13:06:25,2026-04,USD,Dólar,4.9922,4.9928
2026-04-15,11:06:24,2026-04,GBP,Libra,6.7659,6.7682
2026-04-15,10:08:26,2026-04,USD,Dólar,4.9902,4.9908
2026-04-15,12:06:41,2026-04,GBP,Libra,6.7722,6.7746
2026-04-15,13:06:25,2026-04,EUR,Euro,5.894,5.8953
2026-04-15,10:08:26,2026-04,EUR,Euro,5.8819,5.8837
2026-04-15,13:06:25,2026-04,EUR,Euro,5.8898,5.891
2026-04-15,11:06:24,2026-04,EUR,Euro,5.8835,5.8847
2026-04-15,12:06:41,2026-04,EUR,Euro,5.8882,5.8894
2026-04-15,10:08:26,2026-04,GBP,Libra,6.7642,6.7655
2026-04-15,13:06:25,2026-04,GBP,Libra,6.7773,6.7796
2026-04-15,13:06:25,2026-04,GBP,Libra,6.7724,6.7747
2026-04-14,13:03:27,2026-04,GBP,Libra,6.7529,6.7552
2026-04-14,12:08:24,2026-04,USD,Dólar,4.9785,4.9791
2026-04-14,11:07:25,2026-04,USD,Dólar,4.9767,4.9773
2026-04-14,10:07:25,2026-04,USD,Dólar,4.9786,4.9792
2026-04-14,10:07:25,2026-04,AUD,Dólar Australiano,3.5522,3.5537
2026-04-14,11:07:25,2026-04,AUD,Dólar Australiano,3.5519,3.5533
2026-04-14,12:08:24,2026-04,AUD,Dólar Australiano,3.5556,3.5566
2026-04-14,13:03:27,2026-04,AUD,Dólar Australiano,3.5545,3.5559
2026-04-14,13:03:27,2026-04,GBP,Libra,6.761,6.7633
2026-04-14,13:03:27,2026-04,USD,Dólar,4.98,4.9806
2026-04-14,13:03:27,2026-04,AUD,Dólar Australiano,3.5502,3.5517
2026-04-14,13:03:27,2026-04,EUR,Euro,5.8709,5.8726
2026-04-14,13:03:27,2026-04,EUR,Euro,5.878,5.8797
2026-04-14,12:08:24,2026-04,GBP,Libra,6.7633,6.7661
2026-04-14,11:07:25,2026-04,GBP,Libra,6.7589,6.7612
2026-04-14,10:07:25,2026-04,GBP,Libra,6.7639,6.7652
2026-04-14,13:03:27,2026-04,USD,Dólar,4.986,4.9866
2026-04-14,12:08:24,2026-04,EUR,Euro,5.8786,5.8798
2026-04-14,11:07:25,2026-04,EUR,Euro,5.872,5.8732
2026-04-14,10:07:25,2026-04,EUR,Euro,5.8767,5.8779
2026-04-13,13:04:53,2026-04,EUR,Euro,5.879,5.8807
2026-04-13,11:06:26,2026-04,USD,Dólar,5.0269,5.0275
2026-04-13,13:04:53,2026-04,USD,Dólar,5.0238,5.0244
2026-04-13,13:04:53,2026-04,USD,Dólar,5.0209,5.0215
2026-04-13,12:10:25,2026-04,USD,Dólar,5.0235,5.0241
2026-04-13,10:02:27,2026-04,USD,Dólar,5.0239,5.0245
2026-04-13,12:10:25,2026-04,EUR,Euro,5.882,5.8837
2026-04-13,10:02:27,2026-04,AUD,Dólar Australiano,3.5378,3.5403
2026-04-13,11:06:26,2026-04,AUD,Dólar Australiano,3.5475,3.5489
2026-04-13,13:04:53,2026-04,EUR,Euro,5.8824,5.8841
2026-04-13,13:04:53,2026-04,AUD,Dólar Australiano,3.5458,3.5467
2026-04-13,13:04:53,2026-04,AUD,Dólar Australiano,3.5478,3.5487
2026-04-13,11:06:26,2026-04,EUR,Euro,5.884,5.8862
2026-04-13,10:02:27,2026-04,EUR,Euro,5.877,5.8782
2026-04-13,12:10:25,2026-04,AUD,Dólar Australiano,3.5486,3.5495
2026-04-13,13:04:53,2026-04,GBP,Libra,6.7571,6.7589
2026-04-13,13:04:53,2026-04,GBP,Libra,6.761,6.7628
2026-04-13,12:10:25,2026-04,GBP,Libra,6.7616,6.7629
2026-04-13,11:06:26,2026-04,GBP,Libra,6.7622,6.765
2026-04-13,10:02:27,2026-04,GBP,Libra,6.7501,6.7514
2026-04-10,13:04:25,2026-04,USD,Dólar,5.0223,5.0229
2026-04-10,13:04:25,2026-04,USD,Dólar,5.0269,5.0275
2026-04-10,12:05:15,2026-04,USD,Dólar,5.0225,5.0231
2026-04-10,11:09:24,2026-04,USD,Dólar,5.0155,5.0161
2026-04-10,10:06:26,2026-04,USD,Dólar,5.0244,5.025
2026-04-10,13:04:25,2026-04,EUR,Euro,5.8866,5.8883
2026-04-10,13:04:25,2026-04,GBP,Libra,6.7652,6.7665
2026-04-10,11:09:24,2026-04,GBP,Libra,6.7519,6.7532
2026-04-10,10:06:26,2026-04,GBP,Libra,6.7608,6.7631
2026-04-10,13:04:25,2026-04,AUD,Dólar Australiano,3.5538,3.5552
2026-04-10,13:04:25,2026-04,AUD,Dólar Australiano,3.557,3.5585
2026-04-10,12:05:15,2026-04,AUD,Dólar Australiano,3.5574,3.5584
2026-04-10,11:09:24,2026-04,AUD,Dólar Australiano,3.549,3.5499
2026-04-10,10:06:26,2026-04,AUD,Dólar Australiano,3.5548,3.5557
2026-04-10,13:04:25,2026-04,GBP,Libra,6.759,6.7603
2026-04-10,12:05:15,2026-04,GBP,Libra,6.7613,6.7626
2026-04-10,10:06:26,2026-04,EUR,Euro,5.8881,5.8893
2026-04-10,11:09:24,2026-04,EUR,Euro,5.8817,5.8829
2026-04-10,12:05:15,2026-04,EUR,Euro,5.8899,5.8911
2026-04-10,13:04:25,2026-04,EUR,Euro,5.892,5.8937
2026-04-09,10:06:25,2026-04,AUD,Dólar Australiano,3.5876,3.589
2026-04-09,13:10:29,2026-04,GBP,Libra,6.8295,6.8319
2026-04-09,12:06:45,2026-04,USD,Dólar,5.0835,5.0841
2026-04-09,11:08:24,2026-04,USD,Dólar,5.075,5.0756
2026-04-09,10:06:25,2026-04,USD,Dólar,5.096,5.0966
2026-04-09,11:08:24,2026-04,EUR,Euro,5.9281,5.9293
2026-04-09,11:08:24,2026-04,AUD,Dólar Australiano,3.5779,3.5793
2026-04-09,12:06:45,2026-04,EUR,Euro,5.9396,5.9408
2026-04-09,13:10:29,2026-04,EUR,Euro,5.9361,5.9373
2026-04-09,12:06:45,2026-04,AUD,Dólar Australiano,3.5884,3.5899
2026-04-09,13:10:29,2026-04,GBP,Libra,6.816,6.8183
2026-04-09,12:06:45,2026-04,GBP,Libra,6.8185,6.8213
2026-04-09,13:10:29,2026-04,USD,Dólar,5.0815,5.0821
2026-04-09,13:10:29,2026-04,AUD,Dólar Australiano,3.5926,3.594
2026-04-09,13:10:29,2026-04,AUD,Dólar Australiano,3.5997,3.6012
2026-04-09,13:10:29,2026-04,EUR,Euro,5.9479,5.9491
2026-04-09,11:08:24,2026-04,GBP,Libra,6.8107,6.8125
2026-04-09,10:06:25,2026-04,GBP,Libra,6.8363,6.8386
2026-04-09,13:10:29,2026-04,USD,Dólar,5.0714,5.072
2026-04-09,10:06:25,2026-04,EUR,Euro,5.9547,5.9564
2026-04-08,12:04:27,2026-04,EUR,Euro,5.9676,5.9688
2026-04-08,13:02:28,2026-04,GBP,Libra,6.8442,6.847
2026-04-08,12:04:27,2026-04,AUD,Dólar Australiano,3.6023,3.6032
2026-04-08,13:02:28,2026-04,EUR,Euro,5.9522,5.9539
2026-04-08,10:09:26,2026-04,USD,Dólar,5.0714,5.072
2026-04-08,11:03:26,2026-04,USD,Dólar,5.0888,5.0894
2026-04-08,12:04:27,2026-04,USD,Dólar,5.1031,5.1037
2026-04-08,13:02:28,2026-04,AUD,Dólar Australiano,3.5958,3.5972
2026-04-08,11:03:26,2026-04,AUD,Dólar Australiano,3.5907,3.5916
2026-04-08,13:02:28,2026-04,GBP,Libra,6.838,6.8408
2026-04-08,13:02:28,2026-04,AUD,Dólar Australiano,3.5925,3.594
2026-04-08,12:04:27,2026-04,GBP,Libra,6.8626,6.864
2026-04-08,13:02:28,2026-04,EUR,Euro,5.9468,5.9486
2026-04-08,13:02:28,2026-04,USD,Dólar,5.0939,5.0945
2026-04-08,13:02:28,2026-04,USD,Dólar,5.0893,5.0899
2026-04-08,11:03:26,2026-04,GBP,Libra,6.8434,6.8447
2026-04-08,10:09:26,2026-04,GBP,Libra,6.8317,6.8345
2026-04-08,10:09:26,2026-04,EUR,Euro,5.9401,5.9418
2026-04-08,11:03:26,2026-04,EUR,Euro,5.9508,5.9526
2026-04-08,10:09:26,2026-04,AUD,Dólar Australiano,3.585,3.5869
2026-04-07,13:08:26,2026-04,GBP,Libra,6.8333,6.8362
2026-04-07,13:08:26,2026-04,USD,Dólar,5.1619,5.1625
2026-04-07,13:08:26,2026-04,USD,Dólar,5.1596,5.1602
2026-04-07,12:05:09,2026-04,USD,Dólar,5.1639,5.1645
2026-04-07,11:10:24,2026-04,USD,Dólar,5.1698,5.1704
2026-04-07,10:05:25,2026-04,USD,Dólar,5.1543,5.1549
2026-04-07,12:05:09,2026-04,AUD,Dólar Australiano,3.5817,3.5831
2026-04-07,13:08:26,2026-04,AUD,Dólar Australiano,3.5839,3.5848
2026-04-07,11:10:24,2026-04,AUD,Dólar Australiano,3.5811,3.5831
2026-04-07,13:08:26,2026-04,EUR,Euro,5.9728,5.974
2026-04-07,11:10:24,2026-04,GBP,Libra,6.8443,6.8472
2026-04-07,10:05:25,2026-04,GBP,Libra,6.8289,6.8302
2026-04-07,12:05:09,2026-04,GBP,Libra,6.8396,6.8409
2026-04-07,13:08:26,2026-04,AUD,Dólar Australiano,3.5823,3.5832
2026-04-07,10:05:25,2026-04,AUD,Dólar Australiano,3.575,3.576
2026-04-07,13:08:26,2026-04,EUR,Euro,5.9702,5.9714
2026-04-07,12:05:09,2026-04,EUR,Euro,5.9746,5.9764
2026-04-07,11:10:24,2026-04,EUR,Euro,5.9778,5.9791
2026-04-07,10:05:25,2026-04,EUR,Euro,5.9579,5.9591
2026-04-07,13:08:26,2026-04,GBP,Libra,6.8303,6.8331
2026-04-06,13:06:24,2026-04,AUD,Dólar Australiano,3.5646,3.5655
2026-04-06,13:06:24,2026-04,AUD,Dólar Australiano,3.5636,3.5645
2026-04-06,12:06:24,2026-04,AUD,Dólar Australiano,3.5689,3.5708
2026-04-06,11:03:25,2026-04,AUD,Dólar Australiano,3.5677,3.5701
2026-04-06,10:07:26,2026-04,AUD,Dólar Australiano,3.5693,3.5718
2026-04-06,13:06:24,2026-04,EUR,Euro,5.9476,5.9499
2026-04-06,13:06:24,2026-04,USD,Dólar,5.1526,5.1532
2026-04-06,13:06:24,2026-04,GBP,Libra,6.8174,6.8208
2026-04-06,12:06:24,2026-04,EUR,Euro,5.9526,5.9543
2026-04-06,11:03:25,2026-04,EUR,Euro,5.9516,5.9533
2026-04-06,10:07:26,2026-04,EUR,Euro,5.953,5.9542
2026-04-06,10:07:26,2026-04,GBP,Libra,6.8249,6.8267
2026-04-06,11:03:25,2026-04,GBP,Libra,6.8269,6.8288
2026-04-06,13:06:24,2026-04,USD,Dólar,5.1512,5.1518
2026-04-06,13:06:24,2026-04,GBP,Libra,6.8156,6.8189
2026-04-06,12:06:24,2026-04,GBP,Libra,6.8267,6.828
2026-04-06,13:06:24,2026-04,EUR,Euro,5.946,5.9483
2026-04-06,11:03:25,2026-04,USD,Dólar,5.1489,5.1495
2026-04-06,12:06:24,2026-04,USD,Dólar,5.1573,5.1579
2026-04-06,10:07:26,2026-04,USD,Dólar,5.1528,5.1534
2026-04-02,10:02:28,2026-04,USD,Dólar,5.1786,5.1792
2026-04-02,11:11:26,2026-04,USD,Dólar,5.162,5.1626
2026-04-02,12:11:26,2026-04,USD,Dólar,5.1572,5.1578
2026-04-02,13:10:26,2026-04,USD,Dólar,5.1617,5.1623
2026-04-02,10:02:28,2026-04,GBP,Libra,6.8425,6.8443
2026-04-02,10:02:28,2026-04,EUR,Euro,5.9678,5.969
2026-04-02,11:11:26,2026-04,EUR,Euro,5.9518,5.953
2026-04-02,12:11:26,2026-04,EUR,Euro,5.9571,5.9588
2026-04-02,13:10:26,2026-04,EUR,Euro,5.9592,5.9604
2026-04-02,13:10:26,2026-04,EUR,Euro,5.9629,5.9641
2026-04-02,11:11:26,2026-04,GBP,Libra,6.8231,6.825
2026-04-02,13:10:26,2026-04,AUD,Dólar Australiano,3.5684,3.5699
2026-04-02,13:10:26,2026-04,AUD,Dólar Australiano,3.5662,3.5677
2026-04-02,12:11:26,2026-04,GBP,Libra,6.8297,6.831
2026-04-02,13:10:26,2026-04,GBP,Libra,6.8325,6.8354
2026-04-02,13:10:26,2026-04,GBP,Libra,6.8368,6.8396
2026-04-02,13:10:26,2026-04,USD,Dólar,5.1649,5.1655
2026-04-02,12:11:26,2026-04,AUD,Dólar Australiano,3.5647,3.5661
2026-04-02,11:11:26,2026-04,AUD,Dólar Australiano,3.5587,3.5596
2026-04-02,10:02:28,2026-04,AUD,Dólar Australiano,3.5634,3.5643
2026-04-01,13:06:27,2026-04,AUD,Dólar Australiano,3.5775,3.5789
2026-04-01,11:05:26,2026-04,GBP,Libra,6.8765,6.882
2026-04-01,12:08:24,2026-04,USD,Dólar,5.1506,5.1512
2026-04-01,11:05:26,2026-04,USD,Dólar,5.1672,5.1678
2026-04-01,10:08:25,2026-04,USD,Dólar,5.1695,5.1701
2026-04-01,13:06:27,2026-04,GBP,Libra,6.8783,6.8796
2026-04-01,13:06:27,2026-04,GBP,Libra,6.8684,6.8697
2026-04-01,12:08:24,2026-04,GBP,Libra,6.8668,6.8696
2026-04-01,13:06:27,2026-04,AUD,Dólar Australiano,3.5826,3.584
2026-04-01,10:08:25,2026-04,GBP,Libra,6.8765,6.8788
2026-04-01,13:06:27,2026-04,USD,Dólar,5.16,5.1606
2026-04-01,12:08:24,2026-04,AUD,Dólar Australiano,3.5761,3.577
2026-04-01,10:08:25,2026-04,EUR,Euro,5.9977,5.9994
2026-04-01,11:05:26,2026-04,EUR,Euro,5.9986,6.0003
2026-04-01,12:08:24,2026-04,EUR,Euro,5.986,5.9878
2026-04-01,13:06:27,2026-04,EUR,Euro,5.9837,5.9849
2026-04-01,13:06:27,2026-04,USD,Dólar,5.1526,5.1532
2026-04-01,13:06:27,2026-04,EUR,Euro,5.9923,5.9935
2026-04-01,11:05:26,2026-04,AUD,Dólar Australiano,3.5866,3.5875
2026-04-01,10:08:25,2026-04,AUD,Dólar Australiano,3.5866,3.5875
2026-03-31,13:04:22,2026-03,GBP,Libra,6.8683,6.8707
2026-03-31,13:04:22,2026-03,USD,Dólar,5.2188,5.2194
2026-03-31,13:04:22,2026-03,GBP,Libra,6.8794,6.8818
2026-03-31,12:08:25,2026-03,GBP,Libra,6.8837,6.8851
2026-03-31,11:08:24,2026-03,GBP,Libra,6.9124,6.9164
2026-03-31,10:04:24,2026-03,GBP,Libra,6.9248,6.9272
2026-03-31,10:04:24,2026-03,AUD,Dólar Australiano,3.5974,3.5988
2026-03-31,11:08:24,2026-03,AUD,Dólar Australiano,3.5884,3.5904
2026-03-31,12:08:25,2026-03,AUD,Dólar Australiano,3.575,3.5764
2026-03-31,11:08:24,2026-03,USD,Dólar,5.2134,5.214
2026-03-31,12:08:25,2026-03,USD,Dólar,5.2197,5.2203
2026-03-31,13:04:22,2026-03,USD,Dólar,5.2104,5.211
2026-03-31,10:04:24,2026-03,USD,Dólar,5.2318,5.2324
2026-03-31,13:04:22,2026-03,AUD,Dólar Australiano,3.5759,3.5774
2026-03-31,13:04:22,2026-03,AUD,Dólar Australiano,3.5702,3.5716
2026-03-31,13:04:22,2026-03,EUR,Euro,6.01,6.0117
2026-03-31,10:04:24,2026-03,EUR,Euro,6.0181,6.0194
2026-03-31,11:08:24,2026-03,EUR,Euro,6.0116,6.0133
2026-03-31,12:08:25,2026-03,EUR,Euro,6.0136,6.0154
2026-03-31,13:04:22,2026-03,EUR,Euro,6.0003,6.002
2026-03-30,12:05:34,2026-03,EUR,Euro,5.9977,5.9989
2026-03-30,13:10:27,2026-03,AUD,Dólar Australiano,3.5922,3.5931
2026-03-30,12:05:34,2026-03,AUD,Dólar Australiano,3.5855,3.588
2026-03-30,13:10:27,2026-03,GBP,Libra,6.903,6.908
2026-03-30,13:10:27,2026-03,GBP,Libra,6.9083,6.9133
2026-03-30,10:09:26,2026-03,GBP,Libra,6.9185,6.9198
2026-03-30,11:08:02,2026-03,GBP,Libra,6.907,6.9093
2026-03-30,13:10:27,2026-03,EUR,Euro,6.0004,6.0016
2026-03-30,13:10:27,2026-03,AUD,Dólar Australiano,3.5894,3.5904
2026-03-30,10:09:26,2026-03,EUR,Euro,6.0054,6.0072
2026-03-30,11:08:02,2026-03,EUR,Euro,6.0063,6.0081
2026-03-30,10:09:26,2026-03,AUD,Dólar Australiano,3.5884,3.5909
2026-03-30,13:10:27,2026-03,EUR,Euro,5.9958,5.997
2026-03-30,11:08:02,2026-03,AUD,Dólar Australiano,3.5847,3.5857
2026-03-30,12:05:34,2026-03,GBP,Libra,6.9037,6.9066
2026-03-30,11:08:02,2026-03,USD,Dólar,5.2393,5.2399
2026-03-30,10:09:26,2026-03,USD,Dólar,5.2294,5.23
2026-03-30,12:05:34,2026-03,USD,Dólar,5.2313,5.2319
2026-03-30,13:10:27,2026-03,USD,Dólar,5.2347,5.2353
2026-03-30,13:10:27,2026-03,USD,Dólar,5.2387,5.2393
2026-03-27,10:03:25,2026-03,EUR,Euro,6.0501,6.0518
2026-03-27,11:03:24,2026-03,GBP,Libra,6.9678,6.9696
2026-03-27,12:10:25,2026-03,GBP,Libra,6.9533,6.9551
2026-03-27,13:11:42,2026-03,GBP,Libra,6.9501,6.9525
2026-03-27,13:11:42,2026-03,GBP,Libra,6.9594,6.9618
2026-03-27,13:11:42,2026-03,USD,Dólar,5.237,5.2376
2026-03-27,13:11:42,2026-03,USD,Dólar,5.23,5.2306
2026-03-27,12:10:25,2026-03,USD,Dólar,5.2233,5.2239
2026-03-27,11:03:24,2026-03,USD,Dólar,5.2405,5.2411
2026-03-27,10:03:25,2026-03,USD,Dólar,5.2541,5.2547
2026-03-27,10:03:25,2026-03,GBP,Libra,6.9785,6.9798
2026-03-27,11:03:24,2026-03,EUR,Euro,6.0392,6.0409
2026-03-27,13:11:42,2026-03,EUR,Euro,6.0244,6.0257
2026-03-27,10:03:25,2026-03,AUD,Dólar Australiano,3.6185,3.6194
2026-03-27,11:03:24,2026-03,AUD,Dólar Australiano,3.6086,3.6101
2026-03-27,13:11:42,2026-03,AUD,Dólar Australiano,3.6019,3.6034
2026-03-27,13:11:42,2026-03,AUD,Dólar Australiano,3.6067,3.6082
2026-03-27,13:11:42,2026-03,EUR,Euro,6.0325,6.0337
2026-03-27,12:10:25,2026-03,AUD,Dólar Australiano,3.5983,3.5998
2026-03-27,12:10:25,2026-03,EUR,Euro,6.0225,6.0237
2026-03-26,11:06:24,2026-03,GBP,Libra,6.9736,6.9749
2026-03-26,10:05:24,2026-03,GBP,Libra,6.9787,6.9816
2026-03-26,13:11:08,2026-03,EUR,Euro,6.0362,6.0374
2026-03-26,10:05:24,2026-03,EUR,Euro,6.0394,6.0406
2026-03-26,11:06:24,2026-03,EUR,Euro,6.0269,6.0286
2026-03-26,13:11:08,2026-03,GBP,Libra,6.9823,6.9842
2026-03-26,13:11:08,2026-03,EUR,Euro,6.0376,6.0388
2026-03-26,13:11:08,2026-03,AUD,Dólar Australiano,3.6146,3.6155
2026-03-26,13:11:08,2026-03,AUD,Dólar Australiano,3.6154,3.6164
2026-03-26,12:06:10,2026-03,GBP,Libra,6.9897,6.9926
2026-03-26,13:11:08,2026-03,GBP,Libra,6.9839,6.9858
2026-03-26,10:05:24,2026-03,AUD,Dólar Australiano,3.6147,3.6157
2026-03-26,12:06:10,2026-03,EUR,Euro,6.0412,6.0429
2026-03-26,12:06:10,2026-03,AUD,Dólar Australiano,3.6178,3.6198
2026-03-26,10:05:24,2026-03,USD,Dólar,5.2357,5.2363
2026-03-26,11:06:24,2026-03,USD,Dólar,5.2217,5.2223
2026-03-26,12:06:10,2026-03,USD,Dólar,5.2318,5.2324
2026-03-26,11:06:24,2026-03,AUD,Dólar Australiano,3.615,3.617
2026-03-26,13:11:08,2026-03,USD,Dólar,5.2302,5.2308
2026-03-26,13:11:08,2026-03,USD,Dólar,5.2314,5.232
2026-03-25,11:02:28,2026-03,USD,Dólar,5.2427,5.2433
2026-03-25,13:08:33,2026-03,USD,Dólar,5.224,5.2246
2026-03-25,11:02:28,2026-03,GBP,Libra,7.01,7.0119
2026-03-25,12:06:55,2026-03,USD,Dólar,5.2107,5.2113
2026-03-25,13:08:33,2026-03,EUR,Euro,6.047,6.0482
2026-03-25,13:08:33,2026-03,EUR,Euro,6.0436,6.0449
2026-03-25,12:06:55,2026-03,EUR,Euro,6.0366,6.0378
2026-03-25,11:02:28,2026-03,EUR,Euro,6.0679,6.0691
2026-03-25,10:08:26,2026-03,EUR,Euro,6.063,6.0642
2026-03-25,13:08:33,2026-03,USD,Dólar,5.2269,5.2275
2026-03-25,10:08:26,2026-03,GBP,Libra,7.006,7.0073
2026-03-25,11:02:28,2026-03,AUD,Dólar Australiano,3.6426,3.6436
2026-03-25,12:06:55,2026-03,AUD,Dólar Australiano,3.6298,3.6307
2026-03-25,13:08:33,2026-03,AUD,Dólar Australiano,3.6359,3.6374
2026-03-25,12:06:55,2026-03,GBP,Libra,6.9735,6.9758
2026-03-25,10:08:26,2026-03,USD,Dólar,5.2303,5.2309
2026-03-25,10:08:26,2026-03,AUD,Dólar Australiano,3.6398,3.6412
2026-03-25,13:08:33,2026-03,AUD,Dólar Australiano,3.6379,3.6394
2026-03-25,13:08:33,2026-03,GBP,Libra,6.984,6.9863
2026-03-25,13:08:33,2026-03,GBP,Libra,6.9878,6.9902
2026-03-24,13:09:28,2026-03,USD,Dólar,5.2593,5.2599
2026-03-24,13:09:28,2026-03,AUD,Dólar Australiano,3.6626,3.664
2026-03-24,10:08:27,2026-03,USD,Dólar,5.2534,5.254
2026-03-24,12:16:23,2026-03,USD,Dólar,5.2608,5.2614
2026-03-24,13:09:28,2026-03,USD,Dólar,5.2635,5.2641
2026-03-24,11:05:24,2026-03,USD,Dólar,5.2595,5.2601
2026-03-24,10:08:27,2026-03,AUD,Dólar Australiano,3.6537,3.6552
2026-03-24,13:09:28,2026-03,GBP,Libra,7.0369,7.0393
2026-03-24,13:09:28,2026-03,GBP,Libra,7.0426,7.0449
2026-03-24,11:05:24,2026-03,AUD,Dólar Australiano,3.6617,3.6631
2026-03-24,11:05:24,2026-03,GBP,Libra,7.0341,7.0375
2026-03-24,10:08:27,2026-03,GBP,Libra,7.0343,7.0372
2026-03-24,13:09:28,2026-03,EUR,Euro,6.0887,6.0904
2026-03-24,13:09:28,2026-03,EUR,Euro,6.0936,6.0953
2026-03-24,12:16:23,2026-03,EUR,Euro,6.0962,6.0985
2026-03-24,11:05:24,2026-03,EUR,Euro,6.0889,6.0907
2026-03-24,10:08:27,2026-03,EUR,Euro,6.085,6.0868
2026-03-24,13:09:28,2026-03,AUD,Dólar Australiano,3.6655,3.667
2026-03-24,12:16:23,2026-03,AUD,Dólar Australiano,3.6647,3.6667
2026-03-24,12:16:23,2026-03,GBP,Libra,7.0479,7.0519
2026-03-23,11:07:27,2026-03,GBP,Libra,7.0449,7.0505
2026-03-23,13:11:28,2026-03,EUR,Euro,6.0734,6.0757
2026-03-23,13:11:28,2026-03,EUR,Euro,6.0616,6.0639
2026-03-23,13:11:28,2026-03,USD,Dólar,5.2434,5.244
2026-03-23,13:11:28,2026-03,USD,Dólar,5.2332,5.2338
2026-03-23,12:04:25,2026-03,USD,Dólar,5.2256,5.2262
2026-03-23,11:07:27,2026-03,USD,Dólar,5.2535,5.2541
2026-03-23,10:04:27,2026-03,USD,Dólar,5.2614,5.262
2026-03-23,13:11:28,2026-03,GBP,Libra,7.0172,7.0191
2026-03-23,13:11:28,2026-03,GBP,Libra,7.0036,7.0054
2026-03-23,12:04:25,2026-03,GBP,Libra,7.0237,7.0282
2026-03-23,10:04:27,2026-03,GBP,Libra,7.065,7.07
2026-03-23,12:04:25,2026-03,EUR,Euro,6.0701,6.0718
2026-03-23,11:07:27,2026-03,EUR,Euro,6.0925,6.0953
2026-03-23,13:11:28,2026-03,AUD,Dólar Australiano,3.6662,3.6671
2026-03-23,13:11:28,2026-03,AUD,Dólar Australiano,3.6591,3.66
2026-03-23,12:04:25,2026-03,AUD,Dólar Australiano,3.682,3.6834
2026-03-23,10:04:27,2026-03,EUR,Euro,6.1101,6.1113
2026-03-23,10:04:27,2026-03,AUD,Dólar Australiano,3.6993,3.7008
2026-03-23,11:07:27,2026-03,AUD,Dólar Australiano,3.6916,3.6942
2026-03-20,11:05:24,2026-03,GBP,Libra,7.0571,7.06
2026-03-20,13:11:27,2026-03,USD,Dólar,5.2793,5.28
2026-03-20,12:06:25,2026-03,USD,Dólar,5.2976,5.2982
2026-03-20,13:11:27,2026-03,USD,Dólar,5.2882,5.2888
2026-03-20,12:06:25,2026-03,GBP,Libra,7.0495,7.0519
2026-03-20,11:05:24,2026-03,USD,Dólar,5.2866,5.2872
2026-03-20,10:02:26,2026-03,USD,Dólar,5.2449,5.2456
2026-03-20,10:02:26,2026-03,GBP,Libra,7.0177,7.0202
2026-03-20,13:11:27,2026-03,GBP,Libra,7.0215,7.024
2026-03-20,13:11:27,2026-03,GBP,Libra,7.0333,7.0357
2026-03-20,13:11:27,2026-03,AUD,Dólar Australiano,3.7181,3.7196
2026-03-20,13:11:27,2026-03,EUR,Euro,6.0934,6.0952
2026-03-20,12:06:25,2026-03,EUR,Euro,6.1108,6.112
2026-03-20,11:05:24,2026-03,EUR,Euro,6.1007,6.1025
2026-03-20,10:02:26,2026-03,EUR,Euro,6.0652,6.0671
2026-03-20,13:11:27,2026-03,EUR,Euro,6.1036,6.1054
2026-03-20,10:02:26,2026-03,AUD,Dólar Australiano,3.7102,3.7113
2026-03-20,11:05:24,2026-03,AUD,Dólar Australiano,3.7228,3.7243
2026-03-20,12:06:25,2026-03,AUD,Dólar Australiano,3.7269,3.7278
2026-03-20,13:11:27,2026-03,AUD,Dólar Australiano,3.7119,3.7134
2026-03-19,13:02:27,2026-03,USD,Dólar,5.2581,5.2587
2026-03-19,12:02:26,2026-03,AUD,Dólar Australiano,3.6962,3.6971
2026-03-19,13:02:27,2026-03,AUD,Dólar Australiano,3.6891,3.6906
2026-03-19,13:02:27,2026-03,AUD,Dólar Australiano,3.6985,3.7
2026-03-19,11:04:25,2026-03,USD,Dólar,5.2597,5.2603
2026-03-19,13:02:27,2026-03,USD,Dólar,5.2447,5.2453
2026-03-19,12:02:26,2026-03,USD,Dólar,5.2473,5.2479
2026-03-19,10:02:28,2026-03,AUD,Dólar Australiano,3.7064,3.7073
2026-03-19,10:02:28,2026-03,USD,Dólar,5.2805,5.2811
2026-03-19,13:02:27,2026-03,GBP,Libra,7.0232,7.0261
2026-03-19,10:02:28,2026-03,GBP,Libra,7.022,7.0244
2026-03-19,11:04:25,2026-03,GBP,Libra,7.0201,7.0236
2026-03-19,12:02:26,2026-03,GBP,Libra,7.012,7.0133
2026-03-19,11:04:25,2026-03,AUD,Dólar Australiano,3.7023,3.7038
2026-03-19,13:02:27,2026-03,GBP,Libra,7.0053,7.0082
2026-03-19,11:04:25,2026-03,EUR,Euro,6.0576,6.0599
2026-03-19,13:02:27,2026-03,EUR,Euro,6.0537,6.0554
2026-03-19,13:02:27,2026-03,EUR,Euro,6.0382,6.04
2026-03-19,10:02:28,2026-03,EUR,Euro,6.0662,6.0675
2026-03-19,12:02:26,2026-03,EUR,Euro,6.0423,6.0435
2026-03-18,11:02:25,2026-03,EUR,Euro,6.0012,6.0039
2026-03-18,10:02:26,2026-03,USD,Dólar,5.23,5.2306
2026-03-18,11:02:25,2026-03,USD,Dólar,5.2125,5.2131
2026-03-18,13:08:32,2026-03,USD,Dólar,5.1991,5.1997
2026-03-18,13:08:32,2026-03,USD,Dólar,5.2106,5.2112
2026-03-18,13:08:32,2026-03,EUR,Euro,5.9984,6.0002
2026-03-18,13:08:32,2026-03,EUR,Euro,5.9852,5.9869
2026-03-18,10:02:26,2026-03,EUR,Euro,6.0187,6.0199
2026-03-18,12:06:32,2026-03,EUR,Euro,5.989,5.9907
2026-03-18,12:06:32,2026-03,USD,Dólar,5.2006,5.2012
2026-03-18,13:08:32,2026-03,AUD,Dólar Australiano,3.687,3.6885
2026-03-18,10:02:26,2026-03,GBP,Libra,6.9637,6.9656
2026-03-18,11:02:25,2026-03,GBP,Libra,6.9451,6.9475
2026-03-18,12:06:32,2026-03,GBP,Libra,6.9298,6.9327
2026-03-18,13:08:32,2026-03,GBP,Libra,6.9257,6.9281
2026-03-18,13:08:32,2026-03,GBP,Libra,6.941,6.9434
2026-03-18,13:08:32,2026-03,AUD,Dólar Australiano,3.6789,3.6803
2026-03-18,12:06:32,2026-03,AUD,Dólar Australiano,3.6805,3.6814
2026-03-18,11:02:25,2026-03,AUD,Dólar Australiano,3.6826,3.6851
2026-03-18,10:02:26,2026-03,AUD,Dólar Australiano,3.6913,3.6923
2026-03-17,13:09:32,2026-03,EUR,Euro,5.9943,5.9961
2026-03-17,10:11:26,2026-03,EUR,Euro,6.0037,6.0054
2026-03-17,11:07:26,2026-03,EUR,Euro,5.9947,5.9959
2026-03-17,12:08:06,2026-03,EUR,Euro,5.9937,5.9949
2026-03-17,13:09:32,2026-03,EUR,Euro,5.9931,5.9948
2026-03-17,13:09:32,2026-03,GBP,Libra,6.9395,6.9418
2026-03-17,13:09:32,2026-03,GBP,Libra,6.938,6.9403
2026-03-17,10:11:26,2026-03,GBP,Libra,6.9461,6.9474
2026-03-17,12:08:06,2026-03,AUD,Dólar Australiano,3.6904,3.6919
2026-03-17,12:08:06,2026-03,GBP,Libra,6.9364,6.9388
2026-03-17,11:07:26,2026-03,GBP,Libra,6.9383,6.9412
2026-03-17,11:07:26,2026-03,AUD,Dólar Australiano,3.6966,3.6981
2026-03-17,13:09:32,2026-03,USD,Dólar,5.2005,5.2011
2026-03-17,13:09:32,2026-03,AUD,Dólar Australiano,3.6918,3.6928
2026-03-17,13:09:32,2026-03,AUD,Dólar Australiano,3.6926,3.6936
2026-03-17,10:11:26,2026-03,AUD,Dólar Australiano,3.6973,3.6988
2026-03-17,12:08:06,2026-03,USD,Dólar,5.197,5.1976
2026-03-17,11:07:26,2026-03,USD,Dólar,5.1992,5.1998
2026-03-17,10:11:26,2026-03,USD,Dólar,5.2097,5.2103
2026-03-17,13:09:32,2026-03,USD,Dólar,5.2016,5.2022
2026-03-16,12:08:46,2026-03,GBP,Libra,7.0107,7.012
2026-03-16,11:05:26,2026-03,USD,Dólar,5.256,5.2566
2026-03-16,10:08:30,2026-03,GBP,Libra,6.9933,6.9946
2026-03-16,11:05:26,2026-03,GBP,Libra,6.9936,6.9955
2026-03-16,12:08:46,2026-03,USD,Dólar,5.2716,5.2722
2026-03-16,13:08:25,2026-03,GBP,Libra,6.9993,7.0006
2026-03-16,10:08:30,2026-03,AUD,Dólar Australiano,3.7133,3.7148
2026-03-16,11:05:26,2026-03,AUD,Dólar Australiano,3.716,3.7185
2026-03-16,12:08:46,2026-03,AUD,Dólar Australiano,3.7233,3.7243
2026-03-16,13:08:25,2026-03,AUD,Dólar Australiano,3.712,3.7129
2026-03-16,13:08:25,2026-03,AUD,Dólar Australiano,3.7133,3.7142
2026-03-16,13:08:25,2026-03,GBP,Libra,7.0018,7.0031
2026-03-16,10:08:30,2026-03,USD,Dólar,5.2664,5.267
2026-03-16,13:08:25,2026-03,EUR,Euro,6.0458,6.0476
2026-03-16,13:08:25,2026-03,EUR,Euro,6.0436,6.0454
2026-03-16,12:08:46,2026-03,EUR,Euro,6.056,6.0578
2026-03-16,11:05:26,2026-03,EUR,Euro,6.0439,6.0456
2026-03-16,10:08:30,2026-03,EUR,Euro,6.0432,6.0449
2026-03-16,13:08:25,2026-03,USD,Dólar,5.2622,5.2628
2026-03-16,13:08:25,2026-03,USD,Dólar,5.2641,5.2647
2026-03-13,12:03:25,2026-03,EUR,Euro,6.0242,6.0254
2026-03-13,13:03:28,2026-03,USD,Dólar,5.2535,5.2541
2026-03-13,13:03:28,2026-03,USD,Dólar,5.2896,5.2902
2026-03-13,11:06:24,2026-03,USD,Dólar,5.2252,5.2258
2026-03-13,10:09:25,2026-03,USD,Dólar,5.2409,5.2415
2026-03-13,13:03:28,2026-03,AUD,Dólar Australiano,3.7043,3.7053
2026-03-13,13:03:28,2026-03,EUR,Euro,6.0529,6.0541
2026-03-13,13:03:28,2026-03,AUD,Dólar Australiano,3.679,3.68
2026-03-13,11:06:24,2026-03,AUD,Dólar Australiano,3.6827,3.6847
2026-03-13,12:03:25,2026-03,AUD,Dólar Australiano,3.6933,3.6942
2026-03-13,10:09:25,2026-03,EUR,Euro,6.0166,6.0178
2026-03-13,11:06:24,2026-03,EUR,Euro,5.998,5.9997
2026-03-13,13:03:28,2026-03,EUR,Euro,6.0116,6.0128
2026-03-13,10:09:25,2026-03,AUD,Dólar Australiano,3.699,3.7
2026-03-13,12:03:25,2026-03,USD,Dólar,5.2581,5.2587
2026-03-13,13:03:28,2026-03,GBP,Libra,6.9541,6.9554
2026-03-13,11:06:24,2026-03,GBP,Libra,6.9391,6.9409
2026-03-13,10:09:25,2026-03,GBP,Libra,6.9557,6.9586
2026-03-13,13:03:28,2026-03,GBP,Libra,7.0018,7.0032
2026-03-13,12:03:25,2026-03,GBP,Libra,6.9701,6.9715
2026-03-12,10:03:26,2026-03,EUR,Euro,5.9648,5.9665
2026-03-12,11:10:25,2026-03,USD,Dólar,5.2058,5.2064
2026-03-12,12:04:55,2026-03,USD,Dólar,5.2258,5.2264
2026-03-12,13:10:28,2026-03,AUD,Dólar Australiano,3.6889,3.6899
2026-03-12,13:10:28,2026-03,AUD,Dólar Australiano,3.6977,3.6986
2026-03-12,12:04:55,2026-03,AUD,Dólar Australiano,3.7051,3.7066
2026-03-12,11:10:25,2026-03,AUD,Dólar Australiano,3.6951,3.696
2026-03-12,10:03:26,2026-03,AUD,Dólar Australiano,3.686,3.6875
2026-03-12,13:10:28,2026-03,USD,Dólar,5.2168,5.2174
2026-03-12,13:10:28,2026-03,USD,Dólar,5.2045,5.2051
2026-03-12,13:10:28,2026-03,GBP,Libra,6.9464,6.9488
2026-03-12,13:10:28,2026-03,EUR,Euro,5.9961,5.9978
2026-03-12,10:03:26,2026-03,USD,Dólar,5.1697,5.1703
2026-03-12,12:04:55,2026-03,EUR,Euro,6.0201,6.0219
2026-03-12,11:10:25,2026-03,EUR,Euro,6.0007,6.0019
2026-03-12,13:10:28,2026-03,EUR,Euro,6.0103,6.012
2026-03-12,13:10:28,2026-03,GBP,Libra,6.9629,6.9652
2026-03-12,12:04:55,2026-03,GBP,Libra,6.9801,6.9814
2026-03-12,11:10:25,2026-03,GBP,Libra,6.9602,6.9615
2026-03-12,10:03:26,2026-03,GBP,Libra,6.9155,6.9179
2026-03-11,13:04:25,2026-03,EUR,Euro,5.9669,5.9681
2026-03-11,10:08:25,2026-03,AUD,Dólar Australiano,3.694,3.695
2026-03-11,13:04:25,2026-03,GBP,Libra,6.911,6.9133
2026-03-11,13:04:25,2026-03,GBP,Libra,6.9113,6.9136
2026-03-11,12:02:25,2026-03,GBP,Libra,6.9175,6.9198
2026-03-11,13:04:25,2026-03,AUD,Dólar Australiano,3.6882,3.6896
2026-03-11,13:04:25,2026-03,AUD,Dólar Australiano,3.6883,3.6898
2026-03-11,12:02:25,2026-03,AUD,Dólar Australiano,3.6997,3.7011
2026-03-11,11:10:25,2026-03,AUD,Dólar Australiano,3.6929,3.6943
2026-03-11,11:10:25,2026-03,GBP,Libra,6.9138,6.9151
2026-03-11,13:04:25,2026-03,EUR,Euro,5.9671,5.9683
2026-03-11,10:08:25,2026-03,GBP,Libra,6.9259,6.9282
2026-03-11,13:04:25,2026-03,USD,Dólar,5.159,5.1596
2026-03-11,13:04:25,2026-03,USD,Dólar,5.1592,5.1598
2026-03-11,12:02:25,2026-03,USD,Dólar,5.1542,5.1548
2026-03-11,11:10:25,2026-03,USD,Dólar,5.1526,5.1532
2026-03-11,10:08:25,2026-03,USD,Dólar,5.1701,5.1707
2026-03-11,10:08:25,2026-03,EUR,Euro,5.9875,5.9887
2026-03-11,11:10:25,2026-03,EUR,Euro,5.9719,5.9736
2026-03-11,12:02:25,2026-03,EUR,Euro,5.9691,5.9703
2026-03-10,13:09:26,2026-03,USD,Dólar,5.1616,5.1622
2026-03-10,12:06:24,2026-03,USD,Dólar,5.1539,5.1545
2026-03-10,13:09:26,2026-03,USD,Dólar,5.1489,5.1495
2026-03-10,11:09:25,2026-03,GBP,Libra,6.9567,6.9596
2026-03-10,13:09:26,2026-03,GBP,Libra,6.946,6.9478
2026-03-10,13:09:26,2026-03,GBP,Libra,6.9289,6.9307
2026-03-10,12:06:24,2026-03,GBP,Libra,6.9397,6.9426
2026-03-10,10:08:26,2026-03,USD,Dólar,5.1691,5.1697
2026-03-10,10:08:26,2026-03,GBP,Libra,6.9473,6.9501
2026-03-10,10:08:26,2026-03,EUR,Euro,6.0137,6.0155
2026-03-10,11:09:25,2026-03,EUR,Euro,6.0175,6.0198
2026-03-10,13:09:26,2026-03,EUR,Euro,6.0112,6.0129
2026-03-10,11:09:25,2026-03,USD,Dólar,5.1746,5.1752
2026-03-10,13:09:26,2026-03,EUR,Euro,5.9964,5.9981
2026-03-10,12:06:24,2026-03,EUR,Euro,6.0033,6.0045
2026-03-10,10:08:26,2026-03,AUD,Dólar Australiano,3.6773,3.6788
2026-03-10,11:09:25,2026-03,AUD,Dólar Australiano,3.6828,3.6863
2026-03-10,12:06:24,2026-03,AUD,Dólar Australiano,3.6825,3.6839
2026-03-10,13:09:26,2026-03,AUD,Dólar Australiano,3.6804,3.6819
2026-03-10,13:09:26,2026-03,AUD,Dólar Australiano,3.6895,3.691
2026-03-09,13:10:27,2026-03,USD,Dólar,5.2133,5.2139
2026-03-09,13:10:27,2026-03,USD,Dólar,5.2064,5.207
2026-03-09,12:06:30,2026-03,GBP,Libra,6.9626,6.9655
2026-03-09,11:05:26,2026-03,GBP,Libra,6.9689,6.9702
2026-03-09,10:05:26,2026-03,GBP,Libra,6.9843,6.9877
2026-03-09,10:05:26,2026-03,EUR,Euro,6.0438,6.0455
2026-03-09,13:10:27,2026-03,GBP,Libra,6.9806,6.9851
2026-03-09,11:05:26,2026-03,EUR,Euro,6.0305,6.0343
2026-03-09,12:06:30,2026-03,EUR,Euro,6.0236,6.0253
2026-03-09,13:10:27,2026-03,EUR,Euro,6.0353,6.0365
2026-03-09,13:10:27,2026-03,EUR,Euro,6.0433,6.0445
2026-03-09,12:06:30,2026-03,AUD,Dólar Australiano,3.6619,3.6629
2026-03-09,11:05:26,2026-03,AUD,Dólar Australiano,3.6619,3.6628
2026-03-09,10:05:26,2026-03,AUD,Dólar Australiano,3.6669,3.6694
2026-03-09,13:10:27,2026-03,GBP,Libra,6.9714,6.9758
2026-03-09,12:06:30,2026-03,USD,Dólar,5.2053,5.2059
2026-03-09,13:10:27,2026-03,AUD,Dólar Australiano,3.6669,3.6694
2026-03-09,11:05:26,2026-03,USD,Dólar,5.2104,5.211
2026-03-09,10:05:26,2026-03,USD,Dólar,5.2309,5.2315
2026-03-09,13:10:27,2026-03,AUD,Dólar Australiano,3.6717,3.6742
2026-03-06,10:06:24,2026-03,USD,Dólar,5.287,5.2876
2026-03-06,10:06:24,2026-03,AUD,Dólar Australiano,3.7009,3.7018
2026-03-06,11:04:24,2026-03,AUD,Dólar Australiano,3.702,3.704
2026-03-06,12:05:26,2026-03,AUD,Dólar Australiano,3.6942,3.6957
2026-03-06,13:10:27,2026-03,AUD,Dólar Australiano,3.6949,3.6964
2026-03-06,13:10:27,2026-03,AUD,Dólar Australiano,3.7032,3.7046
2026-03-06,13:10:27,2026-03,USD,Dólar,5.2872,5.2878
2026-03-06,13:10:27,2026-03,USD,Dólar,5.2754,5.276
2026-03-06,12:05:26,2026-03,USD,Dólar,5.2842,5.2848
2026-03-06,11:04:24,2026-03,USD,Dólar,5.3022,5.3028
2026-03-06,13:10:27,2026-03,GBP,Libra,7.0469,7.0493
2026-03-06,13:10:27,2026-03,EUR,Euro,6.1084,6.1101
2026-03-06,12:05:26,2026-03,EUR,Euro,6.1149,6.1166
2026-03-06,11:04:24,2026-03,EUR,Euro,6.1256,6.1274
2026-03-06,10:06:24,2026-03,EUR,Euro,6.1086,6.1104
2026-03-06,10:06:24,2026-03,GBP,Libra,7.0449,7.0473
2026-03-06,11:04:24,2026-03,GBP,Libra,7.0705,7.0739
2026-03-06,12:05:26,2026-03,GBP,Libra,7.0502,7.0515
2026-03-06,13:10:27,2026-03,EUR,Euro,6.122,6.1238
2026-03-06,13:10:27,2026-03,GBP,Libra,7.0626,7.065
2026-03-05,13:03:29,2026-03,AUD,Dólar Australiano,3.6849,3.6858
2026-03-05,10:05:24,2026-03,AUD,Dólar Australiano,3.6964,3.6978
2026-03-05,11:07:25,2026-03,AUD,Dólar Australiano,3.6845,3.686
2026-03-05,12:10:26,2026-03,AUD,Dólar Australiano,3.6833,3.6848
2026-03-05,13:03:29,2026-03,EUR,Euro,6.0737,6.0749
2026-03-05,13:03:29,2026-03,AUD,Dólar Australiano,3.6772,3.6781
2026-03-05,10:05:24,2026-03,EUR,Euro,6.0928,6.0945
2026-03-05,11:07:25,2026-03,EUR,Euro,6.0793,6.0811
2026-03-05,13:03:29,2026-03,EUR,Euro,6.0865,6.0877
2026-03-05,12:10:26,2026-03,EUR,Euro,6.0735,6.0754
2026-03-05,13:03:29,2026-03,GBP,Libra,7.0008,7.0022
2026-03-05,13:03:29,2026-03,USD,Dólar,5.2441,5.2447
2026-03-05,10:05:24,2026-03,USD,Dólar,5.2438,5.2444
2026-03-05,11:07:25,2026-03,USD,Dólar,5.2426,5.2432
2026-03-05,12:10:26,2026-03,USD,Dólar,5.2349,5.2356
2026-03-05,10:05:24,2026-03,GBP,Libra,7.0078,7.0107
2026-03-05,11:07:25,2026-03,GBP,Libra,6.9952,6.9981
2026-03-05,12:10:26,2026-03,GBP,Libra,6.9849,6.988
2026-03-05,13:03:29,2026-03,USD,Dólar,5.2551,5.2557
2026-03-05,13:03:29,2026-03,GBP,Libra,6.9862,6.9875
2026-03-04,10:06:26,2026-03,AUD,Dólar Australiano,3.6747,3.6767
2026-03-04,10:06:26,2026-03,USD,Dólar,5.2183,5.2189
2026-03-04,12:02:48,2026-03,AUD,Dólar Australiano,3.669,3.671
2026-03-04,10:06:26,2026-03,EUR,Euro,6.0694,6.0711
2026-03-04,11:03:25,2026-03,USD,Dólar,5.2103,5.2109
2026-03-04,12:02:48,2026-03,USD,Dólar,5.2102,5.2108
2026-03-04,13:07:27,2026-03,USD,Dólar,5.1953,5.1959
2026-03-04,13:07:27,2026-03,USD,Dólar,5.2085,5.2091
2026-03-04,11:03:25,2026-03,AUD,Dólar Australiano,3.6743,3.6758
2026-03-04,13:07:27,2026-03,AUD,Dólar Australiano,3.6829,3.6844
2026-03-04,13:07:27,2026-03,AUD,Dólar Australiano,3.6736,3.6751
2026-03-04,11:03:25,2026-03,EUR,Euro,6.0591,6.0608
2026-03-04,13:07:27,2026-03,EUR,Euro,6.0622,6.0639
2026-03-04,12:02:48,2026-03,EUR,Euro,6.0553,6.0576
2026-03-04,13:07:27,2026-03,EUR,Euro,6.0468,6.0485
2026-03-04,10:06:26,2026-03,GBP,Libra,6.9685,6.9698
2026-03-04,11:03:25,2026-03,GBP,Libra,6.961,6.9638
2026-03-04,12:02:48,2026-03,GBP,Libra,6.9593,6.9627
2026-03-04,13:07:27,2026-03,GBP,Libra,6.9435,6.9448
2026-03-04,13:07:27,2026-03,GBP,Libra,6.9612,6.9625
2026-03-03,10:10:25,2026-03,GBP,Libra,6.9841,6.9875
2026-03-03,13:10:27,2026-03,GBP,Libra,7.0309,7.0344
2026-03-03,10:10:25,2026-03,AUD,Dólar Australiano,3.6858,3.6878
2026-03-03,13:10:27,2026-03,USD,Dólar,5.3087,5.3093
2026-03-03,13:10:27,2026-03,USD,Dólar,5.2864,5.287
2026-03-03,12:11:25,2026-03,GBP,Libra,7.0829,7.0842
2026-03-03,12:11:25,2026-03,USD,Dólar,5.3323,5.3329
2026-03-03,11:09:25,2026-03,USD,Dólar,5.2615,5.2621
2026-03-03,10:10:25,2026-03,USD,Dólar,5.2429,5.2435
2026-03-03,11:09:25,2026-03,AUD,Dólar Australiano,3.6894,3.6903
2026-03-03,12:11:25,2026-03,AUD,Dólar Australiano,3.7187,3.7202
2026-03-03,13:10:27,2026-03,AUD,Dólar Australiano,3.7134,3.7154
2026-03-03,13:10:27,2026-03,AUD,Dólar Australiano,3.6978,3.6998
2026-03-03,11:09:25,2026-03,GBP,Libra,6.9983,7.0002
2026-03-03,13:10:27,2026-03,GBP,Libra,7.0606,7.064
2026-03-03,13:10:27,2026-03,EUR,Euro,6.118,6.1197
2026-03-03,13:10:27,2026-03,EUR,Euro,6.1438,6.1455
2026-03-03,12:11:25,2026-03,EUR,Euro,6.1673,6.1696
2026-03-03,11:09:25,2026-03,EUR,Euro,6.0986,6.1004
2026-03-03,10:10:25,2026-03,EUR,Euro,6.0886,6.0898
2026-03-02,11:04:26,2026-03,GBP,Libra,6.973,6.9765
2026-03-02,13:09:26,2026-03,EUR,Euro,6.0725,6.0742
2026-03-02,13:09:26,2026-03,AUD,Dólar Australiano,3.6693,3.6702
2026-03-02,13:09:26,2026-03,AUD,Dólar Australiano,3.6671,3.668
2026-03-02,12:07:26,2026-03,AUD,Dólar Australiano,3.6707,3.6732
2026-03-02,11:04:26,2026-03,AUD,Dólar Australiano,3.6784,3.6793
2026-03-02,10:04:26,2026-03,AUD,Dólar Australiano,3.6692,3.6707
2026-03-02,10:04:26,2026-03,EUR,Euro,6.0836,6.0848
2026-03-02,11:04:26,2026-03,EUR,Euro,6.0978,6.0995
2026-03-02,12:07:26,2026-03,EUR,Euro,6.08,6.0818
2026-03-02,13:09:26,2026-03,EUR,Euro,6.0689,6.0706
2026-03-02,13:09:26,2026-03,USD,Dólar,5.1995,5.2001
2026-03-02,13:09:26,2026-03,USD,Dólar,5.1964,5.197
2026-03-02,12:07:26,2026-03,USD,Dólar,5.1904,5.191
2026-03-02,11:04:26,2026-03,USD,Dólar,5.2131,5.2137
2026-03-02,10:04:26,2026-03,USD,Dólar,5.1979,5.1985
2026-03-02,10:04:26,2026-03,GBP,Libra,6.9636,6.965
2026-03-02,12:07:26,2026-03,GBP,Libra,6.9557,6.9596
2026-03-02,13:09:26,2026-03,GBP,Libra,6.9471,6.9499
2026-03-02,13:09:26,2026-03,GBP,Libra,6.9512,6.9541
2026-02-27,10:07:25,2026-02,USD,Dólar,5.152,5.1526
2026-02-27,13:02:27,2026-02,EUR,Euro,6.0762,6.0795
2026-02-27,13:02:27,2026-02,EUR,Euro,6.0512,6.0545
2026-02-27,12:08:25,2026-02,EUR,Euro,6.0781,6.0793
2026-02-27,11:11:24,2026-02,EUR,Euro,6.0873,6.0911
2026-02-27,10:07:25,2026-02,EUR,Euro,6.0804,6.0816
2026-02-27,13:02:27,2026-02,USD,Dólar,5.1489,5.1495
2026-02-27,11:11:24,2026-02,USD,Dólar,5.1635,5.1641
2026-02-27,13:02:27,2026-02,AUD,Dólar Australiano,3.6686,3.67
2026-02-27,12:08:25,2026-02,USD,Dólar,5.1522,5.1528
2026-02-27,13:02:27,2026-02,AUD,Dólar Australiano,3.6535,3.6549
2026-02-27,12:08:25,2026-02,AUD,Dólar Australiano,3.6601,3.6611
2026-02-27,11:11:24,2026-02,AUD,Dólar Australiano,3.6651,3.666
2026-02-27,10:07:25,2026-02,GBP,Libra,6.9397,6.9411
2026-02-27,11:11:24,2026-02,GBP,Libra,6.9423,6.9436
2026-02-27,12:08:25,2026-02,GBP,Libra,6.9292,6.9305
2026-02-27,13:02:27,2026-02,GBP,Libra,6.8932,6.8955
2026-02-27,13:02:27,2026-02,GBP,Libra,6.9217,6.924
2026-02-27,10:07:25,2026-02,AUD,Dólar Australiano,3.6605,3.6614
2026-02-27,13:02:27,2026-02,USD,Dólar,5.1277,5.1283
2026-02-26,13:06:33,2026-02,USD,Dólar,5.1376,5.1382
2026-02-26,13:06:33,2026-02,USD,Dólar,5.1414,5.142
2026-02-26,12:04:44,2026-02,USD,Dólar,5.147,5.1476
2026-02-26,11:08:25,2026-02,USD,Dólar,5.1365,5.1371
2026-02-26,10:12:43,2026-02,USD,Dólar,5.1253,5.1259
2026-02-26,12:04:44,2026-02,AUD,Dólar Australiano,3.6559,3.6574
2026-02-26,13:06:33,2026-02,EUR,Euro,6.0613,6.0631
2026-02-26,13:06:33,2026-02,AUD,Dólar Australiano,3.6494,3.6508
2026-02-26,12:04:44,2026-02,EUR,Euro,6.0796,6.0814
2026-02-26,11:08:25,2026-02,EUR,Euro,6.0642,6.0654
2026-02-26,10:12:43,2026-02,GBP,Libra,6.9432,6.9456
2026-02-26,11:08:25,2026-02,GBP,Libra,6.9523,6.9541
2026-02-26,12:04:44,2026-02,GBP,Libra,6.9711,6.9735
2026-02-26,13:06:33,2026-02,GBP,Libra,6.9481,6.9494
2026-02-26,13:06:33,2026-02,GBP,Libra,6.943,6.9443
2026-02-26,10:12:43,2026-02,EUR,Euro,6.0525,6.0537
2026-02-26,10:12:43,2026-02,AUD,Dólar Australiano,3.6487,3.6496
2026-02-26,11:08:25,2026-02,AUD,Dólar Australiano,3.6515,3.653
2026-02-26,13:06:33,2026-02,AUD,Dólar Australiano,3.6467,3.6481
2026-02-26,13:06:33,2026-02,EUR,Euro,6.0658,6.0676
2026-02-25,13:05:27,2026-02,AUD,Dólar Australiano,3.6559,3.6574
2026-02-25,13:05:27,2026-02,GBP,Libra,6.9606,6.9629
2026-02-25,10:11:26,2026-02,USD,Dólar,5.1276,5.1282
2026-02-25,11:07:25,2026-02,USD,Dólar,5.153,5.1536
2026-02-25,13:05:27,2026-02,EUR,Euro,6.0697,6.0709
2026-02-25,13:05:27,2026-02,EUR,Euro,6.0708,6.072
2026-02-25,12:11:25,2026-02,EUR,Euro,6.0684,6.0696
2026-02-25,11:07:25,2026-02,EUR,Euro,6.0671,6.0684
2026-02-25,10:11:26,2026-02,EUR,Euro,6.0434,6.0446
2026-02-25,12:11:25,2026-02,AUD,Dólar Australiano,3.6505,3.6535
2026-02-25,13:05:27,2026-02,GBP,Libra,6.9618,6.9641
2026-02-25,12:11:25,2026-02,GBP,Libra,6.9612,6.9635
2026-02-25,11:07:25,2026-02,GBP,Libra,6.9602,6.9625
2026-02-25,10:11:26,2026-02,GBP,Libra,6.933,6.9359
2026-02-25,10:11:26,2026-02,AUD,Dólar Australiano,3.6365,3.6374
2026-02-25,11:07:25,2026-02,AUD,Dólar Australiano,3.6535,3.6544
2026-02-25,13:05:27,2026-02,USD,Dólar,5.1434,5.144
2026-02-25,13:05:27,2026-02,USD,Dólar,5.1443,5.1449
2026-02-25,12:11:25,2026-02,USD,Dólar,5.1488,5.1494
2026-02-25,13:05:27,2026-02,AUD,Dólar Australiano,3.6566,3.658
2026-02-24,12:03:25,2026-02,EUR,Euro,6.0882,6.0895
2026-02-24,13:04:29,2026-02,AUD,Dólar Australiano,3.6333,3.6342
2026-02-24,13:04:29,2026-02,AUD,Dólar Australiano,3.6442,3.6451
2026-02-24,11:09:24,2026-02,AUD,Dólar Australiano,3.635,3.637
2026-02-24,10:11:24,2026-02,AUD,Dólar Australiano,3.6446,3.6461
2026-02-24,13:04:29,2026-02,GBP,Libra,6.983,6.9853
2026-02-24,10:11:24,2026-02,EUR,Euro,6.0977,6.0989
2026-02-24,10:11:24,2026-02,GBP,Libra,6.9813,6.9826
2026-02-24,11:09:24,2026-02,GBP,Libra,6.9712,6.9736
2026-02-24,12:03:25,2026-02,GBP,Libra,6.9793,6.9838
2026-02-24,13:04:29,2026-02,GBP,Libra,6.962,6.9644
2026-02-24,13:04:29,2026-02,EUR,Euro,6.0645,6.0663
2026-02-24,13:04:29,2026-02,EUR,Euro,6.0828,6.0845
2026-02-24,11:09:24,2026-02,EUR,Euro,6.0856,6.0868
2026-02-24,12:03:25,2026-02,AUD,Dólar Australiano,3.6394,3.6414
2026-02-24,13:04:29,2026-02,USD,Dólar,5.1676,5.1682
2026-02-24,13:04:29,2026-02,USD,Dólar,5.1521,5.1527
2026-02-24,12:03:25,2026-02,USD,Dólar,5.1718,5.1724
2026-02-24,11:09:24,2026-02,USD,Dólar,5.17,5.1706
2026-02-24,10:11:24,2026-02,USD,Dólar,5.1763,5.1769
2026-02-23,12:07:44,2026-02,EUR,Euro,6.0717,6.0729
2026-02-23,11:03:26,2026-02,AUD,Dólar Australiano,3.6518,3.6528
2026-02-23,12:07:44,2026-02,AUD,Dólar Australiano,3.6401,3.6411
2026-02-23,13:02:28,2026-02,AUD,Dólar Australiano,3.6376,3.6401
2026-02-23,13:02:28,2026-02,AUD,Dólar Australiano,3.644,3.6465
2026-02-23,11:03:26,2026-02,EUR,Euro,6.0941,6.0959
2026-02-23,13:02:28,2026-02,GBP,Libra,6.9653,6.9697
2026-02-23,10:08:25,2026-02,EUR,Euro,6.1122,6.114
2026-02-23,13:02:28,2026-02,EUR,Euro,6.0891,6.0903
2026-02-23,13:02:28,2026-02,GBP,Libra,6.9531,6.9575
2026-02-23,12:07:44,2026-02,GBP,Libra,6.9527,6.9561
2026-02-23,11:03:26,2026-02,GBP,Libra,6.9781,6.98
2026-02-23,10:08:25,2026-02,GBP,Libra,6.9963,6.9987
2026-02-23,13:02:28,2026-02,EUR,Euro,6.0785,6.0797
2026-02-23,10:08:25,2026-02,AUD,Dólar Australiano,3.6649,3.6664
2026-02-23,13:02:28,2026-02,USD,Dólar,5.1629,5.1635
2026-02-23,10:08:25,2026-02,USD,Dólar,5.1882,5.1888
2026-02-23,11:03:26,2026-02,USD,Dólar,5.1667,5.1673
2026-02-23,12:07:44,2026-02,USD,Dólar,5.1429,5.1435
2026-02-23,13:02:28,2026-02,USD,Dólar,5.1539,5.1545
2026-02-20,12:10:25,2026-02,EUR,Euro,6.1119,6.1132
2026-02-20,10:02:26,2026-02,EUR,Euro,6.1372,6.1411
2026-02-20,11:03:24,2026-02,EUR,Euro,6.124,6.1257
2026-02-20,13:02:26,2026-02,EUR,Euro,6.1119,6.1137
2026-02-20,13:02:26,2026-02,EUR,Euro,6.1292,6.131
2026-02-20,13:02:26,2026-02,USD,Dólar,5.2,5.2006
2026-02-20,13:02:26,2026-02,USD,Dólar,5.1853,5.1859
2026-02-20,12:10:25,2026-02,USD,Dólar,5.1937,5.1943
2026-02-20,11:03:24,2026-02,USD,Dólar,5.2035,5.2041
2026-02-20,10:02:26,2026-02,USD,Dólar,5.2174,5.218
2026-02-20,13:02:26,2026-02,GBP,Libra,7.02,7.0224
2026-02-20,13:02:26,2026-02,AUD,Dólar Australiano,3.6842,3.6851
2026-02-20,13:02:26,2026-02,AUD,Dólar Australiano,3.6738,3.6747
2026-02-20,12:10:25,2026-02,AUD,Dólar Australiano,3.6668,3.6677
2026-02-20,11:03:24,2026-02,AUD,Dólar Australiano,3.6695,3.6705
2026-02-20,10:02:26,2026-02,AUD,Dólar Australiano,3.6746,3.6756
2026-02-20,13:02:26,2026-02,GBP,Libra,7.0002,7.0025
2026-02-20,12:10:25,2026-02,GBP,Libra,6.999,7.0009
2026-02-20,11:03:24,2026-02,GBP,Libra,7.018,7.0193
2026-02-20,10:02:26,2026-02,GBP,Libra,7.0304,7.0318
2026-02-19,11:05:25,2026-02,EUR,Euro,6.1397,6.141
2026-02-19,13:11:26,2026-02,GBP,Libra,7.0297,7.0312
2026-02-19,13:11:26,2026-02,GBP,Libra,7.0223,7.0236
2026-02-19,12:09:26,2026-02,GBP,Libra,7.0237,7.0261
2026-02-19,11:05:25,2026-02,GBP,Libra,7.0273,7.0292
2026-02-19,10:11:19,2026-02,GBP,Libra,7.0503,7.0528
2026-02-19,10:11:19,2026-02,EUR,Euro,6.1637,6.165
2026-02-19,10:11:19,2026-02,USD,Dólar,5.2372,5.2379
2026-02-19,12:09:26,2026-02,EUR,Euro,6.1401,6.1419
2026-02-19,13:11:26,2026-02,AUD,Dólar Australiano,3.6873,3.6883
2026-02-19,12:09:26,2026-02,USD,Dólar,5.2252,5.2258
2026-02-19,10:11:19,2026-02,AUD,Dólar Australiano,3.6907,3.6917
2026-02-19,11:05:25,2026-02,AUD,Dólar Australiano,3.6804,3.6813
2026-02-19,12:09:26,2026-02,AUD,Dólar Australiano,3.6749,3.6764
2026-02-19,13:11:26,2026-02,AUD,Dólar Australiano,3.6834,3.6843
2026-02-19,13:11:26,2026-02,USD,Dólar,5.2195,5.2201
2026-02-19,13:11:26,2026-02,USD,Dólar,5.225,5.2257
2026-02-19,11:05:25,2026-02,USD,Dólar,5.2182,5.2188
2026-02-19,13:11:26,2026-02,EUR,Euro,6.1456,6.1475
2026-02-19,13:11:26,2026-02,EUR,Euro,6.1392,6.1409
2026-02-18,14:40:27,2026-02,GBP,Libra,7.0738,7.0761
2026-02-18,15:40:28,2026-02,EUR,Euro,6.1733,6.1746
2026-02-18,15:40:28,2026-02,AUD,Dólar Australiano,3.6918,3.6927
2026-02-18,15:40:28,2026-02,AUD,Dólar Australiano,3.696,3.6969
2026-02-18,14:40:27,2026-02,AUD,Dólar Australiano,3.6932,3.6947
2026-02-18,15:40:28,2026-02,EUR,Euro,6.1804,6.1816
2026-02-18,14:40:27,2026-02,EUR,Euro,6.1735,6.1752
2026-02-18,15:40:28,2026-02,GBP,Libra,7.0731,7.0755
2026-02-18,15:40:28,2026-02,GBP,Libra,7.0812,7.0836
2026-02-18,14:40:27,2026-02,USD,Dólar,5.2282,5.2288
2026-02-18,15:40:28,2026-02,USD,Dólar,5.2403,5.2409
2026-02-18,15:40:28,2026-02,USD,Dólar,5.2343,5.2349
2026-02-13,13:04:28,2026-02,GBP,Libra,7.1166,7.119
2026-02-13,12:06:33,2026-02,EUR,Euro,6.2151,6.2163
2026-02-13,10:08:26,2026-02,EUR,Euro,6.1884,6.1896
2026-02-13,13:04:28,2026-02,AUD,Dólar Australiano,3.6911,3.6921
2026-02-13,13:04:28,2026-02,GBP,Libra,7.1278,7.1302
2026-02-13,10:08:26,2026-02,AUD,Dólar Australiano,3.6796,3.6805
2026-02-13,11:07:25,2026-02,AUD,Dólar Australiano,3.6895,3.6904
2026-02-13,12:06:33,2026-02,AUD,Dólar Australiano,3.6948,3.6962
2026-02-13,13:04:28,2026-02,AUD,Dólar Australiano,3.6969,3.6978
2026-02-13,10:08:26,2026-02,USD,Dólar,5.217,5.2176
2026-02-13,11:07:25,2026-02,USD,Dólar,5.2185,5.2191
2026-02-13,12:06:33,2026-02,USD,Dólar,5.2408,5.2414
2026-02-13,13:04:28,2026-02,USD,Dólar,5.2364,5.237
2026-02-13,11:07:25,2026-02,EUR,Euro,6.1959,6.1977
2026-02-13,13:04:28,2026-02,USD,Dólar,5.2282,5.2288
2026-02-13,13:04:28,2026-02,EUR,Euro,6.2041,6.2053
2026-02-13,13:04:28,2026-02,EUR,Euro,6.1944,6.1956
2026-02-13,12:06:33,2026-02,GBP,Libra,7.1406,7.143
2026-02-13,11:07:25,2026-02,GBP,Libra,7.1149,7.1173
2026-02-13,10:08:26,2026-02,GBP,Libra,7.0988,7.1001
2026-02-12,13:04:38,2026-02,GBP,Libra,7.0537,7.0561
2026-02-12,13:04:38,2026-02,USD,Dólar,5.1668,5.1674
2026-02-12,13:04:38,2026-02,USD,Dólar,5.1708,5.1714
2026-02-12,12:06:24,2026-02,USD,Dólar,5.1597,5.1603
2026-02-12,11:03:25,2026-02,USD,Dólar,5.1615,5.1621
2026-02-12,10:11:26,2026-02,USD,Dólar,5.1752,5.1758
2026-02-12,13:04:38,2026-02,GBP,Libra,7.0592,7.0615
2026-02-12,12:06:24,2026-02,GBP,Libra,7.0507,7.0521
2026-02-12,11:03:25,2026-02,GBP,Libra,7.0449,7.0473
2026-02-12,10:11:26,2026-02,GBP,Libra,7.0533,7.0557
2026-02-12,12:06:24,2026-02,EUR,Euro,6.1308,6.133
2026-02-12,13:04:38,2026-02,AUD,Dólar Australiano,3.685,3.6864
2026-02-12,13:04:38,2026-02,AUD,Dólar Australiano,3.6878,3.6893
2026-02-12,12:06:24,2026-02,AUD,Dólar Australiano,3.6747,3.6762
2026-02-12,11:03:25,2026-02,AUD,Dólar Australiano,3.6853,3.6863
2026-02-12,10:11:26,2026-02,AUD,Dólar Australiano,3.6858,3.6867
2026-02-12,10:11:26,2026-02,EUR,Euro,6.144,6.1457
2026-02-12,11:03:25,2026-02,EUR,Euro,6.1339,6.1357
2026-02-12,13:04:38,2026-02,EUR,Euro,6.1455,6.1472
2026-02-12,13:04:38,2026-02,EUR,Euro,6.1407,6.1425
2026-02-11,13:03:28,2026-02,AUD,Dólar Australiano,3.6836,3.6845
2026-02-11,13:03:28,2026-02,AUD,Dólar Australiano,3.6858,3.6868
2026-02-11,11:03:26,2026-02,AUD,Dólar Australiano,3.6873,3.6887
2026-02-11,12:11:25,2026-02,AUD,Dólar Australiano,3.6913,3.6928
2026-02-11,10:02:28,2026-02,AUD,Dólar Australiano,3.6847,3.6856
2026-02-11,10:02:28,2026-02,USD,Dólar,5.1824,5.183
2026-02-11,13:03:28,2026-02,USD,Dólar,5.183,5.1836
2026-02-11,13:03:28,2026-02,USD,Dólar,5.1862,5.1868
2026-02-11,13:03:28,2026-02,GBP,Libra,7.0655,7.0678
2026-02-11,13:03:28,2026-02,GBP,Libra,7.0698,7.0722
2026-02-11,12:11:25,2026-02,GBP,Libra,7.0739,7.0758
2026-02-11,11:03:26,2026-02,GBP,Libra,7.0703,7.0721
2026-02-11,10:02:28,2026-02,GBP,Libra,7.089,7.0914
2026-02-11,13:03:28,2026-02,EUR,Euro,6.146,6.1477
2026-02-11,13:03:28,2026-02,EUR,Euro,6.1498,6.1515
2026-02-11,12:11:25,2026-02,EUR,Euro,6.1441,6.1453
2026-02-11,11:03:26,2026-02,EUR,Euro,6.1477,6.1494
2026-02-11,10:02:28,2026-02,EUR,Euro,6.1665,6.1683
2026-02-11,11:03:26,2026-02,USD,Dólar,5.1831,5.1837
2026-02-11,12:11:25,2026-02,USD,Dólar,5.1801,5.1807
2026-02-10,10:03:25,2026-02,AUD,Dólar Australiano,3.6789,3.6799
2026-02-10,13:10:27,2026-02,EUR,Euro,6.1965,6.1983
2026-02-10,13:10:27,2026-02,EUR,Euro,6.2004,6.2021
2026-02-10,10:03:25,2026-02,EUR,Euro,6.189,6.1902
2026-02-10,10:03:25,2026-02,GBP,Libra,7.1216,7.1239
2026-02-10,11:03:25,2026-02,GBP,Libra,7.1114,7.1137
2026-02-10,11:03:25,2026-02,EUR,Euro,6.1877,6.189
2026-02-10,13:10:27,2026-02,USD,Dólar,5.2015,5.2021
2026-02-10,13:10:27,2026-02,USD,Dólar,5.2047,5.2053
2026-02-10,12:07:26,2026-02,USD,Dólar,5.1994,5.2
2026-02-10,11:03:25,2026-02,USD,Dólar,5.1976,5.1982
2026-02-10,10:03:25,2026-02,USD,Dólar,5.2043,5.2049
2026-02-10,13:10:27,2026-02,GBP,Libra,7.1115,7.1144
2026-02-10,13:10:27,2026-02,GBP,Libra,7.1159,7.1188
2026-02-10,12:07:26,2026-02,GBP,Libra,7.1102,7.1126
2026-02-10,12:07:26,2026-02,EUR,Euro,6.1946,6.1963
2026-02-10,11:03:25,2026-02,AUD,Dólar Australiano,3.6773,3.6788
2026-02-10,13:10:27,2026-02,AUD,Dólar Australiano,3.6847,3.6862
2026-02-10,13:10:27,2026-02,AUD,Dólar Australiano,3.687,3.6885
2026-02-10,12:07:26,2026-02,AUD,Dólar Australiano,3.6827,3.6842
2026-02-09,12:07:44,2026-02,EUR,Euro,6.1809,6.1821
2026-02-09,11:03:26,2026-02,EUR,Euro,6.1985,6.1997
2026-02-09,12:07:44,2026-02,AUD,Dólar Australiano,3.6718,3.6728
2026-02-09,11:03:26,2026-02,AUD,Dólar Australiano,3.6744,3.6759
2026-02-09,10:03:26,2026-02,AUD,Dólar Australiano,3.6684,3.6699
2026-02-09,13:09:27,2026-02,EUR,Euro,6.1867,6.188
2026-02-09,13:09:27,2026-02,USD,Dólar,5.1937,5.1943
2026-02-09,13:09:27,2026-02,USD,Dólar,5.177,5.1776
2026-02-09,12:07:44,2026-02,USD,Dólar,5.1862,5.1868
2026-02-09,11:03:26,2026-02,USD,Dólar,5.2075,5.2081
2026-02-09,10:03:26,2026-02,USD,Dólar,5.2042,5.2048
2026-02-09,13:09:27,2026-02,AUD,Dólar Australiano,3.6813,3.6822
2026-02-09,13:09:27,2026-02,AUD,Dólar Australiano,3.6695,3.6704
2026-02-09,13:09:27,2026-02,EUR,Euro,6.1668,6.1681
2026-02-09,13:09:27,2026-02,GBP,Libra,7.1039,7.1058
2026-02-09,13:09:27,2026-02,GBP,Libra,7.0811,7.083
2026-02-09,12:07:44,2026-02,GBP,Libra,7.0761,7.0774
2026-02-09,11:03:26,2026-02,GBP,Libra,7.1082,7.1106
2026-02-09,10:03:26,2026-02,GBP,Libra,7.1095,7.1108
2026-02-09,10:03:26,2026-02,EUR,Euro,6.1836,6.1849
2026-02-06,12:04:25,2026-02,EUR,Euro,6.1799,6.1811
2026-02-06,10:03:25,2026-02,EUR,Euro,6.1916,6.1934
2026-02-06,12:04:25,2026-02,AUD,Dólar Australiano,3.664,3.6649
2026-02-06,11:10:25,2026-02,AUD,Dólar Australiano,3.6552,3.6567
2026-02-06,10:03:25,2026-02,AUD,Dólar Australiano,3.6666,3.6675
2026-02-06,13:10:27,2026-02,EUR,Euro,6.1791,6.1803
2026-02-06,13:10:27,2026-02,EUR,Euro,6.1855,6.1867
2026-02-06,11:10:25,2026-02,EUR,Euro,6.1731,6.1743
2026-02-06,10:03:25,2026-02,GBP,Libra,7.1352,7.1365
2026-02-06,13:10:27,2026-02,AUD,Dólar Australiano,3.6628,3.6638
2026-02-06,13:10:27,2026-02,AUD,Dólar Australiano,3.6666,3.6675
2026-02-06,13:10:27,2026-02,USD,Dólar,5.2335,5.2341
2026-02-06,13:10:27,2026-02,USD,Dólar,5.2281,5.2287
2026-02-06,12:04:25,2026-02,USD,Dólar,5.2283,5.2289
2026-02-06,11:10:25,2026-02,USD,Dólar,5.227,5.2276
2026-02-06,10:03:25,2026-02,USD,Dólar,5.2507,5.2513
2026-02-06,13:10:27,2026-02,GBP,Libra,7.1244,7.1268
2026-02-06,13:10:27,2026-02,GBP,Libra,7.117,7.1194
2026-02-06,12:04:25,2026-02,GBP,Libra,7.1147,7.1165
2026-02-06,11:10:25,2026-02,GBP,Libra,7.1019,7.1043
2026-02-05,11:11:25,2026-02,USD,Dólar,5.2516,5.2522
2026-02-05,10:06:25,2026-02,USD,Dólar,5.2618,5.2624
2026-02-05,12:03:23,2026-02,USD,Dólar,5.2434,5.244
2026-02-05,13:05:29,2026-02,AUD,Dólar Australiano,3.6549,3.6559
2026-02-05,13:05:29,2026-02,AUD,Dólar Australiano,3.6657,3.6666
2026-02-05,12:03:23,2026-02,AUD,Dólar Australiano,3.6541,3.6556
2026-02-05,11:11:25,2026-02,AUD,Dólar Australiano,3.6593,3.6603
2026-02-05,10:06:25,2026-02,AUD,Dólar Australiano,3.6669,3.6679
2026-02-05,11:11:25,2026-02,EUR,Euro,6.2016,6.2028
2026-02-05,13:05:29,2026-02,GBP,Libra,7.1117,7.1141
2026-02-05,13:05:29,2026-02,EUR,Euro,6.1985,6.2002
2026-02-05,12:03:23,2026-02,EUR,Euro,6.1862,6.1874
2026-02-05,10:06:25,2026-02,EUR,Euro,6.2089,6.2102
2026-02-05,10:06:25,2026-02,GBP,Libra,7.1455,7.1484
2026-02-05,11:11:25,2026-02,GBP,Libra,7.1327,7.1341
2026-02-05,12:03:23,2026-02,GBP,Libra,7.098,7.0999
2026-02-05,13:05:29,2026-02,GBP,Libra,7.1325,7.1349
2026-02-05,13:05:29,2026-02,EUR,Euro,6.2166,6.2184
2026-02-05,13:05:29,2026-02,USD,Dólar,5.2728,5.2734
2026-02-05,13:05:29,2026-02,USD,Dólar,5.2574,5.258
2026-02-04,12:03:25,2026-02,EUR,Euro,6.1963,6.1986
2026-02-04,13:10:28,2026-02,AUD,Dólar Australiano,3.6631,3.6646
2026-02-04,13:10:28,2026-02,AUD,Dólar Australiano,3.6748,3.6762
2026-02-04,13:10:28,2026-02,EUR,Euro,6.1946,6.1964
2026-02-04,12:03:25,2026-02,AUD,Dólar Australiano,3.6771,3.6796
2026-02-04,11:10:26,2026-02,AUD,Dólar Australiano,3.6737,3.6751
2026-02-04,10:10:41,2026-02,EUR,Euro,6.1698,6.171
2026-02-04,13:10:28,2026-02,GBP,Libra,7.1757,7.177
2026-02-04,10:10:41,2026-02,GBP,Libra,7.1603,7.1617
2026-02-04,11:10:26,2026-02,GBP,Libra,7.1634,7.1658
2026-02-04,12:03:25,2026-02,GBP,Libra,7.1794,7.1818
2026-02-04,11:10:26,2026-02,EUR,Euro,6.1755,6.1768
2026-02-04,13:10:28,2026-02,GBP,Libra,7.153,7.1543
2026-02-04,13:10:28,2026-02,USD,Dólar,5.2353,5.2359
2026-02-04,13:10:28,2026-02,USD,Dólar,5.2519,5.2525
2026-02-04,12:03:25,2026-02,USD,Dólar,5.2462,5.2468
2026-02-04,11:10:26,2026-02,USD,Dólar,5.2242,5.2248
2026-02-04,10:10:41,2026-02,USD,Dólar,5.2189,5.2195
2026-02-04,10:10:41,2026-02,AUD,Dólar Australiano,3.6684,3.6693
2026-02-04,13:10:28,2026-02,EUR,Euro,6.175,6.1768
2026-02-03,11:04:24,2026-02,EUR,Euro,6.1525,6.1537
2026-02-03,10:02:26,2026-02,AUD,Dólar Australiano,3.6683,3.6698
2026-02-03,12:02:25,2026-02,USD,Dólar,5.2291,5.2297
2026-02-03,13:11:27,2026-02,USD,Dólar,5.2152,5.2158
2026-02-03,13:11:27,2026-02,USD,Dólar,5.223,5.2236
2026-02-03,13:11:27,2026-02,EUR,Euro,6.1602,6.1619
2026-02-03,12:02:25,2026-02,EUR,Euro,6.1651,6.1669
2026-02-03,12:02:25,2026-02,GBP,Libra,7.1466,7.149
2026-02-03,10:02:26,2026-02,EUR,Euro,6.1711,6.1728
2026-02-03,11:04:24,2026-02,AUD,Dólar Australiano,3.655,3.6565
2026-02-03,10:02:26,2026-02,USD,Dólar,5.2315,5.2321
2026-02-03,12:02:25,2026-02,AUD,Dólar Australiano,3.6551,3.6571
2026-02-03,13:11:27,2026-02,AUD,Dólar Australiano,3.6574,3.6584
2026-02-03,13:11:27,2026-02,AUD,Dólar Australiano,3.6629,3.6638
2026-02-03,13:11:27,2026-02,EUR,Euro,6.1694,6.1712
2026-02-03,13:11:27,2026-02,GBP,Libra,7.1566,7.1589
2026-02-03,13:11:27,2026-02,GBP,Libra,7.1459,7.1483
2026-02-03,10:02:26,2026-02,GBP,Libra,7.1572,7.1591
2026-02-03,11:04:24,2026-02,USD,Dólar,5.2162,5.2168
2026-02-03,11:04:24,2026-02,GBP,Libra,7.13,7.1314
2026-02-02,10:11:27,2026-02,USD,Dólar,5.2542,5.2548
2026-02-02,10:11:27,2026-02,AUD,Dólar Australiano,3.6559,3.6568
2026-02-02,13:07:27,2026-02,GBP,Libra,7.1647,7.1676
2026-02-02,13:07:27,2026-02,GBP,Libra,7.1692,7.1721
2026-02-02,12:09:25,2026-02,GBP,Libra,7.1857,7.1881
2026-02-02,11:04:26,2026-02,GBP,Libra,7.1784,7.1808
2026-02-02,10:11:27,2026-02,GBP,Libra,7.1898,7.1928
2026-02-02,10:11:27,2026-02,EUR,Euro,6.2257,6.2269
2026-02-02,11:04:26,2026-02,USD,Dólar,5.2589,5.2595
2026-02-02,12:09:25,2026-02,EUR,Euro,6.2141,6.2169
2026-02-02,13:07:27,2026-02,EUR,Euro,6.2042,6.2055
2026-02-02,13:07:27,2026-02,EUR,Euro,6.2004,6.2016
2026-02-02,13:07:27,2026-02,AUD,Dólar Australiano,3.6502,3.6527
2026-02-02,13:07:27,2026-02,AUD,Dólar Australiano,3.6525,3.655
2026-02-02,12:09:25,2026-02,AUD,Dólar Australiano,3.6583,3.6614
2026-02-02,11:04:26,2026-02,AUD,Dólar Australiano,3.6534,3.6543
2026-02-02,11:04:26,2026-02,EUR,Euro,6.216,6.2178
2026-02-02,12:09:25,2026-02,USD,Dólar,5.2577,5.2583
2026-02-02,13:07:27,2026-02,USD,Dólar,5.2614,5.262
2026-02-02,13:07:27,2026-02,USD,Dólar,5.2581,5.2587
2026-01-30,11:04:25,2026-01,GBP,Libra,7.1935,7.1964
2026-01-30,13:05:28,2026-01,GBP,Libra,7.1811,7.1835
2026-01-30,13:05:28,2026-01,EUR,Euro,6.22,6.2217
2026-01-30,13:05:28,2026-01,EUR,Euro,6.2263,6.228
2026-01-30,12:08:25,2026-01,EUR,Euro,6.2212,6.223
2026-01-30,11:04:25,2026-01,EUR,Euro,6.2356,6.2369
2026-01-30,10:09:25,2026-01,EUR,Euro,6.2248,6.226
2026-01-30,11:04:25,2026-01,USD,Dólar,5.2343,5.2349
2026-01-30,10:09:25,2026-01,GBP,Libra,7.1874,7.1887
2026-01-30,12:08:25,2026-01,GBP,Libra,7.1791,7.1815
2026-01-30,12:08:25,2026-01,USD,Dólar,5.2257,5.2263
2026-01-30,13:05:28,2026-01,GBP,Libra,7.1738,7.1762
2026-01-30,10:09:25,2026-01,USD,Dólar,5.223,5.2236
2026-01-30,10:09:25,2026-01,AUD,Dólar Australiano,3.6577,3.6591
2026-01-30,13:05:28,2026-01,USD,Dólar,5.2295,5.2301
2026-01-30,11:04:25,2026-01,AUD,Dólar Australiano,3.6588,3.6602
2026-01-30,12:08:25,2026-01,AUD,Dólar Australiano,3.6637,3.6657
2026-01-30,13:05:28,2026-01,AUD,Dólar Australiano,3.6659,3.6674
2026-01-30,13:05:28,2026-01,AUD,Dólar Australiano,3.6622,3.6637
2026-01-30,13:05:28,2026-01,USD,Dólar,5.2348,5.2354
2026-01-29,13:08:22,2026-01,EUR,Euro,6.1966,6.1984
2026-01-29,12:03:24,2026-01,EUR,Euro,6.2266,6.2279
2026-01-29,13:08:22,2026-01,EUR,Euro,6.2201,6.2219
2026-01-29,10:10:32,2026-01,GBP,Libra,7.1582,7.1595
2026-01-29,11:11:25,2026-01,GBP,Libra,7.1526,7.1551
2026-01-29,12:03:24,2026-01,GBP,Libra,7.1922,7.1946
2026-01-29,13:08:22,2026-01,GBP,Libra,7.1765,7.1778
2026-01-29,13:08:22,2026-01,GBP,Libra,7.1494,7.1507
2026-01-29,13:08:22,2026-01,AUD,Dólar Australiano,3.624,3.626
2026-01-29,13:08:22,2026-01,AUD,Dólar Australiano,3.6378,3.6398
2026-01-29,11:11:25,2026-01,EUR,Euro,6.1947,6.196
2026-01-29,10:10:32,2026-01,EUR,Euro,6.1984,6.2002
2026-01-29,10:10:32,2026-01,USD,Dólar,5.1822,5.1828
2026-01-29,12:03:24,2026-01,AUD,Dólar Australiano,3.6728,3.6748
2026-01-29,11:11:25,2026-01,AUD,Dólar Australiano,3.6613,3.6623
2026-01-29,10:10:32,2026-01,AUD,Dólar Australiano,3.6586,3.6601
2026-01-29,13:08:22,2026-01,USD,Dólar,5.195,5.1956
2026-01-29,13:08:22,2026-01,USD,Dólar,5.2147,5.2153
2026-01-29,12:03:24,2026-01,USD,Dólar,5.2023,5.2029
2026-01-29,11:11:25,2026-01,USD,Dólar,5.1808,5.1815
2026-01-28,13:10:27,2026-01,GBP,Libra,7.1725,7.1749
2026-01-28,13:10:27,2026-01,USD,Dólar,5.2016,5.2022
2026-01-28,13:10:27,2026-01,AUD,Dólar Australiano,3.6272,3.6287
2026-01-28,13:10:27,2026-01,AUD,Dólar Australiano,3.6401,3.6415
2026-01-28,13:10:27,2026-01,EUR,Euro,6.1908,6.1926
2026-01-28,13:10:27,2026-01,GBP,Libra,7.1471,7.1495
2026-01-28,12:08:26,2026-01,AUD,Dólar Australiano,3.6275,3.6289
2026-01-28,12:08:26,2026-01,GBP,Libra,7.1466,7.148
2026-01-28,11:42:52,2026-01,GBP,Libra,7.1312,7.1341
2026-01-28,13:10:27,2026-01,EUR,Euro,6.2128,6.2145
2026-01-28,10:05:25,2026-01,USD,Dólar,5.1718,5.1724
2026-01-28,12:08:26,2026-01,EUR,Euro,6.2006,6.2024
2026-01-28,11:42:52,2026-01,EUR,Euro,6.1923,6.1941
2026-01-28,10:05:25,2026-01,EUR,Euro,6.1953,6.1971
2026-01-28,10:05:25,2026-01,AUD,Dólar Australiano,3.6213,3.6222
2026-01-28,11:42:52,2026-01,AUD,Dólar Australiano,3.6215,3.623
2026-01-28,11:42:52,2026-01,USD,Dólar,5.1758,5.1764
2026-01-28,12:08:26,2026-01,USD,Dólar,5.1836,5.1842
2026-01-28,10:05:25,2026-01,GBP,Libra,7.1335,7.1348
2026-01-28,13:10:27,2026-01,USD,Dólar,5.1832,5.1838
2026-01-27,10:03:25,2026-01,USD,Dólar,5.2558,5.2564
2026-01-27,11:08:24,2026-01,USD,Dólar,5.2446,5.2452
2026-01-27,12:10:25,2026-01,USD,Dólar,5.2428,5.2434
2026-01-27,13:08:25,2026-01,USD,Dólar,5.2111,5.2117
2026-01-27,13:08:25,2026-01,USD,Dólar,5.2386,5.2392
2026-01-27,13:08:25,2026-01,GBP,Libra,7.2031,7.2055
2026-01-27,12:10:25,2026-01,EUR,Euro,6.2636,6.2648
2026-01-27,12:10:25,2026-01,GBP,Libra,7.2225,7.2249
2026-01-27,11:08:24,2026-01,GBP,Libra,7.2029,7.2048
2026-01-27,10:03:25,2026-01,GBP,Libra,7.222,7.2254
2026-01-27,10:03:25,2026-01,AUD,Dólar Australiano,3.6507,3.6521
2026-01-27,11:08:24,2026-01,AUD,Dólar Australiano,3.6419,3.6433
2026-01-27,12:10:25,2026-01,AUD,Dólar Australiano,3.649,3.651
2026-01-27,13:08:25,2026-01,AUD,Dólar Australiano,3.6295,3.6305
2026-01-27,13:08:25,2026-01,AUD,Dólar Australiano,3.6487,3.6496
2026-01-27,13:08:25,2026-01,EUR,Euro,6.2601,6.2619
2026-01-27,13:08:25,2026-01,EUR,Euro,6.2273,6.229
2026-01-27,13:08:25,2026-01,GBP,Libra,7.1653,7.1677
2026-01-27,11:08:24,2026-01,EUR,Euro,6.2526,6.2544
2026-01-27,10:03:25,2026-01,EUR,Euro,6.2696,6.2719
2026-01-26,10:11:26,2026-01,USD,Dólar,5.2855,5.2861
2026-01-26,11:03:26,2026-01,AUD,Dólar Australiano,3.6547,3.6561
2026-01-26,13:09:03,2026-01,EUR,Euro,6.2616,6.2634
2026-01-26,11:03:26,2026-01,USD,Dólar,5.2836,5.2842
2026-01-26,13:09:03,2026-01,AUD,Dólar Australiano,3.6525,3.654
2026-01-26,12:03:25,2026-01,USD,Dólar,5.2681,5.2687
2026-01-26,13:09:03,2026-01,USD,Dólar,5.2645,5.2651
2026-01-26,13:09:03,2026-01,USD,Dólar,5.2754,5.276
2026-01-26,10:11:26,2026-01,EUR,Euro,6.2586,6.2603
2026-01-26,11:03:26,2026-01,EUR,Euro,6.2642,6.266
2026-01-26,12:03:25,2026-01,EUR,Euro,6.2574,6.2587
2026-01-26,12:03:25,2026-01,AUD,Dólar Australiano,3.6555,3.6565
2026-01-26,10:11:26,2026-01,AUD,Dólar Australiano,3.6544,3.6559
2026-01-26,13:09:03,2026-01,AUD,Dólar Australiano,3.6601,3.6615
2026-01-26,10:11:26,2026-01,GBP,Libra,7.2152,7.2171
2026-01-26,13:09:03,2026-01,GBP,Libra,7.2305,7.2329
2026-01-26,13:09:03,2026-01,GBP,Libra,7.2155,7.2179
2026-01-26,12:03:25,2026-01,GBP,Libra,7.211,7.2155
2026-01-26,11:03:26,2026-01,GBP,Libra,7.2163,7.2214
2026-01-26,13:09:03,2026-01,EUR,Euro,6.2746,6.2763
2026-01-23,12:12:14,2026-01,GBP,Libra,7.1657,7.1686
2026-01-23,13:09:25,2026-01,GBP,Libra,7.171,7.1741
2026-01-23,13:09:25,2026-01,GBP,Libra,7.1663,7.1692
2026-01-23,13:09:25,2026-01,AUD,Dólar Australiano,3.6334,3.6349
2026-01-23,13:09:25,2026-01,AUD,Dólar Australiano,3.631,3.6324
2026-01-23,13:09:25,2026-01,EUR,Euro,6.2162,6.218
2026-01-23,13:09:25,2026-01,EUR,Euro,6.212,6.2138
2026-01-23,12:12:14,2026-01,EUR,Euro,6.2181,6.2193
2026-01-23,11:09:24,2026-01,EUR,Euro,6.2105,6.2118
2026-01-23,10:10:25,2026-01,EUR,Euro,6.1982,6.2
2026-01-23,12:12:14,2026-01,AUD,Dólar Australiano,3.6337,3.6346
2026-01-23,11:09:24,2026-01,AUD,Dólar Australiano,3.6255,3.6265
2026-01-23,10:10:25,2026-01,GBP,Libra,7.141,7.1424
2026-01-23,11:09:24,2026-01,GBP,Libra,7.1584,7.1599
2026-01-23,10:10:25,2026-01,AUD,Dólar Australiano,3.6233,3.6248
2026-01-23,13:09:25,2026-01,USD,Dólar,5.2837,5.2843
2026-01-23,12:12:14,2026-01,USD,Dólar,5.2938,5.2944
2026-01-23,11:09:24,2026-01,USD,Dólar,5.2927,5.2934
2026-01-23,10:10:25,2026-01,USD,Dólar,5.2787,5.2793
2026-01-23,13:09:25,2026-01,USD,Dólar,5.2872,5.2879
2026-01-22,10:09:25,2026-01,AUD,Dólar Australiano,3.6159,3.6174
2026-01-22,13:07:26,2026-01,AUD,Dólar Australiano,3.6134,3.615
2026-01-22,12:06:25,2026-01,AUD,Dólar Australiano,3.6188,3.6224
2026-01-22,11:06:25,2026-01,AUD,Dólar Australiano,3.6275,3.629
2026-01-22,13:07:26,2026-01,AUD,Dólar Australiano,3.6249,3.6264
2026-01-22,13:07:26,2026-01,USD,Dólar,5.3112,5.3118
2026-01-22,11:06:25,2026-01,EUR,Euro,6.2361,6.2373
2026-01-22,13:07:26,2026-01,USD,Dólar,5.2944,5.2951
2026-01-22,10:09:25,2026-01,GBP,Libra,7.1314,7.1343
2026-01-22,11:06:25,2026-01,GBP,Libra,7.1448,7.1483
2026-01-22,12:06:25,2026-01,GBP,Libra,7.1441,7.1481
2026-01-22,13:07:26,2026-01,GBP,Libra,7.1347,7.1378
2026-01-22,13:07:26,2026-01,GBP,Libra,7.1574,7.1603
2026-01-22,10:09:25,2026-01,EUR,Euro,6.2181,6.2193
2026-01-22,12:06:25,2026-01,USD,Dólar,5.314,5.3146
2026-01-22,11:06:25,2026-01,USD,Dólar,5.3236,5.3242
2026-01-22,10:09:25,2026-01,USD,Dólar,5.3128,5.3134
2026-01-22,13:07:26,2026-01,EUR,Euro,6.2322,6.2334
2026-01-22,13:07:26,2026-01,EUR,Euro,6.2124,6.2138
2026-01-22,12:06:25,2026-01,EUR,Euro,6.2275,6.2287
2026-01-21,13:04:32,2026-01,AUD,Dólar Australiano,3.6121,3.6135
2026-01-21,13:04:32,2026-01,AUD,Dólar Australiano,3.6034,3.6049
2026-01-21,13:04:32,2026-01,GBP,Libra,7.1477,7.1491
2026-01-21,13:04:32,2026-01,GBP,Libra,7.1649,7.1663
2026-01-21,10:05:25,2026-01,EUR,Euro,6.2748,6.2765
2026-01-21,11:09:24,2026-01,EUR,Euro,6.2764,6.2777
2026-01-21,12:09:27,2026-01,EUR,Euro,6.2451,6.2468
2026-01-21,13:04:32,2026-01,EUR,Euro,6.2289,6.2301
2026-01-21,13:04:32,2026-01,EUR,Euro,6.2439,6.2451
2026-01-21,10:05:25,2026-01,GBP,Libra,7.1779,7.1809
2026-01-21,10:05:25,2026-01,AUD,Dólar Australiano,3.6187,3.6201
2026-01-21,11:09:24,2026-01,AUD,Dólar Australiano,3.6196,3.6212
2026-01-21,12:09:27,2026-01,AUD,Dólar Australiano,3.6081,3.6091
2026-01-21,11:09:24,2026-01,GBP,Libra,7.1869,7.1884
2026-01-21,12:09:27,2026-01,GBP,Libra,7.1646,7.1675
2026-01-21,13:04:32,2026-01,USD,Dólar,5.3362,5.3368
2026-01-21,13:04:32,2026-01,USD,Dólar,5.3234,5.324
2026-01-21,12:09:27,2026-01,USD,Dólar,5.3272,5.3278
2026-01-21,11:09:24,2026-01,USD,Dólar,5.3466,5.3473
2026-01-21,10:05:25,2026-01,USD,Dólar,5.3475,5.3481
2026-01-20,10:05:24,2026-01,GBP,Libra,7.2417,7.2447
2026-01-20,13:02:30,2026-01,EUR,Euro,6.3072,6.3085
2026-01-20,11:08:25,2026-01,GBP,Libra,7.2438,7.2483
2026-01-20,12:04:06,2026-01,GBP,Libra,7.2323,7.2358
2026-01-20,13:02:30,2026-01,GBP,Libra,7.2191,7.2226
2026-01-20,13:02:30,2026-01,GBP,Libra,7.2366,7.2401
2026-01-20,10:05:24,2026-01,EUR,Euro,6.3158,6.3176
2026-01-20,11:08:25,2026-01,EUR,Euro,6.3194,6.3212
2026-01-20,10:05:24,2026-01,USD,Dólar,5.3866,5.3872
2026-01-20,13:02:30,2026-01,EUR,Euro,6.292,6.2932
2026-01-20,12:04:06,2026-01,EUR,Euro,6.2992,6.3004
2026-01-20,11:08:25,2026-01,USD,Dólar,5.3865,5.3871
2026-01-20,11:08:25,2026-01,AUD,Dólar Australiano,3.6246,3.6261
2026-01-20,12:04:06,2026-01,AUD,Dólar Australiano,3.6186,3.6195
2026-01-20,13:02:30,2026-01,AUD,Dólar Australiano,3.6174,3.6183
2026-01-20,13:02:30,2026-01,AUD,Dólar Australiano,3.6261,3.6271
2026-01-20,13:02:30,2026-01,USD,Dólar,5.3784,5.379
2026-01-20,10:05:24,2026-01,AUD,Dólar Australiano,3.6252,3.6261
2026-01-20,13:02:30,2026-01,USD,Dólar,5.3654,5.366
2026-01-20,12:04:06,2026-01,USD,Dólar,5.3752,5.3758
2026-01-19,10:09:53,2026-01,USD,Dólar,5.3698,5.3704
2026-01-19,12:07:25,2026-01,GBP,Libra,7.201,7.2061
2026-01-19,13:07:27,2026-01,GBP,Libra,7.1859,7.191
2026-01-19,13:07:27,2026-01,GBP,Libra,7.1984,7.2035
2026-01-19,12:07:25,2026-01,USD,Dólar,5.3675,5.3681
2026-01-19,10:09:53,2026-01,EUR,Euro,6.2429,6.2442
2026-01-19,13:07:27,2026-01,USD,Dólar,5.3647,5.3653
2026-01-19,13:07:27,2026-01,USD,Dólar,5.3554,5.356
2026-01-19,11:09:25,2026-01,EUR,Euro,6.2413,6.2431
2026-01-19,12:07:25,2026-01,EUR,Euro,6.2472,6.249
2026-01-19,13:07:27,2026-01,EUR,Euro,6.2332,6.2349
2026-01-19,13:07:27,2026-01,EUR,Euro,6.244,6.2457
2026-01-19,10:09:53,2026-01,GBP,Libra,7.1977,7.2006
2026-01-19,11:09:25,2026-01,GBP,Libra,7.1959,7.201
2026-01-19,11:09:25,2026-01,USD,Dólar,5.3661,5.3667
2026-01-19,13:07:27,2026-01,AUD,Dólar Australiano,3.6003,3.6012
2026-01-19,10:09:53,2026-01,AUD,Dólar Australiano,3.5994,3.6009
2026-01-19,13:07:27,2026-01,AUD,Dólar Australiano,3.594,3.5949
2026-01-19,12:07:25,2026-01,AUD,Dólar Australiano,3.6005,3.602
2026-01-19,11:09:25,2026-01,AUD,Dólar Australiano,3.5974,3.6
2026-01-16,11:02:26,2026-01,EUR,Euro,6.2476,6.2494
2026-01-16,13:04:26,2026-01,GBP,Libra,7.1982,7.1995
2026-01-16,10:08:25,2026-01,EUR,Euro,6.2429,6.2447
2026-01-16,12:08:25,2026-01,EUR,Euro,6.2565,6.2578
2026-01-16,13:04:26,2026-01,USD,Dólar,5.3806,5.3812
2026-01-16,13:04:26,2026-01,EUR,Euro,6.2383,6.24
2026-01-16,13:04:26,2026-01,EUR,Euro,6.2366,6.2384
2026-01-16,10:08:25,2026-01,AUD,Dólar Australiano,3.5992,3.6006
2026-01-16,11:02:26,2026-01,AUD,Dólar Australiano,3.5997,3.6012
2026-01-16,12:08:25,2026-01,AUD,Dólar Australiano,3.6,3.6015
2026-01-16,13:04:26,2026-01,AUD,Dólar Australiano,3.5937,3.5952
2026-01-16,13:04:26,2026-01,USD,Dólar,5.3792,5.3798
2026-01-16,13:04:26,2026-01,GBP,Libra,7.1963,7.1976
2026-01-16,12:08:25,2026-01,USD,Dólar,5.3852,5.3858
2026-01-16,11:02:26,2026-01,USD,Dólar,5.3775,5.3781
2026-01-16,12:08:25,2026-01,GBP,Libra,7.2146,7.2159
2026-01-16,11:02:26,2026-01,GBP,Libra,7.2064,7.2093
2026-01-16,10:08:25,2026-01,GBP,Libra,7.1994,7.2024
2026-01-16,13:04:26,2026-01,AUD,Dólar Australiano,3.5928,3.5942
2026-01-16,10:08:25,2026-01,USD,Dólar,5.3735,5.3741
2026-01-15,13:05:25,2026-01,USD,Dólar,5.3699,5.3705
2026-01-15,10:03:25,2026-01,GBP,Libra,7.2175,7.2205
2026-01-15,11:10:16,2026-01,AUD,Dólar Australiano,3.6028,3.6043
2026-01-15,10:03:25,2026-01,AUD,Dólar Australiano,3.6018,3.6032
2026-01-15,13:05:25,2026-01,GBP,Libra,7.2059,7.2089
2026-01-15,13:05:25,2026-01,AUD,Dólar Australiano,3.6067,3.6082
2026-01-15,13:05:25,2026-01,GBP,Libra,7.1871,7.19
2026-01-15,12:04:25,2026-01,GBP,Libra,7.1997,7.2027
2026-01-15,11:10:16,2026-01,GBP,Libra,7.2142,7.2171
2026-01-15,10:03:25,2026-01,USD,Dólar,5.3854,5.386
2026-01-15,12:04:25,2026-01,USD,Dólar,5.385,5.3856
2026-01-15,13:05:25,2026-01,EUR,Euro,6.2465,6.2478
2026-01-15,13:05:25,2026-01,EUR,Euro,6.2302,6.2314
2026-01-15,13:05:25,2026-01,USD,Dólar,5.384,5.3846
2026-01-15,11:10:16,2026-01,EUR,Euro,6.2591,6.2609
2026-01-15,10:03:25,2026-01,EUR,Euro,6.2589,6.2601
2026-01-15,13:05:25,2026-01,AUD,Dólar Australiano,3.5973,3.5988
2026-01-15,12:04:25,2026-01,AUD,Dólar Australiano,3.5988,3.6003
2026-01-15,11:10:16,2026-01,USD,Dólar,5.3958,5.3964
2026-01-15,12:04:25,2026-01,EUR,Euro,6.2471,6.2484
2026-01-14,11:05:25,2026-01,AUD,Dólar Australiano,3.5902,3.5917
2026-01-14,10:04:25,2026-01,AUD,Dólar Australiano,3.5854,3.5868
2026-01-14,12:11:42,2026-01,AUD,Dólar Australiano,3.5944,3.5958
2026-01-14,13:04:32,2026-01,AUD,Dólar Australiano,3.6041,3.6056
2026-01-14,13:04:32,2026-01,AUD,Dólar Australiano,3.5942,3.5957
2026-01-14,13:04:32,2026-01,USD,Dólar,5.3789,5.3795
2026-01-14,13:04:32,2026-01,EUR,Euro,6.2885,6.2903
2026-01-14,13:04:32,2026-01,EUR,Euro,6.2713,6.273
2026-01-14,13:04:32,2026-01,GBP,Libra,7.2368,7.2397
2026-01-14,12:11:42,2026-01,USD,Dólar,5.3816,5.3822
2026-01-14,11:05:25,2026-01,USD,Dólar,5.3754,5.376
2026-01-14,10:04:25,2026-01,USD,Dólar,5.3649,5.3655
2026-01-14,10:04:25,2026-01,GBP,Libra,7.2158,7.2187
2026-01-14,11:05:25,2026-01,GBP,Libra,7.2262,7.2291
2026-01-14,12:11:42,2026-01,EUR,Euro,6.2717,6.2735
2026-01-14,11:05:25,2026-01,EUR,Euro,6.2618,6.2636
2026-01-14,10:04:25,2026-01,EUR,Euro,6.2544,6.2562
2026-01-14,13:04:32,2026-01,USD,Dólar,5.3937,5.3943
2026-01-14,12:11:42,2026-01,GBP,Libra,7.2399,7.2428
2026-01-14,13:04:32,2026-01,GBP,Libra,7.2567,7.2596
2026-01-13,12:07:45,2026-01,USD,Dólar,5.3758,5.3764
2026-01-13,10:02:27,2026-01,GBP,Libra,7.2411,7.2424
2026-01-13,10:02:27,2026-01,USD,Dólar,5.3801,5.3807
2026-01-13,11:11:26,2026-01,USD,Dólar,5.3685,5.3691
2026-01-13,13:08:54,2026-01,USD,Dólar,5.3786,5.3792
2026-01-13,13:08:54,2026-01,USD,Dólar,5.3758,5.3764
2026-01-13,11:11:26,2026-01,GBP,Libra,7.2324,7.2354
2026-01-13,12:07:45,2026-01,GBP,Libra,7.2342,7.2372
2026-01-13,13:08:54,2026-01,GBP,Libra,7.2283,7.2323
2026-01-13,13:08:54,2026-01,GBP,Libra,7.2245,7.2286
2026-01-13,10:02:27,2026-01,AUD,Dólar Australiano,3.6041,3.6051
2026-01-13,11:11:26,2026-01,AUD,Dólar Australiano,3.6007,3.6021
2026-01-13,12:07:45,2026-01,AUD,Dólar Australiano,3.6007,3.6022
2026-01-13,13:08:54,2026-01,AUD,Dólar Australiano,3.5961,3.5976
2026-01-13,13:08:54,2026-01,AUD,Dólar Australiano,3.5943,3.5957
2026-01-13,13:08:54,2026-01,EUR,Euro,6.2633,6.2651
2026-01-13,12:07:45,2026-01,EUR,Euro,6.2698,6.2716
2026-01-13,11:11:26,2026-01,EUR,Euro,6.2634,6.2647
2026-01-13,13:08:54,2026-01,EUR,Euro,6.2666,6.2684
2026-01-13,10:02:27,2026-01,EUR,Euro,6.27,6.2712
2026-01-12,12:02:26,2026-01,USD,Dólar,5.3737,5.3743
2026-01-12,13:08:29,2026-01,USD,Dólar,5.3754,5.376
2026-01-12,11:09:25,2026-01,USD,Dólar,5.3793,5.3799
2026-01-12,10:11:26,2026-01,USD,Dólar,5.3779,5.3785
2026-01-12,10:11:26,2026-01,GBP,Libra,7.2413,7.2427
2026-01-12,11:09:25,2026-01,GBP,Libra,7.2508,7.2537
2026-01-12,12:02:26,2026-01,GBP,Libra,7.2384,7.2429
2026-01-12,13:08:29,2026-01,GBP,Libra,7.2365,7.2394
2026-01-12,13:08:29,2026-01,GBP,Libra,7.2428,7.2458
2026-01-12,13:08:29,2026-01,USD,Dólar,5.3707,5.3713
2026-01-12,11:09:25,2026-01,AUD,Dólar Australiano,3.6111,3.6137
2026-01-12,13:08:29,2026-01,AUD,Dólar Australiano,3.6117,3.6132
2026-01-12,12:02:26,2026-01,AUD,Dólar Australiano,3.6058,3.6067
2026-01-12,13:08:29,2026-01,EUR,Euro,6.279,6.2802
2026-01-12,10:11:26,2026-01,AUD,Dólar Australiano,3.6086,3.6095
2026-01-12,13:08:29,2026-01,AUD,Dólar Australiano,3.6086,3.6101
2026-01-12,13:08:29,2026-01,EUR,Euro,6.2735,6.2748
2026-01-12,12:02:26,2026-01,EUR,Euro,6.2749,6.2761
2026-01-12,11:09:25,2026-01,EUR,Euro,6.2895,6.2907
2026-01-12,10:11:26,2026-01,EUR,Euro,6.2819,6.2837
2026-01-09,13:09:29,2026-01,USD,Dólar,5.3701,5.3707
2026-01-09,13:09:29,2026-01,EUR,Euro,6.2508,6.2526
2026-01-09,13:09:29,2026-01,EUR,Euro,6.2372,6.2389
2026-01-09,10:03:26,2026-01,EUR,Euro,6.2704,6.2722
2026-01-09,11:11:25,2026-01,EUR,Euro,6.2529,6.2541
2026-01-09,10:03:26,2026-01,USD,Dólar,5.3865,5.3871
2026-01-09,13:09:29,2026-01,GBP,Libra,7.2051,7.208
2026-01-09,13:09:29,2026-01,GBP,Libra,7.1894,7.1923
2026-01-09,12:07:45,2026-01,GBP,Libra,7.1967,7.1992
2026-01-09,11:11:25,2026-01,GBP,Libra,7.2145,7.2158
2026-01-09,10:03:26,2026-01,GBP,Libra,7.2281,7.2311
2026-01-09,12:07:45,2026-01,USD,Dólar,5.3663,5.3669
2026-01-09,11:11:25,2026-01,USD,Dólar,5.3691,5.3697
2026-01-09,12:07:45,2026-01,EUR,Euro,6.2437,6.2455
2026-01-09,13:09:29,2026-01,USD,Dólar,5.3584,5.359
2026-01-09,13:09:29,2026-01,AUD,Dólar Australiano,3.5872,3.5887
2026-01-09,10:03:26,2026-01,AUD,Dólar Australiano,3.5955,3.597
2026-01-09,11:11:25,2026-01,AUD,Dólar Australiano,3.5925,3.5934
2026-01-09,13:09:29,2026-01,AUD,Dólar Australiano,3.5794,3.5809
2026-01-09,12:07:45,2026-01,AUD,Dólar Australiano,3.5852,3.5862
2026-01-08,10:02:27,2026-01,EUR,Euro,6.281,6.2822
2026-01-08,12:05:32,2026-01,EUR,Euro,6.2829,6.2842
2026-01-08,13:04:28,2026-01,EUR,Euro,6.2858,6.2876
2026-01-08,13:04:28,2026-01,EUR,Euro,6.2821,6.2838
2026-01-08,13:04:28,2026-01,AUD,Dólar Australiano,3.6087,3.6102
2026-01-08,12:05:32,2026-01,AUD,Dólar Australiano,3.6031,3.6046
2026-01-08,11:08:26,2026-01,AUD,Dólar Australiano,3.6034,3.6049
2026-01-08,10:02:27,2026-01,AUD,Dólar Australiano,3.6035,3.605
2026-01-08,13:04:28,2026-01,AUD,Dólar Australiano,3.6066,3.6081
2026-01-08,13:04:28,2026-01,USD,Dólar,5.3854,5.386
2026-01-08,13:04:28,2026-01,USD,Dólar,5.3886,5.3892
2026-01-08,12:05:32,2026-01,USD,Dólar,5.3866,5.3872
2026-01-08,12:05:32,2026-01,GBP,Libra,7.2358,7.2388
2026-01-08,10:02:27,2026-01,GBP,Libra,7.2302,7.2331
2026-01-08,11:08:26,2026-01,GBP,Libra,7.2268,7.2303
2026-01-08,11:08:26,2026-01,USD,Dólar,5.3855,5.3861
2026-01-08,11:08:26,2026-01,EUR,Euro,6.28,6.2818
2026-01-08,13:04:28,2026-01,GBP,Libra,7.2417,7.2447
2026-01-08,13:04:28,2026-01,GBP,Libra,7.2374,7.2404
2026-01-08,10:02:27,2026-01,USD,Dólar,5.3808,5.3814
2026-01-07,10:05:25,2026-01,EUR,Euro,6.2923,6.2941
2026-01-07,12:10:25,2026-01,EUR,Euro,6.3098,6.3111
2026-01-07,13:06:26,2026-01,EUR,Euro,6.3035,6.3053
2026-01-07,13:06:27,2026-01,GBP,Libra,7.2611,7.2641
2026-01-07,13:06:26,2026-01,GBP,Libra,7.2683,7.2712
2026-01-07,12:10:25,2026-01,GBP,Libra,7.2781,7.2833
2026-01-07,11:03:27,2026-01,GBP,Libra,7.2567,7.2596
2026-01-07,10:05:25,2026-01,GBP,Libra,7.2637,7.265
2026-01-07,13:06:27,2026-01,EUR,Euro,6.2973,6.2991
2026-01-07,11:03:27,2026-01,EUR,Euro,6.2875,6.2888
2026-01-07,13:06:27,2026-01,AUD,Dólar Australiano,3.6236,3.625
2026-01-07,10:05:25,2026-01,AUD,Dólar Australiano,3.6248,3.6258
2026-01-07,10:05:25,2026-01,USD,Dólar,5.3845,5.3851
2026-01-07,11:03:27,2026-01,USD,Dólar,5.3781,5.3787
2026-01-07,13:06:26,2026-01,AUD,Dólar Australiano,3.6271,3.6286
2026-01-07,13:06:26,2026-01,USD,Dólar,5.3927,5.3933
2026-01-07,13:06:27,2026-01,USD,Dólar,5.3874,5.388
2026-01-07,12:10:25,2026-01,USD,Dólar,5.3944,5.395
2026-01-07,12:10:25,2026-01,AUD,Dólar Australiano,3.6347,3.6378
2026-01-07,11:03:27,2026-01,AUD,Dólar Australiano,3.6238,3.6252
2026-01-06,11:07:25,2026-01,EUR,Euro,6.3029,6.3041
2026-01-06,10:11:27,2026-01,AUD,Dólar Australiano,3.6239,3.6248
2026-01-06,10:11:27,2026-01,GBP,Libra,7.2899,7.2912
2026-01-06,11:07:25,2026-01,GBP,Libra,7.2775,7.2805
2026-01-06,12:08:25,2026-01,GBP,Libra,7.26,7.2635
2026-01-06,13:12:07,2026-01,GBP,Libra,7.2531,7.2545
2026-01-06,13:12:07,2026-01,GBP,Libra,7.2656,7.2669
2026-01-06,10:11:27,2026-01,USD,Dólar,5.3959,5.3965
2026-01-06,11:07:25,2026-01,USD,Dólar,5.382,5.3826
2026-01-06,12:08:25,2026-01,USD,Dólar,5.3686,5.3692
2026-01-06,10:11:27,2026-01,EUR,Euro,6.3127,6.3139
2026-01-06,13:12:07,2026-01,USD,Dólar,5.3791,5.3797
2026-01-06,13:12:07,2026-01,USD,Dólar,5.3699,5.3705
2026-01-06,13:12:07,2026-01,EUR,Euro,6.2909,6.2921
2026-01-06,13:12:07,2026-01,AUD,Dólar Australiano,3.6196,3.6211
2026-01-06,13:12:07,2026-01,EUR,Euro,6.2801,6.2813
2026-01-06,12:08:25,2026-01,EUR,Euro,6.2856,6.2873
2026-01-06,11:07:25,2026-01,AUD,Dólar Australiano,3.6199,3.6214
2026-01-06,13:12:07,2026-01,AUD,Dólar Australiano,3.6134,3.6149
2026-01-06,12:08:25,2026-01,AUD,Dólar Australiano,3.6131,3.6151
2026-01-05,13:10:14,2026-01,USD,Dólar,5.4345,5.4351
2026-01-05,10:06:26,2026-01,EUR,Euro,6.3506,6.3524
2026-01-05,11:03:26,2026-01,EUR,Euro,6.3566,6.3584
2026-01-05,12:10:26,2026-01,EUR,Euro,6.349,6.3503
2026-01-05,13:10:14,2026-01,EUR,Euro,6.3605,6.3618
2026-01-05,13:10:14,2026-01,GBP,Libra,7.3377,7.339
2026-01-05,13:10:14,2026-01,GBP,Libra,7.315,7.3163
2026-01-05,12:10:26,2026-01,GBP,Libra,7.3189,7.3241
2026-01-05,11:03:26,2026-01,GBP,Libra,7.3253,7.3288
2026-01-05,10:06:26,2026-01,GBP,Libra,7.3219,7.3233
2026-01-05,13:10:14,2026-01,USD,Dólar,5.4177,5.4183
2026-01-05,12:10:26,2026-01,USD,Dólar,5.4335,5.4341
2026-01-05,13:10:14,2026-01,EUR,Euro,6.3409,6.3421
2026-01-05,11:03:26,2026-01,USD,Dólar,5.4451,5.4457
2026-01-05,10:06:26,2026-01,USD,Dólar,5.4418,5.4424
2026-01-05,13:10:14,2026-01,AUD,Dólar Australiano,3.6449,3.6464
2026-01-05,13:10:14,2026-01,AUD,Dólar Australiano,3.6337,3.6351
2026-01-05,12:10:26,2026-01,AUD,Dólar Australiano,3.6339,3.6365
2026-01-05,11:03:26,2026-01,AUD,Dólar Australiano,3.6357,3.6377
2026-01-05,10:06:26,2026-01,AUD,Dólar Australiano,3.634,3.635
2026-01-02,13:03:33,2026-01,USD,Dólar,5.4366,5.4372
2026-01-02,12:09:25,2026-01,GBP,Libra,7.3297,7.3332
2026-01-02,12:09:25,2026-01,EUR,Euro,6.3855,6.3868
2026-01-02,11:03:26,2026-01,EUR,Euro,6.3671,6.3689
2026-01-02,10:02:27,2026-01,EUR,Euro,6.3687,6.3705
2026-01-02,13:03:33,2026-01,GBP,Libra,7.3361,7.3397
2026-01-02,13:03:33,2026-01,GBP,Libra,7.337,7.3405
2026-01-02,10:02:27,2026-01,USD,Dólar,5.4322,5.4328
2026-01-02,11:03:26,2026-01,GBP,Libra,7.309,7.3131
2026-01-02,10:02:27,2026-01,GBP,Libra,7.303,7.3066
2026-01-02,13:03:33,2026-01,EUR,Euro,6.388,6.3898
2026-01-02,11:03:26,2026-01,USD,Dólar,5.4322,5.4328
2026-01-02,12:09:25,2026-01,USD,Dólar,5.4447,5.4453
2026-01-02,13:03:33,2026-01,EUR,Euro,6.3887,6.3905
2026-01-02,13:03:33,2026-01,USD,Dólar,5.4372,5.4378
2026-01-02,11:03:26,2026-01,AUD,Dólar Australiano,3.6325,3.6345
2026-01-02,10:02:27,2026-01,AUD,Dólar Australiano,3.6347,3.6362
2026-01-02,13:03:33,2026-01,AUD,Dólar Australiano,3.6349,3.6369
2026-01-02,13:03:33,2026-01,AUD,Dólar Australiano,3.6353,3.6373
2026-01-02,12:09:25,2026-01,AUD,Dólar Australiano,3.6436,3.6451
2025-12-31,10:06:24,2025-12,EUR,Euro,6.4679,6.4692
2025-12-31,10:06:24,2025-12,GBP,Libra,7.4098,7.4112
2025-12-31,10:06:24,2025-12,AUD,Dólar Australiano,3.6785,3.6806
2025-12-31,10:06:24,2025-12,GBP,Libra,7.4098,7.4112
2025-12-31,10:06:24,2025-12,EUR,Euro,6.4679,6.4692
2025-12-31,10:06:24,2025-12,AUD,Dólar Australiano,3.6785,3.6806
2025-12-31,10:06:24,2025-12,USD,Dólar,5.5018,5.5024
2025-12-31,10:06:24,2025-12,USD,Dólar,5.5018,5.5024
2025-12-30,13:12:00,2025-12,EUR,Euro,6.4696,6.4708
2025-12-30,12:10:27,2025-12,AUD,Dólar Australiano,3.6834,3.6855
2025-12-30,10:10:25,2025-12,AUD,Dólar Australiano,3.6985,3.7005
2025-12-30,10:10:25,2025-12,GBP,Libra,7.4494,7.4507
2025-12-30,11:11:25,2025-12,GBP,Libra,7.412,7.4161
2025-12-30,12:10:27,2025-12,GBP,Libra,7.4087,7.4128
2025-12-30,13:12:00,2025-12,GBP,Libra,7.3983,7.4024
2025-12-30,13:12:00,2025-12,GBP,Libra,7.4115,7.4156
2025-12-30,13:12:00,2025-12,EUR,Euro,6.458,6.4593
2025-12-30,12:10:27,2025-12,EUR,Euro,6.4673,6.4691
2025-12-30,13:12:00,2025-12,AUD,Dólar Australiano,3.6796,3.6806
2025-12-30,11:11:25,2025-12,AUD,Dólar Australiano,3.6788,3.6809
2025-12-30,11:11:25,2025-12,EUR,Euro,6.465,6.4673
2025-12-30,10:10:25,2025-12,USD,Dólar,5.5201,5.5207
2025-12-30,10:10:25,2025-12,EUR,Euro,6.4916,6.4934
2025-12-30,13:12:00,2025-12,USD,Dólar,5.5018,5.5024
2025-12-30,13:12:00,2025-12,USD,Dólar,5.492,5.4926
2025-12-30,12:10:27,2025-12,USD,Dólar,5.4985,5.4991
2025-12-30,11:11:25,2025-12,USD,Dólar,5.4965,5.4971
2025-12-30,13:12:00,2025-12,AUD,Dólar Australiano,3.6862,3.6872
2025-12-29,13:10:01,2025-12,EUR,Euro,6.5581,6.5594
2025-12-29,12:07:26,2025-12,GBP,Libra,7.5287,7.5301
2025-12-29,13:10:01,2025-12,EUR,Euro,6.5529,6.5542
2025-12-29,13:10:01,2025-12,GBP,Libra,7.5223,7.5264
2025-12-29,12:07:26,2025-12,EUR,Euro,6.5696,6.572
2025-12-29,11:03:38,2025-12,EUR,Euro,6.5643,6.5661
2025-12-29,10:04:45,2025-12,EUR,Euro,6.5516,6.5534
2025-12-29,12:07:26,2025-12,AUD,Dólar Australiano,3.732,3.733
2025-12-29,13:10:01,2025-12,GBP,Libra,7.5163,7.5205
2025-12-29,13:10:01,2025-12,AUD,Dólar Australiano,3.7278,3.7305
2025-12-29,10:04:45,2025-12,USD,Dólar,5.5706,5.5712
2025-12-29,11:03:38,2025-12,GBP,Libra,7.5259,7.5272
2025-12-29,10:04:45,2025-12,GBP,Libra,7.5103,7.5116
2025-12-29,11:03:38,2025-12,AUD,Dólar Australiano,3.732,3.7352
2025-12-29,10:04:45,2025-12,AUD,Dólar Australiano,3.7262,3.7271
2025-12-29,13:10:01,2025-12,USD,Dólar,5.5733,5.5739
2025-12-29,13:10:01,2025-12,USD,Dólar,5.5689,5.5695
2025-12-29,12:07:26,2025-12,USD,Dólar,5.576,5.5766
2025-12-29,11:03:38,2025-12,USD,Dólar,5.5776,5.5782
2025-12-29,13:10:01,2025-12,AUD,Dólar Australiano,3.7308,3.7334
2025-12-26,10:03:25,2025-12,EUR,Euro,6.5403,6.5415
2025-12-26,13:07:27,2025-12,EUR,Euro,6.5247,6.5271
2025-12-26,13:07:27,2025-12,EUR,Euro,6.5175,6.5199
2025-12-26,13:07:27,2025-12,USD,Dólar,5.5346,5.5352
2025-12-26,13:07:27,2025-12,USD,Dólar,5.5407,5.5413
2025-12-26,12:03:25,2025-12,USD,Dólar,5.5362,5.5368
2025-12-26,11:09:25,2025-12,USD,Dólar,5.5412,5.5418
2025-12-26,10:03:25,2025-12,USD,Dólar,5.5506,5.5512
2025-12-26,10:03:25,2025-12,GBP,Libra,7.4894,7.4947
2025-12-26,11:09:25,2025-12,GBP,Libra,7.4906,7.492
2025-12-26,12:03:25,2025-12,GBP,Libra,7.4805,7.4858
2025-12-26,13:07:27,2025-12,GBP,Libra,7.4734,7.4786
2025-12-26,13:07:27,2025-12,GBP,Libra,7.4816,7.4869
2025-12-26,11:09:25,2025-12,EUR,Euro,6.5336,6.536
2025-12-26,12:03:25,2025-12,EUR,Euro,6.5228,6.5251
2025-12-26,13:07:27,2025-12,AUD,Dólar Australiano,3.7206,3.7215
2025-12-26,13:07:27,2025-12,AUD,Dólar Australiano,3.7165,3.7174
2025-12-26,12:03:25,2025-12,AUD,Dólar Australiano,3.7181,3.7207
2025-12-26,11:09:25,2025-12,AUD,Dólar Australiano,3.722,3.723
2025-12-26,10:03:25,2025-12,AUD,Dólar Australiano,3.7222,3.7249
2025-12-24,11:07:45,2025-12,EUR,Euro,6.533,6.5356
2025-12-24,11:07:45,2025-12,AUD,Dólar Australiano,3.717,3.7192
2025-12-24,10:07:25,2025-12,GBP,Libra,7.4574,7.4618
2025-12-24,11:07:45,2025-12,EUR,Euro,6.5209,6.5236
2025-12-24,10:07:25,2025-12,USD,Dólar,5.524,5.5248
2025-12-24,11:07:45,2025-12,USD,Dólar,5.5444,5.5452
2025-12-24,11:07:45,2025-12,USD,Dólar,5.5342,5.535
2025-12-24,11:07:45,2025-12,GBP,Libra,7.4855,7.4899
2025-12-24,10:07:25,2025-12,AUD,Dólar Australiano,3.7022,3.7044
2025-12-24,11:07:45,2025-12,GBP,Libra,7.4717,7.4761
2025-12-24,11:07:45,2025-12,AUD,Dólar Australiano,3.7101,3.7123
2025-12-24,10:07:25,2025-12,EUR,Euro,6.5095,6.511
2025-12-23,13:04:26,2025-12,GBP,Libra,7.5015,7.5029
2025-12-23,13:04:26,2025-12,EUR,Euro,6.5501,6.552
2025-12-23,10:08:24,2025-12,GBP,Libra,7.5415,7.5429
2025-12-23,11:11:25,2025-12,GBP,Libra,7.519,7.5203
2025-12-23,12:03:25,2025-12,GBP,Libra,7.4837,7.4868
2025-12-23,13:04:26,2025-12,GBP,Libra,7.4774,7.4788
2025-12-23,10:08:24,2025-12,USD,Dólar,5.5855,5.5861
2025-12-23,11:11:25,2025-12,USD,Dólar,5.5725,5.5731
2025-12-23,12:03:25,2025-12,USD,Dólar,5.5509,5.5515
2025-12-23,10:08:24,2025-12,EUR,Euro,6.5847,6.5866
2025-12-23,13:04:26,2025-12,USD,Dólar,5.5637,5.5643
2025-12-23,13:04:26,2025-12,USD,Dólar,5.5458,5.5464
2025-12-23,13:04:26,2025-12,EUR,Euro,6.5291,6.5309
2025-12-23,13:04:26,2025-12,AUD,Dólar Australiano,3.7221,3.7236
2025-12-23,13:04:26,2025-12,AUD,Dólar Australiano,3.7101,3.7117
2025-12-23,12:03:25,2025-12,AUD,Dólar Australiano,3.7069,3.7084
2025-12-23,11:11:25,2025-12,EUR,Euro,6.5605,6.5623
2025-12-23,11:11:25,2025-12,AUD,Dólar Australiano,3.7247,3.7267
2025-12-23,10:08:24,2025-12,AUD,Dólar Australiano,3.7384,3.7399
2025-12-23,12:03:25,2025-12,EUR,Euro,6.5323,6.5341
2025-12-22,10:09:27,2025-12,USD,Dólar,5.5182,5.5188
2025-12-22,13:03:26,2025-12,AUD,Dólar Australiano,3.6857,3.6884
2025-12-22,11:09:09,2025-12,USD,Dólar,5.5287,5.5293
2025-12-22,12:02:26,2025-12,USD,Dólar,5.5456,5.5462
2025-12-22,13:03:26,2025-12,USD,Dólar,5.5606,5.5612
2025-12-22,13:03:26,2025-12,USD,Dólar,5.5383,5.5389
2025-12-22,12:02:26,2025-12,AUD,Dólar Australiano,3.6878,3.6893
2025-12-22,11:09:09,2025-12,AUD,Dólar Australiano,3.6738,3.6764
2025-12-22,10:09:27,2025-12,AUD,Dólar Australiano,3.6674,3.6683
2025-12-22,13:03:26,2025-12,AUD,Dólar Australiano,3.7006,3.7032
2025-12-22,13:03:26,2025-12,GBP,Libra,7.449,7.4537
2025-12-22,10:09:27,2025-12,GBP,Libra,7.4126,7.4156
2025-12-22,13:03:26,2025-12,EUR,Euro,6.5147,6.5165
2025-12-22,13:03:26,2025-12,EUR,Euro,6.5409,6.5428
2025-12-22,12:02:26,2025-12,EUR,Euro,6.5211,6.5223
2025-12-22,11:09:09,2025-12,EUR,Euro,6.4962,6.4975
2025-12-22,10:09:27,2025-12,EUR,Euro,6.4795,6.4813
2025-12-22,11:09:09,2025-12,GBP,Libra,7.4284,7.4314
2025-12-22,12:02:26,2025-12,GBP,Libra,7.4572,7.4619
2025-12-22,13:03:26,2025-12,GBP,Libra,7.479,7.4837
2025-12-19,13:03:35,2025-12,EUR,Euro,6.458,6.4598
2025-12-19,11:02:28,2025-12,EUR,Euro,6.4602,6.4615
2025-12-19,13:03:35,2025-12,AUD,Dólar Australiano,3.6377,3.6392
2025-12-19,13:03:35,2025-12,AUD,Dólar Australiano,3.644,3.6455
2025-12-19,12:06:41,2025-12,EUR,Euro,6.4557,6.457
2025-12-19,13:03:35,2025-12,EUR,Euro,6.4469,6.4487
2025-12-19,12:06:41,2025-12,AUD,Dólar Australiano,3.6457,3.6467
2025-12-19,11:02:28,2025-12,AUD,Dólar Australiano,3.6438,3.6453
2025-12-19,13:03:35,2025-12,GBP,Libra,7.3686,7.3716
2025-12-19,13:03:35,2025-12,GBP,Libra,7.3559,7.3589
2025-12-19,12:06:41,2025-12,GBP,Libra,7.3609,7.3628
2025-12-19,11:02:28,2025-12,GBP,Libra,7.3709,7.3739
2025-12-19,10:03:39,2025-12,EUR,Euro,6.4839,6.4857
2025-12-19,10:03:39,2025-12,GBP,Libra,7.4047,7.4078
2025-12-19,11:02:28,2025-12,USD,Dólar,5.5126,5.5132
2025-12-19,10:03:39,2025-12,AUD,Dólar Australiano,3.6564,3.6579
2025-12-19,13:03:35,2025-12,USD,Dólar,5.5154,5.516
2025-12-19,13:03:35,2025-12,USD,Dólar,5.5059,5.5065
2025-12-19,12:06:41,2025-12,USD,Dólar,5.5055,5.5061
2025-12-19,10:03:39,2025-12,USD,Dólar,5.5375,5.5381
2025-12-18,13:11:26,2025-12,USD,Dólar,5.5084,5.509
2025-12-18,13:11:26,2025-12,AUD,Dólar Australiano,3.6566,3.6581
2025-12-18,13:11:26,2025-12,AUD,Dólar Australiano,3.6438,3.6453
2025-12-18,12:06:41,2025-12,AUD,Dólar Australiano,3.6618,3.6639
2025-12-18,10:11:25,2025-12,AUD,Dólar Australiano,3.6611,3.6626
2025-12-18,13:11:26,2025-12,GBP,Libra,7.4027,7.4057
2025-12-18,10:11:25,2025-12,USD,Dólar,5.5437,5.5443
2025-12-18,11:10:25,2025-12,USD,Dólar,5.529,5.5296
2025-12-18,12:06:41,2025-12,USD,Dólar,5.5298,5.5304
2025-12-18,11:10:25,2025-12,EUR,Euro,6.4938,6.4956
2025-12-18,13:11:26,2025-12,USD,Dólar,5.5277,5.5283
2025-12-18,12:06:41,2025-12,EUR,Euro,6.4887,6.4905
2025-12-18,11:10:25,2025-12,AUD,Dólar Australiano,3.6608,3.6617
2025-12-18,10:11:25,2025-12,GBP,Libra,7.4252,7.4266
2025-12-18,11:10:25,2025-12,GBP,Libra,7.4232,7.4246
2025-12-18,12:06:41,2025-12,GBP,Libra,7.4171,7.4207
2025-12-18,13:11:26,2025-12,GBP,Libra,7.3768,7.3799
2025-12-18,13:11:26,2025-12,EUR,Euro,6.4818,6.4836
2025-12-18,10:11:25,2025-12,EUR,Euro,6.4933,6.4946
2025-12-18,13:11:26,2025-12,EUR,Euro,6.4591,6.461
2025-12-17,13:03:29,2025-12,GBP,Libra,7.38,7.383
2025-12-17,13:03:29,2025-12,AUD,Dólar Australiano,3.6505,3.652
2025-12-17,13:03:29,2025-12,USD,Dólar,5.5087,5.5093
2025-12-17,11:10:24,2025-12,AUD,Dólar Australiano,3.6436,3.6451
2025-12-17,10:11:26,2025-12,EUR,Euro,6.4552,6.4564
2025-12-17,11:10:24,2025-12,EUR,Euro,6.4547,6.456
2025-12-17,12:05:44,2025-12,EUR,Euro,6.4631,6.4643
2025-12-17,13:03:29,2025-12,EUR,Euro,6.4903,6.4921
2025-12-17,13:03:29,2025-12,EUR,Euro,6.4738,6.4756
2025-12-17,13:03:29,2025-12,AUD,Dólar Australiano,3.6413,3.6427
2025-12-17,12:05:44,2025-12,GBP,Libra,7.3554,7.3573
2025-12-17,12:05:44,2025-12,AUD,Dólar Australiano,3.6463,3.6478
2025-12-17,10:11:26,2025-12,AUD,Dólar Australiano,3.6465,3.6475
2025-12-17,13:03:29,2025-12,USD,Dólar,5.5227,5.5233
2025-12-17,10:11:26,2025-12,GBP,Libra,7.3453,7.3483
2025-12-17,11:10:24,2025-12,GBP,Libra,7.3483,7.3513
2025-12-17,10:11:26,2025-12,USD,Dólar,5.505,5.5056
2025-12-17,11:10:24,2025-12,USD,Dólar,5.5023,5.5029
2025-12-17,12:05:44,2025-12,USD,Dólar,5.5047,5.5053
2025-12-17,13:03:29,2025-12,GBP,Libra,7.3988,7.4018
2025-12-16,12:11:25,2025-12,GBP,Libra,7.3288,7.3318
2025-12-16,13:07:25,2025-12,GBP,Libra,7.3358,7.3388
2025-12-16,13:07:25,2025-12,GBP,Libra,7.31,7.3129
2025-12-16,13:07:25,2025-12,AUD,Dólar Australiano,3.6176,3.6191
2025-12-16,10:08:25,2025-12,AUD,Dólar Australiano,3.6053,3.6068
2025-12-16,11:08:26,2025-12,AUD,Dólar Australiano,3.6191,3.6206
2025-12-16,12:11:25,2025-12,AUD,Dólar Australiano,3.6293,3.6302
2025-12-16,13:07:25,2025-12,AUD,Dólar Australiano,3.6305,3.6319
2025-12-16,10:08:25,2025-12,GBP,Libra,7.2975,7.3005
2025-12-16,11:08:26,2025-12,GBP,Libra,7.3123,7.3137
2025-12-16,12:11:25,2025-12,USD,Dólar,5.4526,5.4532
2025-12-16,10:08:25,2025-12,EUR,Euro,6.3964,6.3982
2025-12-16,11:08:26,2025-12,EUR,Euro,6.4137,6.4149
2025-12-16,13:07:25,2025-12,USD,Dólar,5.4499,5.4505
2025-12-16,13:07:25,2025-12,USD,Dólar,5.4692,5.4698
2025-12-16,13:07:25,2025-12,EUR,Euro,6.4367,6.4385
2025-12-16,12:11:25,2025-12,EUR,Euro,6.4335,6.4353
2025-12-16,13:07:25,2025-12,EUR,Euro,6.414,6.4158
2025-12-16,11:08:26,2025-12,USD,Dólar,5.4464,5.447
2025-12-16,10:08:25,2025-12,USD,Dólar,5.4313,5.4319
2025-12-15,11:09:25,2025-12,USD,Dólar,5.3899,5.3905
2025-12-15,10:05:28,2025-12,GBP,Libra,7.2052,7.2065
2025-12-15,13:09:27,2025-12,USD,Dólar,5.3923,5.3929
2025-12-15,10:05:28,2025-12,USD,Dólar,5.381,5.3816
2025-12-15,13:09:27,2025-12,EUR,Euro,6.3424,6.3442
2025-12-15,10:05:28,2025-12,AUD,Dólar Australiano,3.5805,3.582
2025-12-15,11:09:25,2025-12,AUD,Dólar Australiano,3.5821,3.5841
2025-12-15,12:07:38,2025-12,AUD,Dólar Australiano,3.5903,3.5918
2025-12-15,12:07:38,2025-12,USD,Dólar,5.4014,5.402
2025-12-15,13:09:27,2025-12,AUD,Dólar Australiano,3.5864,3.5879
2025-12-15,13:09:27,2025-12,AUD,Dólar Australiano,3.5895,3.591
2025-12-15,10:05:28,2025-12,EUR,Euro,6.3243,6.3255
2025-12-15,11:09:25,2025-12,EUR,Euro,6.3315,6.3328
2025-12-15,11:09:25,2025-12,GBP,Libra,7.2122,7.2173
2025-12-15,12:07:38,2025-12,GBP,Libra,7.2352,7.2381
2025-12-15,13:09:27,2025-12,GBP,Libra,7.2281,7.231
2025-12-15,13:09:27,2025-12,GBP,Libra,7.2219,7.2249
2025-12-15,13:09:27,2025-12,EUR,Euro,6.3478,6.3496
2025-12-15,12:07:38,2025-12,EUR,Euro,6.3537,6.3555
2025-12-15,13:09:27,2025-12,USD,Dólar,5.3969,5.3975
2025-12-12,10:09:25,2025-12,AUD,Dólar Australiano,3.5969,3.5984
2025-12-12,10:09:25,2025-12,USD,Dólar,5.3991,5.3997
2025-12-12,11:02:25,2025-12,EUR,Euro,6.3177,6.3195
2025-12-12,12:07:41,2025-12,USD,Dólar,5.3941,5.3947
2025-12-12,13:06:27,2025-12,USD,Dólar,5.4211,5.4217
2025-12-12,13:06:27,2025-12,USD,Dólar,5.4005,5.4011
2025-12-12,11:02:25,2025-12,AUD,Dólar Australiano,3.5894,3.5914
2025-12-12,12:07:41,2025-12,AUD,Dólar Australiano,3.5952,3.5961
2025-12-12,13:06:27,2025-12,AUD,Dólar Australiano,3.6007,3.6022
2025-12-12,13:06:27,2025-12,AUD,Dólar Australiano,3.587,3.5885
2025-12-12,13:06:27,2025-12,EUR,Euro,6.3391,6.3404
2025-12-12,13:06:27,2025-12,EUR,Euro,6.3633,6.3645
2025-12-12,12:07:41,2025-12,EUR,Euro,6.3338,6.335
2025-12-12,10:09:25,2025-12,EUR,Euro,6.3299,6.3311
2025-12-12,13:06:27,2025-12,GBP,Libra,7.2113,7.2142
2025-12-12,11:02:25,2025-12,USD,Dólar,5.3878,5.3884
2025-12-12,13:06:27,2025-12,GBP,Libra,7.2388,7.2418
2025-12-12,12:07:41,2025-12,GBP,Libra,7.2125,7.2154
2025-12-12,11:02:25,2025-12,GBP,Libra,7.2019,7.2048
2025-12-12,10:09:25,2025-12,GBP,Libra,7.2191,7.2221
2025-12-11,10:03:25,2025-12,GBP,Libra,7.286,7.289
2025-12-11,12:02:25,2025-12,EUR,Euro,6.3615,6.3627
2025-12-11,13:03:26,2025-12,EUR,Euro,6.3535,6.3548
2025-12-11,13:03:26,2025-12,EUR,Euro,6.3754,6.3766
2025-12-11,12:02:25,2025-12,AUD,Dólar Australiano,3.6086,3.6107
2025-12-11,13:03:26,2025-12,AUD,Dólar Australiano,3.6183,3.6192
2025-12-11,13:03:26,2025-12,AUD,Dólar Australiano,3.6059,3.6068
2025-12-11,10:03:25,2025-12,AUD,Dólar Australiano,3.6234,3.6244
2025-12-11,11:09:25,2025-12,AUD,Dólar Australiano,3.6151,3.6166
2025-12-11,12:02:25,2025-12,GBP,Libra,7.2715,7.2744
2025-12-11,11:09:25,2025-12,GBP,Libra,7.273,7.276
2025-12-11,10:03:25,2025-12,EUR,Euro,6.3766,6.3779
2025-12-11,13:03:26,2025-12,GBP,Libra,7.2599,7.2628
2025-12-11,10:03:25,2025-12,USD,Dólar,5.4422,5.4428
2025-12-11,11:09:25,2025-12,USD,Dólar,5.4256,5.4262
2025-12-11,12:02:25,2025-12,USD,Dólar,5.42,5.4206
2025-12-11,13:03:26,2025-12,USD,Dólar,5.4045,5.4051
2025-12-11,13:03:26,2025-12,USD,Dólar,5.4231,5.4237
2025-12-11,13:03:26,2025-12,GBP,Libra,7.2849,7.2878
2025-12-11,11:09:25,2025-12,EUR,Euro,6.3648,6.366
2025-12-10,13:10:04,2025-12,EUR,Euro,6.3618,6.3636
2025-12-10,13:10:04,2025-12,GBP,Libra,7.2794,7.2807
2025-12-10,11:04:11,2025-12,GBP,Libra,7.281,7.284
2025-12-10,12:07:04,2025-12,GBP,Libra,7.28,7.2814
2025-12-10,13:10:04,2025-12,GBP,Libra,7.3011,7.3024
2025-12-10,13:10:04,2025-12,EUR,Euro,6.3808,6.3826
2025-12-10,10:08:53,2025-12,GBP,Libra,7.2617,7.2647
2025-12-10,13:10:04,2025-12,AUD,Dólar Australiano,3.6374,3.6389
2025-12-10,12:07:04,2025-12,EUR,Euro,6.3582,6.36
2025-12-10,10:08:53,2025-12,EUR,Euro,6.3486,6.3499
2025-12-10,13:10:04,2025-12,USD,Dólar,5.465,5.4656
2025-12-10,13:10:04,2025-12,USD,Dólar,5.4813,5.4819
2025-12-10,12:07:04,2025-12,USD,Dólar,5.4614,5.462
2025-12-10,11:04:11,2025-12,USD,Dólar,5.4625,5.4631
2025-12-10,11:04:11,2025-12,EUR,Euro,6.3584,6.3601
2025-12-10,10:08:53,2025-12,USD,Dólar,5.4546,5.4552
2025-12-10,10:08:53,2025-12,AUD,Dólar Australiano,3.6251,3.6266
2025-12-10,11:04:11,2025-12,AUD,Dólar Australiano,3.6282,3.6297
2025-12-10,12:07:04,2025-12,AUD,Dólar Australiano,3.6253,3.6262
2025-12-10,13:10:04,2025-12,AUD,Dólar Australiano,3.6266,3.6281
2025-12-09,12:11:45,2025-12,AUD,Dólar Australiano,3.6313,3.6328
2025-12-09,13:11:26,2025-12,AUD,Dólar Australiano,3.6054,3.6069
2025-12-09,13:11:26,2025-12,EUR,Euro,6.3447,6.3465
2025-12-09,13:11:26,2025-12,AUD,Dólar Australiano,3.6247,3.6262
2025-12-09,11:03:59,2025-12,AUD,Dólar Australiano,3.6299,3.6309
2025-12-09,10:10:31,2025-12,AUD,Dólar Australiano,3.625,3.6265
2025-12-09,10:10:31,2025-12,EUR,Euro,6.3575,6.3587
2025-12-09,11:03:59,2025-12,EUR,Euro,6.3619,6.3632
2025-12-09,12:11:45,2025-12,EUR,Euro,6.3622,6.364
2025-12-09,13:11:26,2025-12,EUR,Euro,6.311,6.3128
2025-12-09,11:03:59,2025-12,USD,Dólar,5.4684,5.469
2025-12-09,13:11:26,2025-12,GBP,Libra,7.2543,7.2573
2025-12-09,13:11:26,2025-12,GBP,Libra,7.2157,7.2187
2025-12-09,10:10:31,2025-12,GBP,Libra,7.2769,7.2782
2025-12-09,11:03:59,2025-12,GBP,Libra,7.2795,7.2825
2025-12-09,12:11:45,2025-12,GBP,Libra,7.2801,7.2826
2025-12-09,13:11:26,2025-12,USD,Dólar,5.4564,5.457
2025-12-09,13:11:26,2025-12,USD,Dólar,5.4274,5.428
2025-12-09,12:11:45,2025-12,USD,Dólar,5.4672,5.4678
2025-12-09,10:10:31,2025-12,USD,Dólar,5.4627,5.4633
2025-12-08,10:02:40,2025-12,EUR,Euro,6.3113,6.3126
2025-12-08,11:11:00,2025-12,EUR,Euro,6.2823,6.2841
2025-12-08,12:12:32,2025-12,EUR,Euro,6.3327,6.3339
2025-12-08,13:03:07,2025-12,GBP,Libra,7.2187,7.2238
2025-12-08,13:03:07,2025-12,GBP,Libra,7.2491,7.2543
2025-12-08,10:02:40,2025-12,AUD,Dólar Australiano,3.5954,3.5969
2025-12-08,11:11:00,2025-12,AUD,Dólar Australiano,3.5791,3.5811
2025-12-08,12:12:32,2025-12,AUD,Dólar Australiano,3.6068,3.6077
2025-12-08,13:03:07,2025-12,AUD,Dólar Australiano,3.6039,3.6054
2025-12-08,13:03:07,2025-12,AUD,Dólar Australiano,3.5887,3.5902
2025-12-08,10:02:40,2025-12,GBP,Libra,7.212,7.2171
2025-12-08,11:11:00,2025-12,GBP,Libra,7.1831,7.1876
2025-12-08,13:03:07,2025-12,EUR,Euro,6.3318,6.3331
2025-12-08,13:03:07,2025-12,EUR,Euro,6.3052,6.3064
2025-12-08,12:12:32,2025-12,GBP,Libra,7.25,7.2524
2025-12-08,13:03:07,2025-12,USD,Dólar,5.4243,5.4249
2025-12-08,13:03:07,2025-12,USD,Dólar,5.4472,5.4478
2025-12-08,12:12:32,2025-12,USD,Dólar,5.4409,5.4415
2025-12-08,10:02:40,2025-12,USD,Dólar,5.4156,5.4162
2025-12-08,11:11:00,2025-12,USD,Dólar,5.3935,5.3941
2025-12-05,13:09:08,2025-12,AUD,Dólar Australiano,3.5462,3.5477
2025-12-05,10:11:46,2025-12,USD,Dólar,5.3114,5.312
2025-12-05,11:11:37,2025-12,USD,Dólar,5.3168,5.3174
2025-12-05,13:09:08,2025-12,GBP,Libra,7.124,7.1269
2025-12-05,13:09:08,2025-12,GBP,Libra,7.1873,7.1903
2025-12-05,12:04:12,2025-12,USD,Dólar,5.3439,5.3445
2025-12-05,13:09:08,2025-12,USD,Dólar,5.3874,5.388
2025-12-05,13:09:08,2025-12,USD,Dólar,5.3399,5.3405
2025-12-05,12:04:12,2025-12,GBP,Libra,7.1314,7.137
2025-12-05,13:09:08,2025-12,AUD,Dólar Australiano,3.5778,3.5792
2025-12-05,11:11:37,2025-12,GBP,Libra,7.0974,7.1003
2025-12-05,10:11:46,2025-12,AUD,Dólar Australiano,3.5257,3.5266
2025-12-05,11:11:37,2025-12,AUD,Dólar Australiano,3.5309,3.5323
2025-12-05,10:11:46,2025-12,EUR,Euro,6.1883,6.1901
2025-12-05,11:11:37,2025-12,EUR,Euro,6.1946,6.1964
2025-12-05,12:04:12,2025-12,EUR,Euro,6.2251,6.2269
2025-12-05,13:09:08,2025-12,EUR,Euro,6.2747,6.2765
2025-12-05,13:09:08,2025-12,EUR,Euro,6.2194,6.2211
2025-12-05,10:11:46,2025-12,GBP,Libra,7.0891,7.0921
2025-12-05,12:04:12,2025-12,AUD,Dólar Australiano,3.5505,3.5514
2025-12-04,12:08:48,2025-12,USD,Dólar,5.2935,5.2941
2025-12-04,11:05:13,2025-12,USD,Dólar,5.2883,5.2889
2025-12-04,10:05:31,2025-12,AUD,Dólar Australiano,3.5046,3.5061
2025-12-04,11:05:13,2025-12,AUD,Dólar Australiano,3.4945,3.496
2025-12-04,12:08:48,2025-12,AUD,Dólar Australiano,3.499,3.5015
2025-12-04,13:08:17,2025-12,USD,Dólar,5.2946,5.2952
2025-12-04,10:05:31,2025-12,USD,Dólar,5.3036,5.3042
2025-12-04,13:08:17,2025-12,USD,Dólar,5.2929,5.2935
2025-12-04,13:08:17,2025-12,AUD,Dólar Australiano,3.5045,3.506
2025-12-04,13:08:17,2025-12,GBP,Libra,7.0794,7.0823
2025-12-04,13:08:17,2025-12,GBP,Libra,7.0771,7.0801
2025-12-04,10:05:31,2025-12,EUR,Euro,6.1898,6.1911
2025-12-04,11:05:13,2025-12,EUR,Euro,6.1688,6.17
2025-12-04,12:08:48,2025-12,EUR,Euro,6.1765,6.1787
2025-12-04,13:08:17,2025-12,EUR,Euro,6.1784,6.1796
2025-12-04,13:08:17,2025-12,AUD,Dólar Australiano,3.5034,3.5048
2025-12-04,13:08:17,2025-12,EUR,Euro,6.1804,6.1816
2025-12-04,10:05:31,2025-12,GBP,Libra,7.0803,7.0816
2025-12-04,11:05:13,2025-12,GBP,Libra,7.0556,7.0586
2025-12-04,12:08:48,2025-12,GBP,Libra,7.0769,7.0782
2025-12-03,10:10:10,2025-12,USD,Dólar,5.3174,5.318
2025-12-03,11:06:35,2025-12,USD,Dólar,5.3157,5.3164
2025-12-03,12:03:34,2025-12,USD,Dólar,5.3095,5.3101
2025-12-03,13:05:25,2025-12,USD,Dólar,5.3005,5.3011
2025-12-03,10:10:10,2025-12,AUD,Dólar Australiano,3.5031,3.5046
2025-12-03,11:06:35,2025-12,AUD,Dólar Australiano,3.503,3.504
2025-12-03,12:03:34,2025-12,AUD,Dólar Australiano,3.4942,3.4972
2025-12-03,13:05:25,2025-12,AUD,Dólar Australiano,3.4962,3.4982
2025-12-03,13:05:25,2025-12,AUD,Dólar Australiano,3.503,3.505
2025-12-03,13:05:25,2025-12,USD,Dólar,5.3108,5.3114
2025-12-03,10:10:10,2025-12,GBP,Libra,7.0711,7.0724
2025-12-03,13:05:25,2025-12,GBP,Libra,7.0788,7.0817
2025-12-03,13:05:25,2025-12,GBP,Libra,7.065,7.068
2025-12-03,10:10:10,2025-12,EUR,Euro,6.2006,6.2024
2025-12-03,11:06:35,2025-12,EUR,Euro,6.2013,6.2026
2025-12-03,12:03:34,2025-12,EUR,Euro,6.1903,6.1921
2025-12-03,13:05:25,2025-12,EUR,Euro,6.1799,6.1811
2025-12-03,13:05:25,2025-12,EUR,Euro,6.1919,6.1931
2025-12-03,12:03:34,2025-12,GBP,Libra,7.0675,7.0693
2025-12-03,11:06:35,2025-12,GBP,Libra,7.0683,7.0713
2025-12-02,11:02:28,2025-12,USD,Dólar,5.3456,5.3462
2025-12-02,13:07:03,2025-12,USD,Dólar,5.3459,5.3465
2025-12-02,13:07:03,2025-12,USD,Dólar,5.3401,5.3407
2025-12-02,12:03:45,2025-12,USD,Dólar,5.3388,5.3394
2025-12-02,13:07:03,2025-12,EUR,Euro,6.1977,6.199
2025-12-02,10:11:54,2025-12,USD,Dólar,5.3592,5.3598
2025-12-02,10:11:54,2025-12,AUD,Dólar Australiano,3.5124,3.5133
2025-12-02,13:07:03,2025-12,EUR,Euro,6.2045,6.2057
2025-12-02,12:03:45,2025-12,AUD,Dólar Australiano,3.5033,3.5042
2025-12-02,13:07:03,2025-12,AUD,Dólar Australiano,3.5079,3.5094
2025-12-02,13:07:03,2025-12,AUD,Dólar Australiano,3.5117,3.5132
2025-12-02,10:11:54,2025-12,EUR,Euro,6.2258,6.2276
2025-12-02,11:02:28,2025-12,EUR,Euro,6.21,6.2117
2025-12-02,12:03:45,2025-12,EUR,Euro,6.2021,6.2033
2025-12-02,11:02:28,2025-12,AUD,Dólar Australiano,3.5078,3.5092
2025-12-02,11:02:28,2025-12,GBP,Libra,7.0594,7.0607
2025-12-02,13:07:03,2025-12,GBP,Libra,7.0489,7.0519
2025-12-02,10:11:54,2025-12,GBP,Libra,7.0779,7.0808
2025-12-02,12:03:45,2025-12,GBP,Libra,7.0531,7.0544
2025-12-02,13:07:03,2025-12,GBP,Libra,7.0566,7.0595
2025-12-01,11:02:29,2025-12,EUR,Euro,6.2244,6.2256
2025-12-01,12:08:45,2025-12,EUR,Euro,6.218,6.2197
2025-12-01,13:07:36,2025-12,EUR,Euro,6.2155,6.2167
2025-12-01,13:07:36,2025-12,EUR,Euro,6.2167,6.2179
2025-12-01,13:07:36,2025-12,USD,Dólar,5.3463,5.3469
2025-12-01,10:11:50,2025-12,GBP,Libra,7.0976,7.1005
2025-12-01,11:02:29,2025-12,GBP,Libra,7.0904,7.0939
2025-12-01,12:08:45,2025-12,GBP,Libra,7.0811,7.0861
2025-12-01,13:07:36,2025-12,GBP,Libra,7.0825,7.0855
2025-12-01,13:07:36,2025-12,GBP,Libra,7.0838,7.0868
2025-12-01,13:07:36,2025-12,USD,Dólar,5.3453,5.3459
2025-12-01,10:11:50,2025-12,EUR,Euro,6.2319,6.2337
2025-12-01,12:08:45,2025-12,USD,Dólar,5.3442,5.3448
2025-12-01,11:02:29,2025-12,USD,Dólar,5.3456,5.3462
2025-12-01,10:11:50,2025-12,USD,Dólar,5.3502,5.3508
2025-12-01,10:11:50,2025-12,AUD,Dólar Australiano,3.5113,3.5128
2025-12-01,11:02:29,2025-12,AUD,Dólar Australiano,3.5067,3.5076
2025-12-01,12:08:45,2025-12,AUD,Dólar Australiano,3.5069,3.5078
2025-12-01,13:07:36,2025-12,AUD,Dólar Australiano,3.5022,3.5048
2025-12-01,13:07:36,2025-12,AUD,Dólar Australiano,3.5029,3.5054
2025-11-28,13:10:31,2025-11,EUR,Euro,6.1991,6.2003
2025-11-28,13:10:31,2025-11,USD,Dólar,5.3332,5.3338
2025-11-28,10:03:26,2025-11,USD,Dólar,5.3351,5.3357
2025-11-28,12:06:00,2025-11,EUR,Euro,6.1705,6.1723
2025-11-28,11:10:25,2025-11,EUR,Euro,6.1679,6.1702
2025-11-28,13:10:31,2025-11,EUR,Euro,6.1902,6.1915
2025-11-28,12:06:00,2025-11,USD,Dólar,5.3272,5.3278
2025-11-28,11:10:25,2025-11,USD,Dólar,5.3296,5.3302
2025-11-28,10:03:26,2025-11,AUD,Dólar Australiano,3.4812,3.4821
2025-11-28,10:03:26,2025-11,EUR,Euro,6.17,6.1718
2025-11-28,13:10:31,2025-11,USD,Dólar,5.3408,5.3414
2025-11-28,11:10:25,2025-11,GBP,Libra,7.0473,7.0508
2025-11-28,12:06:00,2025-11,GBP,Libra,7.0468,7.0503
2025-11-28,13:10:31,2025-11,AUD,Dólar Australiano,3.497,3.4979
2025-11-28,13:10:31,2025-11,AUD,Dólar Australiano,3.502,3.5029
2025-11-28,12:06:00,2025-11,AUD,Dólar Australiano,3.4813,3.4833
2025-11-28,10:03:26,2025-11,GBP,Libra,7.0514,7.0533
2025-11-28,11:10:25,2025-11,AUD,Dólar Australiano,3.4824,3.4838
2025-11-28,13:10:31,2025-11,GBP,Libra,7.076,7.0795
2025-11-28,13:10:31,2025-11,GBP,Libra,7.066,7.0694
2025-11-27,13:07:26,2025-11,AUD,Dólar Australiano,3.4928,3.4948
2025-11-27,13:07:26,2025-11,GBP,Libra,7.0845,7.088
2025-11-27,12:09:24,2025-11,GBP,Libra,7.0823,7.0836
2025-11-27,11:07:25,2025-11,GBP,Libra,7.0814,7.086
2025-11-27,10:03:25,2025-11,GBP,Libra,7.0741,7.076
2025-11-27,13:07:26,2025-11,USD,Dólar,5.3484,5.349
2025-11-27,12:09:24,2025-11,AUD,Dólar Australiano,3.4927,3.4942
2025-11-27,13:07:26,2025-11,USD,Dólar,5.3472,5.3478
2025-11-27,12:09:24,2025-11,USD,Dólar,5.352,5.3526
2025-11-27,13:07:26,2025-11,AUD,Dólar Australiano,3.4936,3.4956
2025-11-27,10:03:25,2025-11,USD,Dólar,5.3458,5.3464
2025-11-27,10:03:25,2025-11,AUD,Dólar Australiano,3.4876,3.4891
2025-11-27,11:07:25,2025-11,AUD,Dólar Australiano,3.4904,3.4919
2025-11-27,11:07:25,2025-11,USD,Dólar,5.3485,5.3491
2025-11-27,13:07:26,2025-11,GBP,Libra,7.0861,7.0896
2025-11-27,10:03:25,2025-11,EUR,Euro,6.192,6.1938
2025-11-27,12:09:24,2025-11,EUR,Euro,6.2051,6.2063
2025-11-27,13:07:26,2025-11,EUR,Euro,6.1995,6.2008
2025-11-27,13:07:26,2025-11,EUR,Euro,6.2009,6.2022
2025-11-27,11:07:25,2025-11,EUR,Euro,6.2011,6.2028
2025-11-26,13:03:30,2025-11,USD,Dólar,5.3531,5.3537
2025-11-26,13:03:30,2025-11,AUD,Dólar Australiano,3.494,3.4955
2025-11-26,13:03:30,2025-11,AUD,Dólar Australiano,3.4838,3.4853
2025-11-26,12:11:24,2025-11,AUD,Dólar Australiano,3.4865,3.488
2025-11-26,11:06:24,2025-11,AUD,Dólar Australiano,3.4908,3.4922
2025-11-26,10:06:25,2025-11,AUD,Dólar Australiano,3.4897,3.4912
2025-11-26,10:06:25,2025-11,EUR,Euro,6.2204,6.2222
2025-11-26,10:06:25,2025-11,USD,Dólar,5.3754,5.376
2025-11-26,12:11:24,2025-11,USD,Dólar,5.368,5.3686
2025-11-26,11:06:24,2025-11,USD,Dólar,5.3787,5.3793
2025-11-26,13:03:30,2025-11,USD,Dólar,5.3688,5.3694
2025-11-26,13:03:30,2025-11,EUR,Euro,6.2037,6.2055
2025-11-26,13:03:30,2025-11,GBP,Libra,7.1002,7.1032
2025-11-26,13:03:30,2025-11,GBP,Libra,7.0795,7.0824
2025-11-26,12:11:24,2025-11,GBP,Libra,7.0847,7.086
2025-11-26,11:06:24,2025-11,GBP,Libra,7.0945,7.098
2025-11-26,10:06:25,2025-11,GBP,Libra,7.0859,7.0888
2025-11-26,13:03:30,2025-11,EUR,Euro,6.2219,6.2237
2025-11-26,11:06:24,2025-11,EUR,Euro,6.2129,6.2147
2025-11-26,12:11:24,2025-11,EUR,Euro,6.2151,6.2163
2025-11-25,12:09:25,2025-11,AUD,Dólar Australiano,3.482,3.4829
2025-11-25,13:05:27,2025-11,AUD,Dólar Australiano,3.4774,3.4788
2025-11-25,11:11:25,2025-11,EUR,Euro,6.2119,6.2137
2025-11-25,10:05:26,2025-11,EUR,Euro,6.199,6.2002
2025-11-25,11:11:25,2025-11,AUD,Dólar Australiano,3.4723,3.4737
2025-11-25,10:05:26,2025-11,AUD,Dólar Australiano,3.4654,3.4674
2025-11-25,13:05:27,2025-11,EUR,Euro,6.2244,6.2256
2025-11-25,13:05:27,2025-11,EUR,Euro,6.2372,6.2385
2025-11-25,12:09:25,2025-11,EUR,Euro,6.2405,6.2423
2025-11-25,13:05:27,2025-11,AUD,Dólar Australiano,3.4702,3.4717
2025-11-25,13:05:27,2025-11,GBP,Libra,7.0933,7.0946
2025-11-25,13:05:27,2025-11,GBP,Libra,7.1079,7.1093
2025-11-25,10:05:26,2025-11,USD,Dólar,5.3694,5.37
2025-11-25,13:05:27,2025-11,USD,Dólar,5.3835,5.3841
2025-11-25,13:05:27,2025-11,USD,Dólar,5.3946,5.3952
2025-11-25,12:09:25,2025-11,USD,Dólar,5.3951,5.3957
2025-11-25,11:11:25,2025-11,USD,Dólar,5.375,5.3756
2025-11-25,10:05:26,2025-11,GBP,Libra,7.0516,7.0546
2025-11-25,11:11:25,2025-11,GBP,Libra,7.0687,7.0716
2025-11-25,12:09:25,2025-11,GBP,Libra,7.1097,7.1126
2025-11-24,12:10:25,2025-11,AUD,Dólar Australiano,3.481,3.4819
2025-11-24,13:02:26,2025-11,GBP,Libra,7.0648,7.0666
2025-11-24,11:06:24,2025-11,AUD,Dólar Australiano,3.4857,3.4872
2025-11-24,13:02:26,2025-11,AUD,Dólar Australiano,3.4808,3.4833
2025-11-24,13:02:26,2025-11,AUD,Dólar Australiano,3.4825,3.485
2025-11-24,13:02:26,2025-11,GBP,Libra,7.0612,7.0631
2025-11-24,12:10:25,2025-11,GBP,Libra,7.0612,7.0625
2025-11-24,10:06:27,2025-11,EUR,Euro,6.2237,6.2255
2025-11-24,11:06:24,2025-11,EUR,Euro,6.2325,6.2337
2025-11-24,12:10:25,2025-11,EUR,Euro,6.2165,6.2183
2025-11-24,13:02:26,2025-11,USD,Dólar,5.3915,5.3921
2025-11-24,10:06:27,2025-11,USD,Dólar,5.3899,5.3905
2025-11-24,11:06:24,2025-11,USD,Dólar,5.4017,5.4023
2025-11-24,12:10:25,2025-11,USD,Dólar,5.3935,5.3941
2025-11-24,13:02:26,2025-11,EUR,Euro,6.2159,6.2171
2025-11-24,10:06:27,2025-11,AUD,Dólar Australiano,3.4786,3.4806
2025-11-24,13:02:26,2025-11,USD,Dólar,5.3942,5.3948
2025-11-24,10:06:27,2025-11,GBP,Libra,7.0672,7.0686
2025-11-24,11:06:24,2025-11,GBP,Libra,7.0773,7.0819
2025-11-24,13:02:26,2025-11,EUR,Euro,6.219,6.2202
2025-11-21,10:07:25,2025-11,AUD,Dólar Australiano,3.4558,3.4567
2025-11-21,11:11:24,2025-11,AUD,Dólar Australiano,3.4712,3.4721
2025-11-21,12:16:32,2025-11,AUD,Dólar Australiano,3.4716,3.4736
2025-11-21,13:06:33,2025-11,AUD,Dólar Australiano,3.4865,3.4874
2025-11-21,13:06:33,2025-11,AUD,Dólar Australiano,3.4671,3.4681
2025-11-21,12:16:32,2025-11,GBP,Libra,7.0603,7.0632
2025-11-21,13:06:33,2025-11,GBP,Libra,7.0911,7.0925
2025-11-21,13:06:33,2025-11,USD,Dólar,5.3896,5.3902
2025-11-21,11:11:24,2025-11,GBP,Libra,7.0425,7.0438
2025-11-21,10:07:25,2025-11,GBP,Libra,7.0178,7.0191
2025-11-21,13:06:33,2025-11,EUR,Euro,6.1991,6.2003
2025-11-21,13:06:33,2025-11,EUR,Euro,6.2337,6.235
2025-11-21,12:16:32,2025-11,EUR,Euro,6.2117,6.2135
2025-11-21,11:11:24,2025-11,EUR,Euro,6.2003,6.2015
2025-11-21,10:07:25,2025-11,EUR,Euro,6.1792,6.1804
2025-11-21,10:07:25,2025-11,USD,Dólar,5.362,5.3626
2025-11-21,11:11:24,2025-11,USD,Dólar,5.3817,5.3823
2025-11-21,12:16:32,2025-11,USD,Dólar,5.3949,5.3955
2025-11-21,13:06:33,2025-11,USD,Dólar,5.4197,5.4203
2025-11-21,13:06:33,2025-11,GBP,Libra,7.0518,7.0531
2025-11-19,12:06:26,2025-11,USD,Dólar,5.3292,5.3298
2025-11-19,13:09:27,2025-11,USD,Dólar,5.334,5.3346
2025-11-19,10:09:25,2025-11,GBP,Libra,6.9979,6.9992
2025-11-19,10:09:25,2025-11,USD,Dólar,5.3346,5.3352
2025-11-19,11:02:25,2025-11,GBP,Libra,6.9987,7.0
2025-11-19,10:09:25,2025-11,AUD,Dólar Australiano,3.4611,3.4631
2025-11-19,11:02:25,2025-11,AUD,Dólar Australiano,3.4588,3.4603
2025-11-19,12:06:26,2025-11,AUD,Dólar Australiano,3.4597,3.4606
2025-11-19,13:09:27,2025-11,AUD,Dólar Australiano,3.4499,3.4514
2025-11-19,13:09:27,2025-11,AUD,Dólar Australiano,3.4479,3.4494
2025-11-19,12:06:26,2025-11,GBP,Libra,6.985,6.9879
2025-11-19,13:09:27,2025-11,GBP,Libra,6.9799,6.9828
2025-11-19,13:09:27,2025-11,GBP,Libra,6.9758,6.9787
2025-11-19,13:09:27,2025-11,USD,Dólar,5.3371,5.3377
2025-11-19,11:02:25,2025-11,USD,Dólar,5.3352,5.3358
2025-11-19,13:09:27,2025-11,EUR,Euro,6.1586,6.1604
2025-11-19,13:09:27,2025-11,EUR,Euro,6.1622,6.164
2025-11-19,12:06:26,2025-11,EUR,Euro,6.1574,6.1591
2025-11-19,11:02:25,2025-11,EUR,Euro,6.1739,6.1751
2025-11-19,10:09:25,2025-11,EUR,Euro,6.1764,6.1776
2025-11-18,13:10:26,2025-11,USD,Dólar,5.3395,5.3401
2025-11-18,13:10:26,2025-11,GBP,Libra,7.0119,7.0148
2025-11-18,10:04:25,2025-11,EUR,Euro,6.194,6.1957
2025-11-18,11:05:25,2025-11,EUR,Euro,6.1718,6.173
2025-11-18,13:10:26,2025-11,AUD,Dólar Australiano,3.4617,3.4626
2025-11-18,13:10:26,2025-11,AUD,Dólar Australiano,3.4643,3.4652
2025-11-18,12:03:57,2025-11,AUD,Dólar Australiano,3.467,3.47
2025-11-18,11:05:25,2025-11,AUD,Dólar Australiano,3.461,3.4641
2025-11-18,10:04:25,2025-11,AUD,Dólar Australiano,3.4742,3.4751
2025-11-18,12:03:57,2025-11,EUR,Euro,6.1914,6.1937
2025-11-18,13:10:26,2025-11,USD,Dólar,5.3355,5.3361
2025-11-18,13:10:26,2025-11,EUR,Euro,6.1842,6.1854
2025-11-18,13:10:26,2025-11,GBP,Libra,7.0172,7.0201
2025-11-18,11:05:25,2025-11,GBP,Libra,6.9998,7.0011
2025-11-18,10:04:25,2025-11,GBP,Libra,7.028,7.0294
2025-11-18,13:10:26,2025-11,EUR,Euro,6.1796,6.1808
2025-11-18,10:04:25,2025-11,USD,Dólar,5.3433,5.3439
2025-11-18,11:05:25,2025-11,USD,Dólar,5.3214,5.322
2025-11-18,12:03:57,2025-11,USD,Dólar,5.3379,5.3385
2025-11-18,12:03:57,2025-11,GBP,Libra,7.0215,7.0265
2025-11-17,12:10:25,2025-11,AUD,Dólar Australiano,3.4589,3.4614
2025-11-17,10:04:26,2025-11,EUR,Euro,6.1547,6.1559
2025-11-17,10:04:26,2025-11,AUD,Dólar Australiano,3.4586,3.46
2025-11-17,11:06:26,2025-11,AUD,Dólar Australiano,3.4557,3.4582
2025-11-17,13:07:28,2025-11,EUR,Euro,6.1582,6.1595
2025-11-17,13:07:28,2025-11,AUD,Dólar Australiano,3.4556,3.4581
2025-11-17,13:07:28,2025-11,AUD,Dólar Australiano,3.4553,3.4579
2025-11-17,13:07:28,2025-11,EUR,Euro,6.1587,6.1599
2025-11-17,11:06:26,2025-11,EUR,Euro,6.1542,6.1559
2025-11-17,12:10:25,2025-11,EUR,Euro,6.1547,6.1564
2025-11-17,10:04:26,2025-11,GBP,Libra,6.9936,6.9949
2025-11-17,12:10:25,2025-11,USD,Dólar,5.314,5.3146
2025-11-17,13:07:28,2025-11,GBP,Libra,6.9973,6.9986
2025-11-17,13:07:28,2025-11,GBP,Libra,6.9978,6.9991
2025-11-17,12:10:25,2025-11,GBP,Libra,6.9948,6.9977
2025-11-17,11:06:26,2025-11,GBP,Libra,6.9937,6.9966
2025-11-17,13:07:28,2025-11,USD,Dólar,5.3102,5.3108
2025-11-17,13:07:28,2025-11,USD,Dólar,5.3106,5.3112
2025-11-17,11:06:26,2025-11,USD,Dólar,5.3099,5.3105
2025-11-17,10:04:26,2025-11,USD,Dólar,5.3062,5.3068
2025-11-14,12:11:26,2025-11,EUR,Euro,6.1481,6.1493
2025-11-14,11:03:25,2025-11,AUD,Dólar Australiano,3.4625,3.4644
2025-11-14,12:11:26,2025-11,AUD,Dólar Australiano,3.4562,3.4582
2025-11-14,13:11:28,2025-11,AUD,Dólar Australiano,3.4556,3.4576
2025-11-14,13:11:28,2025-11,EUR,Euro,6.1486,6.1498
2025-11-14,13:11:28,2025-11,EUR,Euro,6.1314,6.1327
2025-11-14,10:03:25,2025-11,AUD,Dólar Australiano,3.4584,3.4604
2025-11-14,11:03:25,2025-11,EUR,Euro,6.1774,6.1792
2025-11-14,10:03:25,2025-11,EUR,Euro,6.1758,6.1776
2025-11-14,13:11:28,2025-11,AUD,Dólar Australiano,3.4653,3.4673
2025-11-14,13:11:28,2025-11,GBP,Libra,6.9555,6.959
2025-11-14,13:11:28,2025-11,GBP,Libra,6.9361,6.9395
2025-11-14,12:11:26,2025-11,GBP,Libra,6.959,6.9619
2025-11-14,10:03:25,2025-11,GBP,Libra,6.9851,6.9865
2025-11-14,11:03:25,2025-11,GBP,Libra,6.9881,6.9915
2025-11-14,10:03:25,2025-11,USD,Dólar,5.3002,5.3008
2025-11-14,13:11:28,2025-11,USD,Dólar,5.2946,5.2952
2025-11-14,13:11:28,2025-11,USD,Dólar,5.2798,5.2804
2025-11-14,12:11:26,2025-11,USD,Dólar,5.2896,5.2902
2025-11-14,11:03:25,2025-11,USD,Dólar,5.3089,5.3095
2025-11-13,11:02:28,2025-11,AUD,Dólar Australiano,3.4581,3.4595
2025-11-13,11:02:28,2025-11,GBP,Libra,6.9489,6.9518
2025-11-13,12:07:25,2025-11,AUD,Dólar Australiano,3.4614,3.4628
2025-11-13,12:07:25,2025-11,USD,Dólar,5.287,5.2876
2025-11-13,10:09:25,2025-11,AUD,Dólar Australiano,3.4643,3.4657
2025-11-13,13:07:27,2025-11,USD,Dólar,5.2838,5.2844
2025-11-13,13:07:27,2025-11,USD,Dólar,5.2814,5.282
2025-11-13,11:02:28,2025-11,USD,Dólar,5.2771,5.2777
2025-11-13,13:07:27,2025-11,GBP,Libra,6.9699,6.9728
2025-11-13,13:07:27,2025-11,GBP,Libra,6.973,6.9759
2025-11-13,12:07:25,2025-11,GBP,Libra,6.9677,6.9706
2025-11-13,10:09:25,2025-11,USD,Dólar,5.2777,5.2783
2025-11-13,10:09:25,2025-11,GBP,Libra,6.9565,6.9594
2025-11-13,13:07:27,2025-11,AUD,Dólar Australiano,3.4604,3.4618
2025-11-13,13:07:27,2025-11,EUR,Euro,6.1465,6.1482
2025-11-13,13:07:27,2025-11,EUR,Euro,6.1493,6.151
2025-11-13,12:07:25,2025-11,EUR,Euro,6.1472,6.149
2025-11-13,11:02:28,2025-11,EUR,Euro,6.132,6.1337
2025-11-13,10:09:25,2025-11,EUR,Euro,6.1348,6.136
2025-11-13,13:07:27,2025-11,AUD,Dólar Australiano,3.4619,3.4634
2025-11-12,10:08:26,2025-11,EUR,Euro,6.0978,6.0991
2025-11-12,13:11:25,2025-11,EUR,Euro,6.1303,6.132
2025-11-12,13:11:25,2025-11,EUR,Euro,6.1428,6.1445
2025-11-12,12:07:25,2025-11,EUR,Euro,6.1292,6.1304
2025-11-12,11:10:24,2025-11,EUR,Euro,6.1214,6.1232
2025-11-12,13:11:25,2025-11,USD,Dólar,5.2879,5.2885
2025-11-12,13:11:25,2025-11,USD,Dólar,5.2987,5.2993
2025-11-12,10:08:26,2025-11,GBP,Libra,6.9095,6.9108
2025-11-12,12:07:25,2025-11,USD,Dólar,5.2952,5.2958
2025-11-12,11:10:24,2025-11,USD,Dólar,5.2903,5.2909
2025-11-12,10:08:26,2025-11,USD,Dólar,5.2672,5.2678
2025-11-12,13:11:25,2025-11,AUD,Dólar Australiano,3.4578,3.4592
2025-11-12,10:08:26,2025-11,AUD,Dólar Australiano,3.4463,3.4483
2025-11-12,13:11:25,2025-11,GBP,Libra,6.9435,6.9449
2025-11-12,11:10:24,2025-11,GBP,Libra,6.9314,6.9348
2025-11-12,12:07:25,2025-11,GBP,Libra,6.9351,6.938
2025-11-12,13:11:25,2025-11,GBP,Libra,6.9577,6.959
2025-11-12,11:10:24,2025-11,AUD,Dólar Australiano,3.4583,3.4592
2025-11-12,12:07:25,2025-11,AUD,Dólar Australiano,3.4583,3.4597
2025-11-12,13:11:25,2025-11,AUD,Dólar Australiano,3.4648,3.4663
2025-11-11,13:07:30,2025-11,AUD,Dólar Australiano,3.4381,3.4395
2025-11-11,12:11:25,2025-11,AUD,Dólar Australiano,3.4414,3.4428
2025-11-11,11:31:23,2025-11,AUD,Dólar Australiano,3.44,3.4409
2025-11-11,10:07:27,2025-11,AUD,Dólar Australiano,3.4473,3.4488
2025-11-11,10:07:27,2025-11,EUR,Euro,6.1165,6.1177
2025-11-11,11:31:23,2025-11,EUR,Euro,6.1067,6.1079
2025-11-11,12:11:25,2025-11,EUR,Euro,6.1087,6.1099
2025-11-11,13:07:29,2025-11,EUR,Euro,6.1132,6.1149
2025-11-11,13:07:29,2025-11,AUD,Dólar Australiano,3.4383,3.4398
2025-11-11,13:07:30,2025-11,EUR,Euro,6.1127,6.1145
2025-11-11,12:11:25,2025-11,GBP,Libra,6.9397,6.9426
2025-11-11,13:07:29,2025-11,GBP,Libra,6.9447,6.9476
2025-11-11,13:07:30,2025-11,GBP,Libra,6.9441,6.947
2025-11-11,10:07:27,2025-11,GBP,Libra,6.9465,6.9494
2025-11-11,13:07:30,2025-11,USD,Dólar,5.2723,5.2729
2025-11-11,13:07:29,2025-11,USD,Dólar,5.2727,5.2733
2025-11-11,12:11:25,2025-11,USD,Dólar,5.2661,5.2667
2025-11-11,11:31:23,2025-11,USD,Dólar,5.2639,5.2645
2025-11-11,10:07:27,2025-11,USD,Dólar,5.2865,5.2871
2025-11-11,11:31:23,2025-11,GBP,Libra,6.932,6.9349
2025-11-10,13:03:31,2025-11,AUD,Dólar Australiano,3.4649,3.4663
2025-11-10,10:06:26,2025-11,GBP,Libra,7.0042,7.0056
2025-11-10,12:11:25,2025-11,AUD,Dólar Australiano,3.4699,3.4724
2025-11-10,11:11:26,2025-11,AUD,Dólar Australiano,3.4726,3.474
2025-11-10,10:06:26,2025-11,AUD,Dólar Australiano,3.471,3.4725
2025-11-10,13:03:31,2025-11,EUR,Euro,6.1391,6.1403
2025-11-10,13:03:31,2025-11,GBP,Libra,6.9909,6.9922
2025-11-10,13:03:31,2025-11,GBP,Libra,6.9916,6.9929
2025-11-10,12:11:25,2025-11,GBP,Libra,7.0004,7.0033
2025-11-10,11:11:26,2025-11,GBP,Libra,7.0084,7.0098
2025-11-10,13:03:31,2025-11,AUD,Dólar Australiano,3.4652,3.4667
2025-11-10,10:06:26,2025-11,USD,Dólar,5.3147,5.3153
2025-11-10,10:06:26,2025-11,EUR,Euro,6.1475,6.1487
2025-11-10,13:03:31,2025-11,USD,Dólar,5.3175,5.3181
2025-11-10,13:03:31,2025-11,USD,Dólar,5.318,5.3186
2025-11-10,13:03:31,2025-11,EUR,Euro,6.1396,6.1409
2025-11-10,12:11:25,2025-11,USD,Dólar,5.3178,5.3184
2025-11-10,11:11:26,2025-11,USD,Dólar,5.3195,5.3201
2025-11-10,12:11:25,2025-11,EUR,Euro,6.1495,6.1513
2025-11-10,11:11:26,2025-11,EUR,Euro,6.1531,6.1548
2025-11-07,11:07:25,2025-11,EUR,Euro,6.2,6.2018
2025-11-07,12:05:25,2025-11,EUR,Euro,6.1942,6.1954
2025-11-07,13:10:31,2025-11,EUR,Euro,6.1889,6.1906
2025-11-07,13:10:31,2025-11,EUR,Euro,6.1975,6.1993
2025-11-07,10:10:24,2025-11,EUR,Euro,6.1991,6.2003
2025-11-07,13:10:31,2025-11,GBP,Libra,7.0438,7.0451
2025-11-07,13:10:31,2025-11,AUD,Dólar Australiano,3.4611,3.4631
2025-11-07,11:07:25,2025-11,USD,Dólar,5.3601,5.3607
2025-11-07,13:10:31,2025-11,USD,Dólar,5.3486,5.3492
2025-11-07,10:10:24,2025-11,USD,Dólar,5.3639,5.3645
2025-11-07,13:10:31,2025-11,AUD,Dólar Australiano,3.4659,3.4679
2025-11-07,12:05:25,2025-11,AUD,Dólar Australiano,3.4696,3.471
2025-11-07,11:07:25,2025-11,AUD,Dólar Australiano,3.4771,3.478
2025-11-07,10:10:24,2025-11,AUD,Dólar Australiano,3.4753,3.4773
2025-11-07,13:10:31,2025-11,USD,Dólar,5.3561,5.3567
2025-11-07,10:10:24,2025-11,GBP,Libra,7.0358,7.0372
2025-11-07,11:07:25,2025-11,GBP,Libra,7.0378,7.0391
2025-11-07,12:05:25,2025-11,GBP,Libra,7.0365,7.0389
2025-11-07,13:10:31,2025-11,GBP,Libra,7.0339,7.0353
2025-11-07,12:05:25,2025-11,USD,Dólar,5.3518,5.3524
2025-11-06,11:09:24,2025-11,GBP,Libra,6.9938,6.9951
2025-11-06,10:09:25,2025-11,GBP,Libra,6.9916,6.9945
2025-11-06,11:09:24,2025-11,AUD,Dólar Australiano,3.4729,3.4738
2025-11-06,12:09:47,2025-11,GBP,Libra,6.9968,7.0002
2025-11-06,12:09:47,2025-11,AUD,Dólar Australiano,3.4655,3.4675
2025-11-06,13:02:49,2025-11,GBP,Libra,7.0143,7.0177
2025-11-06,12:09:47,2025-11,EUR,Euro,6.1618,6.163
2025-11-06,13:02:49,2025-11,GBP,Libra,7.0013,7.0048
2025-11-06,12:09:47,2025-11,USD,Dólar,5.3488,5.3494
2025-11-06,11:09:24,2025-11,USD,Dólar,5.3363,5.3369
2025-11-06,10:09:25,2025-11,USD,Dólar,5.3383,5.3389
2025-11-06,11:09:24,2025-11,EUR,Euro,6.1554,6.1566
2025-11-06,10:09:25,2025-11,EUR,Euro,6.1551,6.1563
2025-11-06,13:02:49,2025-11,EUR,Euro,6.1784,6.1802
2025-11-06,13:02:49,2025-11,USD,Dólar,5.3544,5.355
2025-11-06,13:02:49,2025-11,AUD,Dólar Australiano,3.4638,3.4647
2025-11-06,13:02:49,2025-11,AUD,Dólar Australiano,3.4574,3.4583
2025-11-06,13:02:49,2025-11,USD,Dólar,5.3445,5.3451
2025-11-06,13:02:49,2025-11,EUR,Euro,6.167,6.1688
2025-11-06,10:09:25,2025-11,AUD,Dólar Australiano,3.4768,3.4778
2025-11-05,13:07:26,2025-11,AUD,Dólar Australiano,3.4849,3.4869
2025-11-05,12:04:25,2025-11,AUD,Dólar Australiano,3.489,3.4916
2025-11-05,13:07:26,2025-11,USD,Dólar,5.3792,5.3798
2025-11-05,11:07:25,2025-11,USD,Dólar,5.3826,5.3832
2025-11-05,13:07:26,2025-11,AUD,Dólar Australiano,3.4954,3.4974
2025-11-05,12:04:25,2025-11,USD,Dólar,5.3735,5.3741
2025-11-05,11:07:25,2025-11,EUR,Euro,6.1755,6.1767
2025-11-05,10:05:24,2025-11,EUR,Euro,6.2017,6.203
2025-11-05,13:07:26,2025-11,USD,Dólar,5.363,5.3636
2025-11-05,10:05:24,2025-11,USD,Dólar,5.3975,5.3981
2025-11-05,11:07:25,2025-11,AUD,Dólar Australiano,3.4895,3.4926
2025-11-05,10:05:24,2025-11,AUD,Dólar Australiano,3.4981,3.499
2025-11-05,10:05:24,2025-11,GBP,Libra,7.0378,7.0407
2025-11-05,13:07:26,2025-11,GBP,Libra,7.0139,7.0174
2025-11-05,13:07:26,2025-11,GBP,Libra,6.9928,6.9963
2025-11-05,12:04:25,2025-11,GBP,Libra,7.0017,7.0051
2025-11-05,12:04:25,2025-11,EUR,Euro,6.172,6.1732
2025-11-05,13:07:26,2025-11,EUR,Euro,6.1557,6.1574
2025-11-05,13:07:26,2025-11,EUR,Euro,6.1742,6.176
2025-11-05,11:07:25,2025-11,GBP,Libra,7.0098,7.0132
2025-11-04,10:04:26,2025-11,EUR,Euro,6.1856,6.1868
2025-11-04,13:07:26,2025-11,EUR,Euro,6.1868,6.188
2025-11-04,13:07:26,2025-11,EUR,Euro,6.1842,6.1855
2025-11-04,12:10:25,2025-11,EUR,Euro,6.1783,6.1795
2025-11-04,11:11:25,2025-11,EUR,Euro,6.1919,6.1937
2025-11-04,10:04:26,2025-11,GBP,Libra,7.0341,7.037
2025-11-04,12:10:25,2025-11,USD,Dólar,5.3818,5.3824
2025-11-04,11:11:25,2025-11,GBP,Libra,7.0347,7.0376
2025-11-04,10:04:26,2025-11,AUD,Dólar Australiano,3.4963,3.4978
2025-11-04,11:11:25,2025-11,AUD,Dólar Australiano,3.4977,3.4997
2025-11-04,12:10:25,2025-11,AUD,Dólar Australiano,3.4939,3.4953
2025-11-04,13:07:26,2025-11,AUD,Dólar Australiano,3.4987,3.5007
2025-11-04,11:11:25,2025-11,USD,Dólar,5.3885,5.3891
2025-11-04,10:04:26,2025-11,USD,Dólar,5.3839,5.3845
2025-11-04,13:07:26,2025-11,AUD,Dólar Australiano,3.5001,3.5021
2025-11-04,13:07:26,2025-11,USD,Dólar,5.3818,5.3824
2025-11-04,13:07:26,2025-11,GBP,Libra,7.0234,7.0264
2025-11-04,13:07:26,2025-11,GBP,Libra,7.0206,7.0235
2025-11-04,12:10:25,2025-11,GBP,Libra,7.0222,7.024
2025-11-04,13:07:26,2025-11,USD,Dólar,5.384,5.3846
2025-11-03,13:06:25,2025-11,GBP,Libra,7.0319,7.0348
2025-11-03,12:06:25,2025-11,USD,Dólar,5.3455,5.3461
2025-11-03,12:06:25,2025-11,AUD,Dólar Australiano,3.4911,3.4921
2025-11-03,11:08:24,2025-11,AUD,Dólar Australiano,3.4972,3.4997
2025-11-03,10:05:28,2025-11,AUD,Dólar Australiano,3.5015,3.5035
2025-11-03,10:05:28,2025-11,GBP,Libra,7.0287,7.03
2025-11-03,11:08:24,2025-11,GBP,Libra,7.0216,7.0245
2025-11-03,12:06:25,2025-11,GBP,Libra,7.0096,7.0109
2025-11-03,13:06:25,2025-11,GBP,Libra,7.0378,7.0408
2025-11-03,13:06:25,2025-11,USD,Dólar,5.3544,5.355
2025-11-03,13:06:25,2025-11,USD,Dólar,5.3499,5.3505
2025-11-03,11:08:24,2025-11,USD,Dólar,5.3498,5.3504
2025-11-03,10:05:28,2025-11,USD,Dólar,5.3499,5.3505
2025-11-03,10:05:28,2025-11,EUR,Euro,6.1615,6.1627
2025-11-03,11:08:24,2025-11,EUR,Euro,6.1582,6.1594
2025-11-03,13:06:25,2025-11,AUD,Dólar Australiano,3.4919,3.4933
2025-11-03,12:06:25,2025-11,EUR,Euro,6.1527,6.1539
2025-11-03,13:06:25,2025-11,EUR,Euro,6.1709,6.1722
2025-11-03,13:06:25,2025-11,EUR,Euro,6.1658,6.167
2025-11-03,13:06:25,2025-11,AUD,Dólar Australiano,3.4948,3.4963
2025-10-31,10:04:25,2025-10,GBP,Libra,7.0481,7.051
2025-10-31,11:04:24,2025-10,GBP,Libra,7.055,7.058
2025-10-31,12:08:50,2025-10,GBP,Libra,7.0753,7.0782
2025-10-31,13:07:28,2025-10,GBP,Libra,7.0718,7.0747
2025-10-31,13:07:28,2025-10,AUD,Dólar Australiano,3.5235,3.5244
2025-10-31,13:07:28,2025-10,AUD,Dólar Australiano,3.5236,3.5246
2025-10-31,10:04:25,2025-10,USD,Dólar,5.379,5.3796
2025-10-31,10:04:25,2025-10,EUR,Euro,6.2154,6.2167
2025-10-31,11:04:24,2025-10,EUR,Euro,6.2081,6.2099
2025-10-31,12:08:50,2025-10,EUR,Euro,6.218,6.2198
2025-10-31,13:07:28,2025-10,EUR,Euro,6.2126,6.2138
2025-10-31,13:07:28,2025-10,EUR,Euro,6.2128,6.214
2025-10-31,12:08:50,2025-10,AUD,Dólar Australiano,3.532,3.5334
2025-10-31,13:07:28,2025-10,GBP,Libra,7.072,7.075
2025-10-31,11:04:24,2025-10,USD,Dólar,5.3806,5.3812
2025-10-31,12:08:50,2025-10,USD,Dólar,5.3915,5.3921
2025-10-31,13:07:28,2025-10,USD,Dólar,5.3835,5.3841
2025-10-31,13:07:28,2025-10,USD,Dólar,5.3837,5.3843
2025-10-31,10:04:25,2025-10,AUD,Dólar Australiano,3.5152,3.5172
2025-10-31,11:04:24,2025-10,AUD,Dólar Australiano,3.5221,3.5236
2025-10-30,13:09:27,2025-10,USD,Dólar,5.3844,5.385
2025-10-30,12:02:27,2025-10,USD,Dólar,5.3831,5.3837
2025-10-30,11:09:51,2025-10,USD,Dólar,5.3811,5.3817
2025-10-30,10:06:32,2025-10,USD,Dólar,5.3916,5.3922
2025-10-30,13:09:27,2025-10,USD,Dólar,5.3816,5.3822
2025-10-30,12:02:27,2025-10,EUR,Euro,6.2299,6.2311
2025-10-30,13:09:27,2025-10,GBP,Libra,7.0778,7.0791
2025-10-30,13:09:27,2025-10,AUD,Dólar Australiano,3.5284,3.5293
2025-10-30,10:06:32,2025-10,EUR,Euro,6.23,6.2312
2025-10-30,11:09:51,2025-10,EUR,Euro,6.2308,6.2331
2025-10-30,13:09:27,2025-10,GBP,Libra,7.0741,7.0754
2025-10-30,13:09:27,2025-10,EUR,Euro,6.226,6.2278
2025-10-30,10:06:32,2025-10,AUD,Dólar Australiano,3.5245,3.5254
2025-10-30,11:09:51,2025-10,AUD,Dólar Australiano,3.5235,3.5245
2025-10-30,12:02:27,2025-10,AUD,Dólar Australiano,3.5243,3.5263
2025-10-30,13:09:27,2025-10,AUD,Dólar Australiano,3.5266,3.5275
2025-10-30,13:09:27,2025-10,EUR,Euro,6.2227,6.2245
2025-10-30,10:06:32,2025-10,GBP,Libra,7.0813,7.0843
2025-10-30,11:09:51,2025-10,GBP,Libra,7.0799,7.0812
2025-10-30,12:02:27,2025-10,GBP,Libra,7.082,7.0849
2025-10-29,13:04:21,2025-10,USD,Dólar,5.3461,5.3467
2025-10-29,12:11:12,2025-10,EUR,Euro,6.2142,6.216
2025-10-29,12:11:12,2025-10,USD,Dólar,5.3341,5.3347
2025-10-29,11:11:27,2025-10,USD,Dólar,5.3381,5.3387
2025-10-29,13:04:21,2025-10,USD,Dólar,5.341,5.3416
2025-10-29,10:16:12,2025-10,USD,Dólar,5.3455,5.3461
2025-10-29,13:04:21,2025-10,EUR,Euro,6.2292,6.2304
2025-10-29,13:04:21,2025-10,EUR,Euro,6.2352,6.2364
2025-10-29,12:11:12,2025-10,AUD,Dólar Australiano,3.5226,3.5246
2025-10-29,11:11:27,2025-10,EUR,Euro,6.2119,6.2132
2025-10-29,10:16:12,2025-10,EUR,Euro,6.219,6.2202
2025-10-29,10:16:12,2025-10,AUD,Dólar Australiano,3.5259,3.5279
2025-10-29,11:11:27,2025-10,AUD,Dólar Australiano,3.5242,3.5262
2025-10-29,13:04:21,2025-10,AUD,Dólar Australiano,3.5343,3.5358
2025-10-29,13:04:21,2025-10,AUD,Dólar Australiano,3.5309,3.5324
2025-10-29,10:16:12,2025-10,GBP,Libra,7.0571,7.0601
2025-10-29,11:11:27,2025-10,GBP,Libra,7.049,7.0519
2025-10-29,12:11:12,2025-10,GBP,Libra,7.0554,7.0567
2025-10-29,13:04:21,2025-10,GBP,Libra,7.0715,7.0733
2025-10-29,13:04:21,2025-10,GBP,Libra,7.0782,7.0801
2025-10-28,10:04:25,2025-10,USD,Dólar,5.3777,5.3783
2025-10-28,13:04:28,2025-10,EUR,Euro,6.2585,6.2603
2025-10-28,13:04:28,2025-10,EUR,Euro,6.2486,6.2503
2025-10-28,12:07:04,2025-10,USD,Dólar,5.3655,5.3661
2025-10-28,13:04:28,2025-10,USD,Dólar,5.3599,5.3605
2025-10-28,13:04:28,2025-10,USD,Dólar,5.3684,5.369
2025-10-28,13:04:28,2025-10,GBP,Libra,7.1266,7.13
2025-10-28,13:04:28,2025-10,GBP,Libra,7.1153,7.1187
2025-10-28,12:07:04,2025-10,GBP,Libra,7.1238,7.1251
2025-10-28,11:03:25,2025-10,GBP,Libra,7.1187,7.1201
2025-10-28,10:04:25,2025-10,GBP,Libra,7.1427,7.1456
2025-10-28,13:04:28,2025-10,AUD,Dólar Australiano,3.534,3.5349
2025-10-28,13:04:28,2025-10,AUD,Dólar Australiano,3.5284,3.5294
2025-10-28,11:03:25,2025-10,USD,Dólar,5.3706,5.3712
2025-10-28,11:03:25,2025-10,AUD,Dólar Australiano,3.5231,3.524
2025-10-28,10:04:25,2025-10,AUD,Dólar Australiano,3.524,3.5255
2025-10-28,10:04:25,2025-10,EUR,Euro,6.2591,6.2609
2025-10-28,11:03:25,2025-10,EUR,Euro,6.2508,6.2526
2025-10-28,12:07:04,2025-10,EUR,Euro,6.2572,6.2585
2025-10-28,12:07:04,2025-10,AUD,Dólar Australiano,3.5289,3.5298
2025-10-27,13:07:26,2025-10,AUD,Dólar Australiano,3.5209,3.5224
2025-10-27,13:07:26,2025-10,AUD,Dólar Australiano,3.5226,3.524
2025-10-27,12:10:13,2025-10,AUD,Dólar Australiano,3.5173,3.5187
2025-10-27,11:06:25,2025-10,AUD,Dólar Australiano,3.523,3.525
2025-10-27,10:09:27,2025-10,AUD,Dólar Australiano,3.5186,3.5201
2025-10-27,10:09:27,2025-10,EUR,Euro,6.2487,6.2499
2025-10-27,11:06:25,2025-10,EUR,Euro,6.2596,6.2608
2025-10-27,12:10:13,2025-10,EUR,Euro,6.2524,6.2537
2025-10-27,13:07:26,2025-10,EUR,Euro,6.2548,6.2566
2025-10-27,13:07:26,2025-10,EUR,Euro,6.2519,6.2537
2025-10-27,11:06:25,2025-10,GBP,Libra,7.1736,7.1765
2025-10-27,10:09:27,2025-10,GBP,Libra,7.1649,7.1668
2025-10-27,12:10:13,2025-10,USD,Dólar,5.3715,5.3721
2025-10-27,13:07:26,2025-10,USD,Dólar,5.3763,5.3769
2025-10-27,13:07:26,2025-10,USD,Dólar,5.3738,5.3744
2025-10-27,12:10:13,2025-10,GBP,Libra,7.1597,7.1615
2025-10-27,13:07:26,2025-10,GBP,Libra,7.1655,7.1669
2025-10-27,13:07:26,2025-10,GBP,Libra,7.1622,7.1635
2025-10-27,10:09:27,2025-10,USD,Dólar,5.3678,5.3684
2025-10-27,11:06:25,2025-10,USD,Dólar,5.3795,5.3801
2025-10-24,13:08:27,2025-10,AUD,Dólar Australiano,3.5039,3.5053
2025-10-24,13:08:27,2025-10,AUD,Dólar Australiano,3.5013,3.5027
2025-10-24,13:08:27,2025-10,USD,Dólar,5.3791,5.3797
2025-10-24,12:02:26,2025-10,AUD,Dólar Australiano,3.5,3.502
2025-10-24,11:09:25,2025-10,AUD,Dólar Australiano,3.5026,3.5052
2025-10-24,13:08:27,2025-10,EUR,Euro,6.2527,6.2544
2025-10-24,13:08:27,2025-10,GBP,Libra,7.1563,7.1592
2025-10-24,12:02:26,2025-10,GBP,Libra,7.1636,7.165
2025-10-24,10:07:26,2025-10,AUD,Dólar Australiano,3.4974,3.4983
2025-10-24,13:08:27,2025-10,EUR,Euro,6.2573,6.2591
2025-10-24,11:09:25,2025-10,GBP,Libra,7.1753,7.1799
2025-10-24,12:02:26,2025-10,EUR,Euro,6.2615,6.2627
2025-10-24,11:09:25,2025-10,EUR,Euro,6.2553,6.2565
2025-10-24,10:07:26,2025-10,EUR,Euro,6.243,6.2442
2025-10-24,10:07:26,2025-10,USD,Dólar,5.3666,5.3672
2025-10-24,11:09:25,2025-10,USD,Dólar,5.3804,5.381
2025-10-24,12:02:26,2025-10,USD,Dólar,5.3862,5.3868
2025-10-24,13:08:27,2025-10,USD,Dólar,5.3831,5.3837
2025-10-24,13:08:27,2025-10,GBP,Libra,7.151,7.1539
2025-10-24,10:07:26,2025-10,GBP,Libra,7.1623,7.1636
2025-10-23,10:03:25,2025-10,USD,Dólar,5.3853,5.3859
2025-10-23,11:10:26,2025-10,USD,Dólar,5.381,5.3816
2025-10-23,12:09:28,2025-10,USD,Dólar,5.3836,5.3842
2025-10-23,13:02:28,2025-10,USD,Dólar,5.3837,5.3843
2025-10-23,13:02:28,2025-10,USD,Dólar,5.3834,5.384
2025-10-23,13:02:28,2025-10,GBP,Libra,7.1706,7.1735
2025-10-23,13:02:28,2025-10,GBP,Libra,7.1702,7.1731
2025-10-23,10:03:25,2025-10,GBP,Libra,7.1851,7.188
2025-10-23,10:03:25,2025-10,EUR,Euro,6.2469,6.2482
2025-10-23,11:10:26,2025-10,EUR,Euro,6.2452,6.247
2025-10-23,12:09:28,2025-10,EUR,Euro,6.252,6.2537
2025-10-23,10:03:25,2025-10,AUD,Dólar Australiano,3.5026,3.5035
2025-10-23,13:02:28,2025-10,EUR,Euro,6.2507,6.2524
2025-10-23,13:02:28,2025-10,EUR,Euro,6.251,6.2528
2025-10-23,11:10:26,2025-10,GBP,Libra,7.1713,7.1726
2025-10-23,12:09:28,2025-10,GBP,Libra,7.172,7.1734
2025-10-23,13:02:28,2025-10,AUD,Dólar Australiano,3.5069,3.5084
2025-10-23,12:09:28,2025-10,AUD,Dólar Australiano,3.508,3.5094
2025-10-23,11:10:26,2025-10,AUD,Dólar Australiano,3.502,3.504
2025-10-23,13:02:28,2025-10,AUD,Dólar Australiano,3.5067,3.5082
2025-10-22,13:06:29,2025-10,GBP,Libra,7.2043,7.2072
2025-10-22,13:06:29,2025-10,GBP,Libra,7.2102,7.2131
2025-10-22,12:07:25,2025-10,GBP,Libra,7.1974,7.2004
2025-10-22,11:10:26,2025-10,GBP,Libra,7.1867,7.1896
2025-10-22,10:03:26,2025-10,GBP,Libra,7.175,7.1774
2025-10-22,10:03:26,2025-10,USD,Dólar,5.3858,5.3864
2025-10-22,13:06:29,2025-10,USD,Dólar,5.3892,5.3898
2025-10-22,12:07:25,2025-10,AUD,Dólar Australiano,3.4987,3.5007
2025-10-22,10:03:26,2025-10,EUR,Euro,6.2378,6.2391
2025-10-22,11:10:26,2025-10,EUR,Euro,6.246,6.2478
2025-10-22,12:07:25,2025-10,EUR,Euro,6.2584,6.2597
2025-10-22,13:06:29,2025-10,EUR,Euro,6.262,6.2637
2025-10-22,13:06:29,2025-10,EUR,Euro,6.2569,6.2586
2025-10-22,13:06:29,2025-10,USD,Dólar,5.3936,5.3942
2025-10-22,13:06:29,2025-10,AUD,Dólar Australiano,3.5058,3.5068
2025-10-22,13:06:29,2025-10,AUD,Dólar Australiano,3.503,3.5039
2025-10-22,11:10:26,2025-10,AUD,Dólar Australiano,3.4974,3.4989
2025-10-22,10:03:26,2025-10,AUD,Dólar Australiano,3.4943,3.4952
2025-10-22,11:10:26,2025-10,USD,Dólar,5.3873,5.3879
2025-10-22,12:07:25,2025-10,USD,Dólar,5.3901,5.3907
2025-10-21,12:09:24,2025-10,AUD,Dólar Australiano,3.4929,3.4943
2025-10-21,10:03:26,2025-10,EUR,Euro,6.2528,6.254
2025-10-21,11:11:26,2025-10,EUR,Euro,6.2666,6.2683
2025-10-21,12:09:24,2025-10,EUR,Euro,6.2452,6.2469
2025-10-21,13:08:29,2025-10,AUD,Dólar Australiano,3.4981,3.4996
2025-10-21,13:08:29,2025-10,AUD,Dólar Australiano,3.4905,3.492
2025-10-21,11:11:26,2025-10,GBP,Libra,7.2186,7.221
2025-10-21,11:11:26,2025-10,AUD,Dólar Australiano,3.4946,3.4966
2025-10-21,10:03:26,2025-10,GBP,Libra,7.2081,7.211
2025-10-21,13:08:29,2025-10,EUR,Euro,6.2532,6.255
2025-10-21,12:09:24,2025-10,GBP,Libra,7.1972,7.1986
2025-10-21,13:08:29,2025-10,GBP,Libra,7.1927,7.1946
2025-10-21,10:03:26,2025-10,USD,Dólar,5.3852,5.3858
2025-10-21,11:11:26,2025-10,USD,Dólar,5.3971,5.3977
2025-10-21,12:09:24,2025-10,USD,Dólar,5.3819,5.3825
2025-10-21,13:08:29,2025-10,USD,Dólar,5.3725,5.3731
2025-10-21,13:08:29,2025-10,USD,Dólar,5.3842,5.3848
2025-10-21,13:08:29,2025-10,EUR,Euro,6.2396,6.2414
2025-10-21,13:08:29,2025-10,GBP,Libra,7.2084,7.2102
2025-10-21,10:03:26,2025-10,AUD,Dólar Australiano,3.4966,3.4992
2025-10-20,12:08:24,2025-10,USD,Dólar,5.3794,5.38
2025-10-20,13:11:28,2025-10,AUD,Dólar Australiano,3.5023,3.5043
2025-10-20,13:11:28,2025-10,EUR,Euro,6.2658,6.2675
2025-10-20,13:11:28,2025-10,AUD,Dólar Australiano,3.4987,3.5007
2025-10-20,12:08:24,2025-10,AUD,Dólar Australiano,3.5025,3.504
2025-10-20,11:10:26,2025-10,AUD,Dólar Australiano,3.4947,3.4961
2025-10-20,10:08:27,2025-10,USD,Dólar,5.3792,5.3798
2025-10-20,10:08:27,2025-10,AUD,Dólar Australiano,3.4916,3.4936
2025-10-20,10:08:27,2025-10,EUR,Euro,6.2684,6.2696
2025-10-20,11:10:26,2025-10,EUR,Euro,6.263,6.2642
2025-10-20,11:10:26,2025-10,USD,Dólar,5.3764,5.377
2025-10-20,12:08:24,2025-10,EUR,Euro,6.2686,6.2704
2025-10-20,13:11:28,2025-10,USD,Dólar,5.371,5.3716
2025-10-20,13:11:28,2025-10,USD,Dólar,5.3765,5.3771
2025-10-20,13:11:28,2025-10,EUR,Euro,6.2594,6.2611
2025-10-20,13:11:28,2025-10,GBP,Libra,7.2147,7.2161
2025-10-20,13:11:28,2025-10,GBP,Libra,7.2073,7.2087
2025-10-20,10:08:27,2025-10,GBP,Libra,7.2216,7.224
2025-10-20,11:10:26,2025-10,GBP,Libra,7.206,7.2089
2025-10-20,12:08:24,2025-10,GBP,Libra,7.217,7.2183
2025-10-17,13:15:06,2025-10,EUR,Euro,6.3477,6.3489
2025-10-17,13:15:06,2025-10,EUR,Euro,6.3235,6.3248
2025-10-17,10:20:43,2025-10,AUD,Dólar Australiano,3.5314,3.5324
2025-10-17,11:10:32,2025-10,AUD,Dólar Australiano,3.5293,3.5302
2025-10-17,12:08:09,2025-10,AUD,Dólar Australiano,3.5205,3.5214
2025-10-17,13:15:06,2025-10,AUD,Dólar Australiano,3.5134,3.5143
2025-10-17,13:15:06,2025-10,AUD,Dólar Australiano,3.5268,3.5277
2025-10-17,12:08:09,2025-10,EUR,Euro,6.3346,6.3358
2025-10-17,11:10:32,2025-10,EUR,Euro,6.3619,6.3631
2025-10-17,10:20:43,2025-10,EUR,Euro,6.3679,6.3692
2025-10-17,13:15:06,2025-10,USD,Dólar,5.4384,5.439
2025-10-17,13:15:06,2025-10,USD,Dólar,5.4177,5.4183
2025-10-17,10:20:43,2025-10,GBP,Libra,7.3138,7.3151
2025-10-17,11:10:32,2025-10,USD,Dólar,5.4515,5.4521
2025-10-17,12:08:09,2025-10,USD,Dólar,5.4295,5.4301
2025-10-17,10:20:43,2025-10,USD,Dólar,5.4548,5.4554
2025-10-17,11:10:32,2025-10,GBP,Libra,7.3061,7.3074
2025-10-17,12:08:09,2025-10,GBP,Libra,7.2706,7.272
2025-10-17,13:15:06,2025-10,GBP,Libra,7.2706,7.2719
2025-10-17,13:15:06,2025-10,GBP,Libra,7.2983,7.2997
2025-10-16,13:10:33,2025-10,AUD,Dólar Australiano,3.5272,3.5287
2025-10-16,12:11:06,2025-10,AUD,Dólar Australiano,3.5258,3.5279
2025-10-16,11:02:30,2025-10,AUD,Dólar Australiano,3.5263,3.5283
2025-10-16,10:08:28,2025-10,AUD,Dólar Australiano,3.5391,3.5411
2025-10-16,13:10:33,2025-10,AUD,Dólar Australiano,3.5263,3.5278
2025-10-16,10:08:28,2025-10,GBP,Libra,7.3222,7.3251
2025-10-16,13:10:33,2025-10,EUR,Euro,6.3381,6.3409
2025-10-16,11:02:30,2025-10,GBP,Libra,7.2967,7.2997
2025-10-16,13:10:33,2025-10,EUR,Euro,6.3364,6.3393
2025-10-16,11:02:30,2025-10,USD,Dólar,5.4376,5.4382
2025-10-16,12:11:06,2025-10,USD,Dólar,5.4227,5.4233
2025-10-16,13:10:33,2025-10,USD,Dólar,5.4334,5.434
2025-10-16,13:10:33,2025-10,USD,Dólar,5.4348,5.4354
2025-10-16,13:10:33,2025-10,GBP,Libra,7.2935,7.2965
2025-10-16,13:10:33,2025-10,GBP,Libra,7.2916,7.2946
2025-10-16,12:11:06,2025-10,GBP,Libra,7.2838,7.2867
2025-10-16,10:08:28,2025-10,USD,Dólar,5.4456,5.4462
2025-10-16,11:02:30,2025-10,EUR,Euro,6.3386,6.3404
2025-10-16,12:11:06,2025-10,EUR,Euro,6.3315,6.3328
2025-10-16,10:08:28,2025-10,EUR,Euro,6.3496,6.3514
2025-10-15,13:07:27,2025-10,EUR,Euro,6.3373,6.3391
2025-10-15,13:07:27,2025-10,AUD,Dólar Australiano,3.5462,3.5482
2025-10-15,13:07:27,2025-10,AUD,Dólar Australiano,3.5458,3.5478
2025-10-15,11:07:26,2025-10,EUR,Euro,6.3304,6.3322
2025-10-15,10:07:26,2025-10,AUD,Dólar Australiano,3.5518,3.5538
2025-10-15,11:07:26,2025-10,USD,Dólar,5.4446,5.4452
2025-10-15,12:02:26,2025-10,USD,Dólar,5.4338,5.4344
2025-10-15,13:07:27,2025-10,USD,Dólar,5.4464,5.447
2025-10-15,13:07:27,2025-10,USD,Dólar,5.4458,5.4464
2025-10-15,11:07:26,2025-10,AUD,Dólar Australiano,3.5439,3.5459
2025-10-15,10:07:26,2025-10,USD,Dólar,5.4584,5.459
2025-10-15,13:07:27,2025-10,EUR,Euro,6.338,6.3398
2025-10-15,13:07:27,2025-10,GBP,Libra,7.2938,7.2973
2025-10-15,10:07:26,2025-10,GBP,Libra,7.2837,7.285
2025-10-15,11:07:26,2025-10,GBP,Libra,7.2675,7.2699
2025-10-15,12:02:26,2025-10,GBP,Libra,7.2612,7.2642
2025-10-15,12:02:26,2025-10,EUR,Euro,6.3162,6.318
2025-10-15,12:02:26,2025-10,AUD,Dólar Australiano,3.5401,3.5421
2025-10-15,13:07:27,2025-10,GBP,Libra,7.293,7.2965
2025-10-15,10:07:26,2025-10,EUR,Euro,6.341,6.3423
2025-10-14,10:04:27,2025-10,AUD,Dólar Australiano,3.5461,3.5471
2025-10-14,12:11:14,2025-10,AUD,Dólar Australiano,3.5657,3.5683
2025-10-14,13:11:26,2025-10,AUD,Dólar Australiano,3.5583,3.5598
2025-10-14,13:11:26,2025-10,AUD,Dólar Australiano,3.5679,3.5694
2025-10-14,13:11:26,2025-10,EUR,Euro,6.3643,6.3656
2025-10-14,13:11:26,2025-10,EUR,Euro,6.3816,6.3829
2025-10-14,12:11:14,2025-10,EUR,Euro,6.3762,6.3781
2025-10-14,11:10:25,2025-10,AUD,Dólar Australiano,3.5566,3.5581
2025-10-14,12:11:14,2025-10,GBP,Libra,7.3128,7.3143
2025-10-14,10:04:27,2025-10,USD,Dólar,5.5013,5.5019
2025-10-14,11:10:25,2025-10,USD,Dólar,5.5064,5.507
2025-10-14,12:11:14,2025-10,USD,Dólar,5.5,5.5007
2025-10-14,13:11:26,2025-10,USD,Dólar,5.4827,5.4833
2025-10-14,13:11:26,2025-10,USD,Dólar,5.4976,5.4982
2025-10-14,13:11:26,2025-10,GBP,Libra,7.3008,7.3043
2025-10-14,10:04:27,2025-10,EUR,Euro,6.3568,6.358
2025-10-14,10:04:27,2025-10,GBP,Libra,7.2947,7.2977
2025-10-14,11:10:25,2025-10,GBP,Libra,7.3125,7.3155
2025-10-14,13:11:26,2025-10,GBP,Libra,7.3206,7.3242
2025-10-14,11:10:25,2025-10,EUR,Euro,6.3726,6.3744
2025-10-13,13:02:43,2025-10,GBP,Libra,7.2791,7.2842
2025-10-13,10:11:26,2025-10,AUD,Dólar Australiano,3.5594,3.5603
2025-10-13,11:05:26,2025-10,AUD,Dólar Australiano,3.5696,3.5717
2025-10-13,10:11:26,2025-10,USD,Dólar,5.4692,5.4698
2025-10-13,11:05:26,2025-10,USD,Dólar,5.4774,5.478
2025-10-13,12:06:25,2025-10,USD,Dólar,5.4497,5.4503
2025-10-13,13:02:43,2025-10,USD,Dólar,5.4527,5.4533
2025-10-13,13:02:43,2025-10,USD,Dólar,5.4623,5.4629
2025-10-13,13:02:43,2025-10,GBP,Libra,7.2663,7.2714
2025-10-13,12:06:25,2025-10,GBP,Libra,7.2612,7.2647
2025-10-13,11:05:26,2025-10,GBP,Libra,7.3014,7.3049
2025-10-13,10:11:26,2025-10,GBP,Libra,7.2915,7.294
2025-10-13,13:02:43,2025-10,EUR,Euro,6.3221,6.3239
2025-10-13,10:11:26,2025-10,EUR,Euro,6.3268,6.3286
2025-10-13,11:05:26,2025-10,EUR,Euro,6.3395,6.3413
2025-10-13,12:06:25,2025-10,EUR,Euro,6.2999,6.3016
2025-10-13,13:02:43,2025-10,EUR,Euro,6.311,6.3127
2025-10-13,13:02:43,2025-10,AUD,Dólar Australiano,3.5598,3.5618
2025-10-13,13:02:43,2025-10,AUD,Dólar Australiano,3.5535,3.5556
2025-10-13,12:06:25,2025-10,AUD,Dólar Australiano,3.5483,3.5503
2025-10-10,13:11:25,2025-10,EUR,Euro,6.3599,6.3617
2025-10-10,13:11:25,2025-10,EUR,Euro,6.3216,6.3234
2025-10-10,12:11:51,2025-10,EUR,Euro,6.3225,6.3243
2025-10-10,13:11:25,2025-10,GBP,Libra,7.2618,7.2658
2025-10-10,13:11:25,2025-10,USD,Dólar,5.477,5.4776
2025-10-10,11:05:07,2025-10,USD,Dólar,5.4458,5.4464
2025-10-10,10:04:25,2025-10,USD,Dólar,5.3925,5.3931
2025-10-10,10:04:25,2025-10,GBP,Libra,7.1596,7.1626
2025-10-10,11:05:07,2025-10,GBP,Libra,7.2288,7.2328
2025-10-10,12:11:51,2025-10,GBP,Libra,7.2634,7.2653
2025-10-10,13:11:25,2025-10,GBP,Libra,7.3058,7.3099
2025-10-10,10:04:25,2025-10,EUR,Euro,6.2397,6.2414
2025-10-10,11:05:07,2025-10,EUR,Euro,6.3002,6.3015
2025-10-10,12:11:51,2025-10,USD,Dólar,5.4608,5.4614
2025-10-10,11:05:07,2025-10,AUD,Dólar Australiano,3.5643,3.5679
2025-10-10,13:11:25,2025-10,AUD,Dólar Australiano,3.5337,3.5357
2025-10-10,10:04:25,2025-10,AUD,Dólar Australiano,3.5342,3.5357
2025-10-10,12:11:51,2025-10,AUD,Dólar Australiano,3.5692,3.5712
2025-10-10,13:11:25,2025-10,AUD,Dólar Australiano,3.5551,3.5572
2025-10-10,13:11:25,2025-10,USD,Dólar,5.444,5.4446
2025-10-09,10:05:24,2025-10,GBP,Libra,7.1374,7.1388
2025-10-09,13:09:28,2025-10,AUD,Dólar Australiano,3.5085,3.51
2025-10-09,12:10:44,2025-10,EUR,Euro,6.2112,6.2124
2025-10-09,13:09:28,2025-10,EUR,Euro,6.2003,6.2021
2025-10-09,13:09:28,2025-10,EUR,Euro,6.1872,6.189
2025-10-09,10:05:24,2025-10,AUD,Dólar Australiano,3.5221,3.524
2025-10-09,11:10:25,2025-10,AUD,Dólar Australiano,3.5239,3.5248
2025-10-09,12:10:44,2025-10,AUD,Dólar Australiano,3.5191,3.5211
2025-10-09,13:09:28,2025-10,AUD,Dólar Australiano,3.5159,3.5174
2025-10-09,13:09:28,2025-10,GBP,Libra,7.1391,7.142
2025-10-09,10:05:24,2025-10,USD,Dólar,5.3324,5.333
2025-10-09,11:10:25,2025-10,GBP,Libra,7.1543,7.1572
2025-10-09,13:09:28,2025-10,GBP,Libra,7.124,7.127
2025-10-09,10:05:24,2025-10,EUR,Euro,6.1936,6.1948
2025-10-09,13:09:28,2025-10,USD,Dólar,5.3532,5.3538
2025-10-09,13:09:28,2025-10,USD,Dólar,5.3645,5.3651
2025-10-09,12:10:44,2025-10,USD,Dólar,5.3637,5.3643
2025-10-09,11:10:25,2025-10,USD,Dólar,5.3522,5.3528
2025-10-09,11:10:25,2025-10,EUR,Euro,6.2096,6.2114
2025-10-09,12:10:44,2025-10,GBP,Libra,7.1509,7.1522
2025-10-08,13:09:27,2025-10,EUR,Euro,6.1995,6.2013
2025-10-08,10:03:26,2025-10,AUD,Dólar Australiano,3.5099,3.5119
2025-10-08,13:09:27,2025-10,GBP,Libra,7.1515,7.1544
2025-10-08,13:09:27,2025-10,GBP,Libra,7.1537,7.1567
2025-10-08,12:04:25,2025-10,GBP,Libra,7.1767,7.1786
2025-10-08,11:07:25,2025-10,GBP,Libra,7.169,7.1703
2025-10-08,10:03:26,2025-10,GBP,Libra,7.159,7.162
2025-10-08,13:09:27,2025-10,EUR,Euro,6.2015,6.2032
2025-10-08,10:03:26,2025-10,USD,Dólar,5.3358,5.3364
2025-10-08,11:07:25,2025-10,USD,Dólar,5.3408,5.3414
2025-10-08,12:04:25,2025-10,USD,Dólar,5.3478,5.3484
2025-10-08,13:09:27,2025-10,USD,Dólar,5.3438,5.3444
2025-10-08,13:09:27,2025-10,AUD,Dólar Australiano,3.5146,3.5166
2025-10-08,13:09:27,2025-10,AUD,Dólar Australiano,3.5157,3.5177
2025-10-08,12:04:25,2025-10,AUD,Dólar Australiano,3.5199,3.5214
2025-10-08,11:07:25,2025-10,AUD,Dólar Australiano,3.5137,3.5157
2025-10-08,13:09:27,2025-10,USD,Dólar,5.3421,5.3427
2025-10-08,12:04:25,2025-10,EUR,Euro,6.2147,6.2164
2025-10-08,11:07:25,2025-10,EUR,Euro,6.2119,6.2131
2025-10-08,10:03:26,2025-10,EUR,Euro,6.2066,6.2084
2025-10-07,13:06:29,2025-10,USD,Dólar,5.3357,5.3363
2025-10-07,13:06:29,2025-10,EUR,Euro,6.2338,6.2356
2025-10-07,11:08:25,2025-10,USD,Dólar,5.333,5.3336
2025-10-07,10:03:25,2025-10,USD,Dólar,5.3342,5.3348
2025-10-07,10:03:25,2025-10,GBP,Libra,7.1542,7.1577
2025-10-07,11:08:25,2025-10,GBP,Libra,7.1542,7.1566
2025-10-07,12:06:17,2025-10,GBP,Libra,7.1645,7.1674
2025-10-07,13:06:29,2025-10,USD,Dólar,5.3404,5.341
2025-10-07,11:08:25,2025-10,EUR,Euro,6.2172,6.219
2025-10-07,12:06:17,2025-10,EUR,Euro,6.2218,6.223
2025-10-07,10:03:25,2025-10,EUR,Euro,6.2234,6.2252
2025-10-07,13:06:29,2025-10,GBP,Libra,7.1764,7.1794
2025-10-07,12:06:17,2025-10,AUD,Dólar Australiano,3.5142,3.5157
2025-10-07,10:03:25,2025-10,AUD,Dólar Australiano,3.5131,3.5146
2025-10-07,11:08:25,2025-10,AUD,Dólar Australiano,3.5144,3.5164
2025-10-07,13:06:29,2025-10,GBP,Libra,7.1701,7.1731
2025-10-07,12:06:17,2025-10,USD,Dólar,5.3351,5.3357
2025-10-07,13:06:29,2025-10,AUD,Dólar Australiano,3.5161,3.5187
2025-10-07,13:06:29,2025-10,AUD,Dólar Australiano,3.513,3.5156
2025-10-07,13:06:29,2025-10,EUR,Euro,6.2284,6.2301
2025-10-06,13:07:31,2025-10,GBP,Libra,7.1709,7.1738
2025-10-06,13:07:31,2025-10,GBP,Libra,7.1675,7.1704
2025-10-06,12:07:42,2025-10,GBP,Libra,7.1726,7.1755
2025-10-06,10:10:28,2025-10,GBP,Libra,7.1563,7.1587
2025-10-06,13:07:31,2025-10,AUD,Dólar Australiano,3.5194,3.5219
2025-10-06,11:06:26,2025-10,USD,Dólar,5.3205,5.3211
2025-10-06,12:07:42,2025-10,USD,Dólar,5.3217,5.3223
2025-10-06,13:07:31,2025-10,USD,Dólar,5.3195,5.3201
2025-10-06,13:07:31,2025-10,USD,Dólar,5.322,5.3226
2025-10-06,11:06:26,2025-10,GBP,Libra,7.1609,7.1638
2025-10-06,12:07:42,2025-10,AUD,Dólar Australiano,3.5208,3.5228
2025-10-06,10:10:28,2025-10,USD,Dólar,5.3262,5.3268
2025-10-06,13:07:31,2025-10,EUR,Euro,6.2305,6.2317
2025-10-06,10:10:28,2025-10,EUR,Euro,6.2258,6.227
2025-10-06,11:06:26,2025-10,EUR,Euro,6.2245,6.2257
2025-10-06,12:07:42,2025-10,EUR,Euro,6.2344,6.2367
2025-10-06,13:07:31,2025-10,EUR,Euro,6.2275,6.2288
2025-10-06,10:10:28,2025-10,AUD,Dólar Australiano,3.5196,3.5221
2025-10-06,11:06:26,2025-10,AUD,Dólar Australiano,3.5195,3.5215
2025-10-06,13:07:31,2025-10,AUD,Dólar Australiano,3.521,3.5236
2025-10-03,13:05:27,2025-10,AUD,Dólar Australiano,3.5387,3.5401
2025-10-03,12:03:25,2025-10,AUD,Dólar Australiano,3.536,3.5374
2025-10-03,13:05:27,2025-10,AUD,Dólar Australiano,3.5369,3.5384
2025-10-03,10:07:26,2025-10,GBP,Libra,7.1859,7.1888
2025-10-03,13:05:27,2025-10,EUR,Euro,6.2826,6.2844
2025-10-03,13:05:27,2025-10,EUR,Euro,6.2858,6.2876
2025-10-03,12:03:25,2025-10,EUR,Euro,6.2878,6.2896
2025-10-03,13:05:27,2025-10,GBP,Libra,7.2091,7.2126
2025-10-03,13:05:27,2025-10,GBP,Libra,7.2128,7.2162
2025-10-03,12:03:25,2025-10,GBP,Libra,7.2139,7.2173
2025-10-03,11:02:25,2025-10,GBP,Libra,7.2022,7.2046
2025-10-03,13:05:27,2025-10,USD,Dólar,5.3519,5.3525
2025-10-03,11:02:25,2025-10,EUR,Euro,6.2789,6.2801
2025-10-03,10:07:26,2025-10,AUD,Dólar Australiano,3.527,3.529
2025-10-03,11:02:25,2025-10,AUD,Dólar Australiano,3.531,3.5319
2025-10-03,10:07:26,2025-10,USD,Dólar,5.3399,5.3405
2025-10-03,11:02:25,2025-10,USD,Dólar,5.3492,5.3498
2025-10-03,12:03:25,2025-10,USD,Dólar,5.3559,5.3565
2025-10-03,10:07:26,2025-10,EUR,Euro,6.2685,6.2703
2025-10-03,13:05:27,2025-10,USD,Dólar,5.3492,5.3498
2025-10-02,10:09:26,2025-10,EUR,Euro,6.2526,6.2544
2025-10-02,11:11:25,2025-10,EUR,Euro,6.2571,6.2589
2025-10-02,12:11:25,2025-10,EUR,Euro,6.2631,6.2643
2025-10-02,13:09:27,2025-10,EUR,Euro,6.2735,6.2759
2025-10-02,13:09:27,2025-10,AUD,Dólar Australiano,3.5192,3.5202
2025-10-02,13:09:27,2025-10,EUR,Euro,6.2502,6.2525
2025-10-02,11:11:25,2025-10,AUD,Dólar Australiano,3.5191,3.5205
2025-10-02,12:11:25,2025-10,GBP,Libra,7.1765,7.1784
2025-10-02,13:09:27,2025-10,GBP,Libra,7.1978,7.2008
2025-10-02,13:09:27,2025-10,USD,Dólar,5.3443,5.3449
2025-10-02,13:09:27,2025-10,USD,Dólar,5.3643,5.3649
2025-10-02,12:11:25,2025-10,USD,Dólar,5.3476,5.3482
2025-10-02,11:11:25,2025-10,USD,Dólar,5.3384,5.339
2025-10-02,10:09:26,2025-10,USD,Dólar,5.3268,5.3274
2025-10-02,10:09:26,2025-10,GBP,Libra,7.1725,7.1755
2025-10-02,13:09:27,2025-10,AUD,Dólar Australiano,3.5324,3.5333
2025-10-02,11:11:25,2025-10,GBP,Libra,7.1689,7.1713
2025-10-02,13:09:27,2025-10,GBP,Libra,7.171,7.1739
2025-10-02,12:11:25,2025-10,AUD,Dólar Australiano,3.5214,3.5229
2025-10-02,10:09:26,2025-10,AUD,Dólar Australiano,3.5173,3.5182
2025-10-01,12:09:25,2025-10,AUD,Dólar Australiano,3.5181,3.5201
2025-10-01,10:06:26,2025-10,USD,Dólar,5.3126,5.3132
2025-10-01,12:09:25,2025-10,EUR,Euro,6.2526,6.2544
2025-10-01,11:03:25,2025-10,EUR,Euro,6.2414,6.2432
2025-10-01,10:06:26,2025-10,EUR,Euro,6.2412,6.2425
2025-10-01,13:02:30,2025-10,AUD,Dólar Australiano,3.5217,3.5232
2025-10-01,13:02:30,2025-10,USD,Dólar,5.3202,5.3208
2025-10-01,13:02:30,2025-10,USD,Dólar,5.3343,5.3349
2025-10-01,12:09:25,2025-10,USD,Dólar,5.3232,5.3238
2025-10-01,11:03:25,2025-10,USD,Dólar,5.3105,5.3111
2025-10-01,13:02:30,2025-10,EUR,Euro,6.2523,6.2541
2025-10-01,13:02:30,2025-10,EUR,Euro,6.2358,6.2376
2025-10-01,11:03:25,2025-10,AUD,Dólar Australiano,3.514,3.5149
2025-10-01,10:06:26,2025-10,AUD,Dólar Australiano,3.5159,3.5184
2025-10-01,13:02:30,2025-10,GBP,Libra,7.1658,7.1687
2025-10-01,13:02:30,2025-10,GBP,Libra,7.1848,7.1877
2025-10-01,12:09:25,2025-10,GBP,Libra,7.189,7.1909
2025-10-01,11:03:25,2025-10,GBP,Libra,7.1777,7.179
2025-10-01,10:06:26,2025-10,GBP,Libra,7.1779,7.1808
2025-10-01,13:02:30,2025-10,AUD,Dólar Australiano,3.5124,3.5139
2025-09-30,12:10:25,2025-09,USD,Dólar,5.3216,5.3222
2025-09-30,13:08:29,2025-09,EUR,Euro,6.2396,6.2414
2025-09-30,12:10:25,2025-09,GBP,Libra,7.1629,7.1658
2025-09-30,13:08:29,2025-09,USD,Dólar,5.318,5.3186
2025-09-30,13:08:29,2025-09,USD,Dólar,5.3258,5.3264
2025-09-30,13:08:29,2025-09,EUR,Euro,6.2488,6.2505
2025-09-30,11:09:25,2025-09,USD,Dólar,5.3142,5.3148
2025-09-30,10:09:25,2025-09,USD,Dólar,5.3102,5.3108
2025-09-30,12:10:25,2025-09,EUR,Euro,6.2523,6.2536
2025-09-30,11:09:25,2025-09,EUR,Euro,6.2336,6.2348
2025-09-30,10:09:25,2025-09,EUR,Euro,6.2321,6.2338
2025-09-30,11:09:25,2025-09,GBP,Libra,7.1433,7.1457
2025-09-30,13:08:29,2025-09,GBP,Libra,7.1589,7.1619
2025-09-30,13:08:29,2025-09,AUD,Dólar Australiano,3.5168,3.5177
2025-09-30,13:08:29,2025-09,AUD,Dólar Australiano,3.522,3.5229
2025-09-30,12:10:25,2025-09,AUD,Dólar Australiano,3.5261,3.5276
2025-09-30,11:09:25,2025-09,AUD,Dólar Australiano,3.5175,3.5184
2025-09-30,10:09:25,2025-09,AUD,Dólar Australiano,3.5111,3.512
2025-09-30,10:09:25,2025-09,GBP,Libra,7.138,7.1393
2025-09-30,13:08:29,2025-09,GBP,Libra,7.1485,7.1514
2025-09-29,12:11:24,2025-09,AUD,Dólar Australiano,3.5009,3.5029
2025-09-29,13:04:26,2025-09,USD,Dólar,5.3249,5.3255
2025-09-29,10:05:03,2025-09,USD,Dólar,5.3237,5.3243
2025-09-29,13:04:26,2025-09,USD,Dólar,5.3223,5.3229
2025-09-29,11:07:26,2025-09,EUR,Euro,6.2398,6.241
2025-09-29,13:04:26,2025-09,EUR,Euro,6.2425,6.2438
2025-09-29,13:04:26,2025-09,EUR,Euro,6.2456,6.2468
2025-09-29,12:11:24,2025-09,EUR,Euro,6.2462,6.2474
2025-09-29,12:11:24,2025-09,USD,Dólar,5.3254,5.326
2025-09-29,11:07:26,2025-09,USD,Dólar,5.315,5.3156
2025-09-29,10:05:03,2025-09,EUR,Euro,6.2548,6.2566
2025-09-29,10:05:03,2025-09,AUD,Dólar Australiano,3.4966,3.4975
2025-09-29,11:07:26,2025-09,AUD,Dólar Australiano,3.4898,3.4908
2025-09-29,13:04:26,2025-09,AUD,Dólar Australiano,3.5011,3.5031
2025-09-29,13:04:26,2025-09,AUD,Dólar Australiano,3.4994,3.5014
2025-09-29,10:05:03,2025-09,GBP,Libra,7.1609,7.1622
2025-09-29,11:07:26,2025-09,GBP,Libra,7.1418,7.1431
2025-09-29,12:11:24,2025-09,GBP,Libra,7.1451,7.1464
2025-09-29,13:04:26,2025-09,GBP,Libra,7.1513,7.1543
2025-09-29,13:04:26,2025-09,GBP,Libra,7.1478,7.1508
2025-09-26,13:02:27,2025-09,USD,Dólar,5.3439,5.3445
2025-09-26,13:02:27,2025-09,USD,Dólar,5.3403,5.3409
2025-09-26,12:02:25,2025-09,USD,Dólar,5.3463,5.3469
2025-09-26,13:02:27,2025-09,EUR,Euro,6.2476,6.2488
2025-09-26,11:08:24,2025-09,USD,Dólar,5.3503,5.3509
2025-09-26,13:02:27,2025-09,EUR,Euro,6.2433,6.2446
2025-09-26,12:02:25,2025-09,AUD,Dólar Australiano,3.4975,3.499
2025-09-26,13:02:27,2025-09,GBP,Libra,7.1608,7.1638
2025-09-26,13:02:27,2025-09,GBP,Libra,7.156,7.1589
2025-09-26,12:02:25,2025-09,EUR,Euro,6.2504,6.2516
2025-09-26,12:02:25,2025-09,GBP,Libra,7.164,7.167
2025-09-26,11:08:24,2025-09,GBP,Libra,7.1624,7.1638
2025-09-26,10:11:24,2025-09,GBP,Libra,7.1417,7.143
2025-09-26,10:11:24,2025-09,AUD,Dólar Australiano,3.49,3.492
2025-09-26,11:08:24,2025-09,AUD,Dólar Australiano,3.4996,3.5006
2025-09-26,13:02:27,2025-09,AUD,Dólar Australiano,3.4942,3.4962
2025-09-26,13:02:27,2025-09,AUD,Dólar Australiano,3.4965,3.4985
2025-09-26,10:11:24,2025-09,USD,Dólar,5.3388,5.3394
2025-09-26,10:11:24,2025-09,EUR,Euro,6.2373,6.2386
2025-09-26,11:08:24,2025-09,EUR,Euro,6.2513,6.2525
2025-09-25,11:10:24,2025-09,USD,Dólar,5.344,5.3446
2025-09-25,13:05:26,2025-09,GBP,Libra,7.1304,7.1317
2025-09-25,13:05:26,2025-09,GBP,Libra,7.1372,7.1385
2025-09-25,12:05:24,2025-09,GBP,Libra,7.1421,7.1451
2025-09-25,11:10:24,2025-09,GBP,Libra,7.1449,7.1463
2025-09-25,10:15:07,2025-09,GBP,Libra,7.1266,7.1279
2025-09-25,10:15:07,2025-09,USD,Dólar,5.3251,5.3257
2025-09-25,11:10:24,2025-09,AUD,Dólar Australiano,3.4976,3.4996
2025-09-25,12:05:24,2025-09,USD,Dólar,5.3515,5.3521
2025-09-25,13:05:26,2025-09,USD,Dólar,5.347,5.3476
2025-09-25,10:15:07,2025-09,AUD,Dólar Australiano,3.4933,3.4942
2025-09-25,12:05:24,2025-09,AUD,Dólar Australiano,3.5036,3.5046
2025-09-25,13:05:26,2025-09,AUD,Dólar Australiano,3.5012,3.5032
2025-09-25,13:05:26,2025-09,AUD,Dólar Australiano,3.4979,3.4999
2025-09-25,13:05:26,2025-09,USD,Dólar,5.3419,5.3425
2025-09-25,11:10:24,2025-09,EUR,Euro,6.2445,6.2462
2025-09-25,12:05:24,2025-09,EUR,Euro,6.2484,6.2496
2025-09-25,13:05:26,2025-09,EUR,Euro,6.241,6.2428
2025-09-25,13:05:26,2025-09,EUR,Euro,6.2351,6.2368
2025-09-25,10:15:07,2025-09,EUR,Euro,6.2293,6.2305
2025-09-24,13:09:26,2025-09,USD,Dólar,5.3106,5.3112
2025-09-24,13:09:26,2025-09,USD,Dólar,5.3173,5.3179
2025-09-24,12:07:23,2025-09,USD,Dólar,5.3084,5.309
2025-09-24,10:02:25,2025-09,USD,Dólar,5.3043,5.3049
2025-09-24,13:09:26,2025-09,AUD,Dólar Australiano,3.497,3.499
2025-09-24,13:09:26,2025-09,AUD,Dólar Australiano,3.5014,3.5034
2025-09-24,12:07:23,2025-09,AUD,Dólar Australiano,3.4982,3.5002
2025-09-24,11:07:24,2025-09,AUD,Dólar Australiano,3.5013,3.5033
2025-09-24,10:02:25,2025-09,AUD,Dólar Australiano,3.4971,3.4986
2025-09-24,13:09:26,2025-09,GBP,Libra,7.1401,7.1436
2025-09-24,13:09:26,2025-09,GBP,Libra,7.1491,7.1526
2025-09-24,11:07:24,2025-09,USD,Dólar,5.3123,5.3129
2025-09-24,12:07:23,2025-09,GBP,Libra,7.1398,7.1427
2025-09-24,13:09:26,2025-09,EUR,Euro,6.2352,6.2369
2025-09-24,13:09:26,2025-09,EUR,Euro,6.243,6.2448
2025-09-24,12:07:23,2025-09,EUR,Euro,6.2337,6.2349
2025-09-24,11:07:24,2025-09,EUR,Euro,6.234,6.2358
2025-09-24,10:02:25,2025-09,EUR,Euro,6.2283,6.2295
2025-09-24,11:07:24,2025-09,GBP,Libra,7.1371,7.1389
2025-09-24,10:02:25,2025-09,GBP,Libra,7.13,7.1346
2025-09-23,13:06:42,2025-09,EUR,Euro,6.2602,6.262
2025-09-23,13:06:42,2025-09,EUR,Euro,6.2447,6.2465
2025-09-23,12:10:26,2025-09,EUR,Euro,6.2409,6.2426
2025-09-23,11:09:24,2025-09,EUR,Euro,6.2689,6.2702
2025-09-23,10:11:25,2025-09,EUR,Euro,6.2823,6.2841
2025-09-23,11:09:24,2025-09,GBP,Libra,7.1817,7.1831
2025-09-23,12:10:26,2025-09,GBP,Libra,7.1546,7.1576
2025-09-23,13:06:42,2025-09,GBP,Libra,7.1535,7.1564
2025-09-23,13:06:42,2025-09,GBP,Libra,7.1712,7.1741
2025-09-23,10:11:25,2025-09,GBP,Libra,7.2026,7.2045
2025-09-23,13:06:42,2025-09,USD,Dólar,5.2926,5.2932
2025-09-23,12:10:26,2025-09,USD,Dólar,5.2911,5.2917
2025-09-23,11:09:24,2025-09,USD,Dólar,5.3131,5.3137
2025-09-23,10:11:25,2025-09,USD,Dólar,5.3258,5.3264
2025-09-23,13:06:42,2025-09,AUD,Dólar Australiano,3.5007,3.5027
2025-09-23,13:06:42,2025-09,AUD,Dólar Australiano,3.4921,3.494
2025-09-23,13:06:42,2025-09,USD,Dólar,5.3057,5.3063
2025-09-23,12:10:26,2025-09,AUD,Dólar Australiano,3.4937,3.4957
2025-09-23,11:09:24,2025-09,AUD,Dólar Australiano,3.5088,3.5102
2025-09-23,10:11:25,2025-09,AUD,Dólar Australiano,3.5188,3.5208
2025-09-22,10:06:26,2025-09,EUR,Euro,6.2866,6.2878
2025-09-22,12:11:25,2025-09,AUD,Dólar Australiano,3.5258,3.5278
2025-09-22,10:06:26,2025-09,AUD,Dólar Australiano,3.5197,3.5212
2025-09-22,11:04:26,2025-09,AUD,Dólar Australiano,3.5218,3.5233
2025-09-22,13:06:30,2025-09,EUR,Euro,6.2917,6.293
2025-09-22,13:06:30,2025-09,AUD,Dólar Australiano,3.5223,3.5238
2025-09-22,13:06:30,2025-09,AUD,Dólar Australiano,3.5214,3.5228
2025-09-22,13:06:30,2025-09,EUR,Euro,6.2935,6.2947
2025-09-22,12:11:25,2025-09,EUR,Euro,6.2991,6.3003
2025-09-22,11:04:26,2025-09,EUR,Euro,6.2962,6.2974
2025-09-22,10:06:26,2025-09,USD,Dólar,5.3353,5.3359
2025-09-22,13:06:30,2025-09,GBP,Libra,7.2184,7.2203
2025-09-22,13:06:30,2025-09,USD,Dólar,5.3466,5.3472
2025-09-22,12:11:25,2025-09,USD,Dólar,5.3518,5.3524
2025-09-22,11:04:26,2025-09,USD,Dólar,5.3466,5.3472
2025-09-22,13:06:30,2025-09,GBP,Libra,7.2164,7.2183
2025-09-22,13:06:30,2025-09,USD,Dólar,5.3451,5.3457
2025-09-22,12:11:25,2025-09,GBP,Libra,7.2217,7.2231
2025-09-22,11:04:26,2025-09,GBP,Libra,7.2217,7.223
2025-09-22,10:06:26,2025-09,GBP,Libra,7.2064,7.2077
2025-09-19,12:11:25,2025-09,AUD,Dólar Australiano,3.5145,3.5159
2025-09-19,13:05:27,2025-09,AUD,Dólar Australiano,3.5126,3.514
2025-09-19,10:05:25,2025-09,GBP,Libra,7.177,7.1799
2025-09-19,10:05:25,2025-09,USD,Dólar,5.3293,5.3299
2025-09-19,11:07:25,2025-09,USD,Dólar,5.3245,5.3251
2025-09-19,12:11:25,2025-09,USD,Dólar,5.3274,5.328
2025-09-19,13:05:27,2025-09,USD,Dólar,5.3269,5.3275
2025-09-19,13:05:27,2025-09,USD,Dólar,5.327,5.3276
2025-09-19,12:11:25,2025-09,GBP,Libra,7.1824,7.1837
2025-09-19,11:07:25,2025-09,AUD,Dólar Australiano,3.5099,3.5114
2025-09-19,10:05:25,2025-09,AUD,Dólar Australiano,3.5104,3.5119
2025-09-19,13:05:27,2025-09,AUD,Dólar Australiano,3.5126,3.5141
2025-09-19,11:07:25,2025-09,GBP,Libra,7.1812,7.1841
2025-09-19,12:11:25,2025-09,EUR,Euro,6.2629,6.2647
2025-09-19,10:05:25,2025-09,EUR,Euro,6.2539,6.2557
2025-09-19,13:05:27,2025-09,GBP,Libra,7.1813,7.1843
2025-09-19,13:05:27,2025-09,EUR,Euro,6.2603,6.2621
2025-09-19,13:05:27,2025-09,EUR,Euro,6.2602,6.2619
2025-09-19,11:07:25,2025-09,EUR,Euro,6.26,6.2618
2025-09-19,13:05:27,2025-09,GBP,Libra,7.1812,7.1841
2025-09-18,13:10:31,2025-09,AUD,Dólar Australiano,3.5039,3.5054
2025-09-18,13:10:31,2025-09,GBP,Libra,7.1779,7.1814
2025-09-18,12:09:25,2025-09,AUD,Dólar Australiano,3.5041,3.5061
2025-09-18,11:05:24,2025-09,AUD,Dólar Australiano,3.5107,3.5121
2025-09-18,13:10:31,2025-09,AUD,Dólar Australiano,3.5046,3.5061
2025-09-18,10:09:25,2025-09,GBP,Libra,7.2035,7.2054
2025-09-18,11:05:24,2025-09,GBP,Libra,7.1852,7.1881
2025-09-18,13:10:31,2025-09,GBP,Libra,7.1794,7.1829
2025-09-18,10:09:25,2025-09,AUD,Dólar Australiano,3.514,3.515
2025-09-18,10:09:25,2025-09,EUR,Euro,6.2501,6.2519
2025-09-18,12:09:25,2025-09,GBP,Libra,7.182,7.1834
2025-09-18,10:09:25,2025-09,USD,Dólar,5.2994,5.3
2025-09-18,13:10:31,2025-09,EUR,Euro,6.2433,6.2446
2025-09-18,11:05:24,2025-09,EUR,Euro,6.2396,6.2414
2025-09-18,12:09:25,2025-09,EUR,Euro,6.2403,6.2415
2025-09-18,11:05:24,2025-09,USD,Dólar,5.3031,5.3037
2025-09-18,13:10:31,2025-09,EUR,Euro,6.242,6.2433
2025-09-18,12:09:25,2025-09,USD,Dólar,5.2996,5.3002
2025-09-18,13:10:31,2025-09,USD,Dólar,5.3004,5.301
2025-09-18,13:10:31,2025-09,USD,Dólar,5.2993,5.2999
2025-09-17,11:05:27,2025-09,GBP,Libra,7.2376,7.2405
2025-09-17,10:05:25,2025-09,GBP,Libra,7.2342,7.2371
2025-09-17,12:09:25,2025-09,GBP,Libra,7.2381,7.241
2025-09-17,13:10:27,2025-09,GBP,Libra,7.2384,7.2418
2025-09-17,13:10:27,2025-09,AUD,Dólar Australiano,3.5328,3.5348
2025-09-17,13:10:27,2025-09,AUD,Dólar Australiano,3.5362,3.5382
2025-09-17,12:09:25,2025-09,AUD,Dólar Australiano,3.535,3.5365
2025-09-17,11:05:27,2025-09,AUD,Dólar Australiano,3.5385,3.54
2025-09-17,10:05:25,2025-09,AUD,Dólar Australiano,3.5395,3.5409
2025-09-17,13:10:27,2025-09,GBP,Libra,7.2453,7.2488
2025-09-17,13:10:27,2025-09,USD,Dólar,5.3005,5.3011
2025-09-17,13:10:27,2025-09,USD,Dólar,5.3056,5.3062
2025-09-17,12:09:25,2025-09,USD,Dólar,5.2999,5.3005
2025-09-17,11:05:27,2025-09,USD,Dólar,5.298,5.2986
2025-09-17,10:05:25,2025-09,USD,Dólar,5.2986,5.2992
2025-09-17,10:05:25,2025-09,EUR,Euro,6.2757,6.2769
2025-09-17,11:05:27,2025-09,EUR,Euro,6.2776,6.2794
2025-09-17,12:09:25,2025-09,EUR,Euro,6.2799,6.2811
2025-09-17,13:10:27,2025-09,EUR,Euro,6.284,6.2857
2025-09-17,13:10:27,2025-09,EUR,Euro,6.2779,6.2797
2025-09-16,10:04:24,2025-09,EUR,Euro,6.2616,6.2634
2025-09-16,13:08:26,2025-09,GBP,Libra,7.2478,7.2497
2025-09-16,11:06:28,2025-09,GBP,Libra,7.2621,7.2651
2025-09-16,12:02:25,2025-09,GBP,Libra,7.2528,7.2542
2025-09-16,12:02:25,2025-09,EUR,Euro,6.2942,6.2954
2025-09-16,10:04:24,2025-09,GBP,Libra,7.2362,7.2375
2025-09-16,13:08:26,2025-09,AUD,Dólar Australiano,3.5438,3.5452
2025-09-16,13:08:26,2025-09,AUD,Dólar Australiano,3.5389,3.5403
2025-09-16,12:02:25,2025-09,AUD,Dólar Australiano,3.5457,3.5472
2025-09-16,11:06:28,2025-09,AUD,Dólar Australiano,3.5449,3.5464
2025-09-16,10:04:24,2025-09,AUD,Dólar Australiano,3.5369,3.5384
2025-09-16,11:06:28,2025-09,EUR,Euro,6.2874,6.2891
2025-09-16,13:08:26,2025-09,GBP,Libra,7.2379,7.2398
2025-09-16,13:08:26,2025-09,EUR,Euro,6.2809,6.2822
2025-09-16,13:08:26,2025-09,USD,Dólar,5.309,5.3096
2025-09-16,13:08:26,2025-09,USD,Dólar,5.3017,5.3023
2025-09-16,12:02:25,2025-09,USD,Dólar,5.3111,5.3117
2025-09-16,11:06:28,2025-09,USD,Dólar,5.3179,5.3185
2025-09-16,10:04:24,2025-09,USD,Dólar,5.3051,5.3057
2025-09-16,13:08:26,2025-09,EUR,Euro,6.2896,6.2908
2025-09-15,12:03:27,2025-09,EUR,Euro,6.2504,6.2516
2025-09-15,11:03:24,2025-09,AUD,Dólar Australiano,3.5471,3.5496
2025-09-15,12:03:27,2025-09,AUD,Dólar Australiano,3.5401,3.5411
2025-09-15,13:07:29,2025-09,AUD,Dólar Australiano,3.5418,3.5438
2025-09-15,13:07:29,2025-09,AUD,Dólar Australiano,3.548,3.55
2025-09-15,11:03:24,2025-09,EUR,Euro,6.267,6.2688
2025-09-15,10:09:28,2025-09,EUR,Euro,6.2656,6.2674
2025-09-15,13:07:29,2025-09,EUR,Euro,6.2513,6.2531
2025-09-15,10:09:28,2025-09,GBP,Libra,7.2473,7.2502
2025-09-15,13:07:29,2025-09,EUR,Euro,6.2624,6.2642
2025-09-15,10:09:28,2025-09,USD,Dólar,5.3238,5.3244
2025-09-15,11:03:24,2025-09,USD,Dólar,5.33,5.3306
2025-09-15,12:03:27,2025-09,USD,Dólar,5.3163,5.3169
2025-09-15,13:07:29,2025-09,USD,Dólar,5.3108,5.3114
2025-09-15,13:07:29,2025-09,USD,Dólar,5.3202,5.3208
2025-09-15,13:07:29,2025-09,GBP,Libra,7.2376,7.2421
2025-09-15,13:07:29,2025-09,GBP,Libra,7.2248,7.2293
2025-09-15,12:03:27,2025-09,GBP,Libra,7.2238,7.2267
2025-09-15,11:03:24,2025-09,GBP,Libra,7.2445,7.2496
2025-09-15,10:09:28,2025-09,AUD,Dólar Australiano,3.5488,3.5498
2025-09-12,10:11:25,2025-09,EUR,Euro,6.3054,6.3066
2025-09-12,11:09:24,2025-09,EUR,Euro,6.2879,6.2918
2025-09-12,12:03:25,2025-09,EUR,Euro,6.2872,6.2884
2025-09-12,13:10:29,2025-09,EUR,Euro,6.2702,6.272
2025-09-12,13:10:29,2025-09,EUR,Euro,6.2865,6.2883
2025-09-12,13:10:29,2025-09,GBP,Libra,7.2504,7.2533
2025-09-12,13:10:29,2025-09,USD,Dólar,5.3671,5.3677
2025-09-12,10:11:25,2025-09,USD,Dólar,5.3837,5.3843
2025-09-12,10:11:25,2025-09,GBP,Libra,7.2911,7.2925
2025-09-12,11:09:24,2025-09,GBP,Libra,7.2726,7.275
2025-09-12,12:03:25,2025-09,GBP,Libra,7.2701,7.2714
2025-09-12,13:10:29,2025-09,GBP,Libra,7.2692,7.2722
2025-09-12,13:10:29,2025-09,AUD,Dólar Australiano,3.5605,3.562
2025-09-12,12:03:25,2025-09,AUD,Dólar Australiano,3.5616,3.5636
2025-09-12,11:09:24,2025-09,AUD,Dólar Australiano,3.5641,3.5661
2025-09-12,10:11:25,2025-09,AUD,Dólar Australiano,3.5742,3.5752
2025-09-12,13:10:29,2025-09,AUD,Dólar Australiano,3.5513,3.5528
2025-09-12,11:09:24,2025-09,USD,Dólar,5.3692,5.3698
2025-09-12,12:03:25,2025-09,USD,Dólar,5.3622,5.3628
2025-09-12,13:10:29,2025-09,USD,Dólar,5.3532,5.3538
2025-09-11,10:05:25,2025-09,GBP,Libra,7.3067,7.3108
2025-09-11,11:03:25,2025-09,GBP,Libra,7.3006,7.3036
2025-09-11,12:09:25,2025-09,GBP,Libra,7.2931,7.2945
2025-09-11,13:06:26,2025-09,GBP,Libra,7.2958,7.2988
2025-09-11,13:06:26,2025-09,GBP,Libra,7.3045,7.3075
2025-09-11,13:06:26,2025-09,AUD,Dólar Australiano,3.5844,3.5853
2025-09-11,13:06:26,2025-09,AUD,Dólar Australiano,3.5801,3.5811
2025-09-11,13:06:26,2025-09,USD,Dólar,5.3788,5.3794
2025-09-11,10:05:25,2025-09,AUD,Dólar Australiano,3.5727,3.5747
2025-09-11,13:06:26,2025-09,USD,Dólar,5.3852,5.3858
2025-09-11,11:03:25,2025-09,AUD,Dólar Australiano,3.5746,3.5755
2025-09-11,10:05:25,2025-09,USD,Dólar,5.3952,5.3958
2025-09-11,12:09:25,2025-09,AUD,Dólar Australiano,3.5761,3.5776
2025-09-11,12:09:25,2025-09,USD,Dólar,5.3792,5.3798
2025-09-11,11:03:25,2025-09,USD,Dólar,5.3875,5.3881
2025-09-11,12:09:25,2025-09,EUR,Euro,6.3087,6.31
2025-09-11,10:05:25,2025-09,EUR,Euro,6.321,6.3228
2025-09-11,11:03:25,2025-09,EUR,Euro,6.3244,6.3256
2025-09-11,13:06:26,2025-09,EUR,Euro,6.3099,6.3117
2025-09-11,13:06:26,2025-09,EUR,Euro,6.3174,6.3192
2025-09-10,13:06:29,2025-09,AUD,Dólar Australiano,3.5811,3.5825
2025-09-10,12:10:25,2025-09,EUR,Euro,6.3316,6.3329
2025-09-10,13:06:29,2025-09,EUR,Euro,6.3328,6.3341
2025-09-10,13:06:29,2025-09,EUR,Euro,6.3393,6.3405
2025-09-10,13:06:29,2025-09,AUD,Dólar Australiano,3.5847,3.5862
2025-09-10,13:06:29,2025-09,GBP,Libra,7.3301,7.332
2025-09-10,13:06:29,2025-09,GBP,Libra,7.3227,7.3246
2025-09-10,12:10:25,2025-09,GBP,Libra,7.3154,7.3183
2025-09-10,10:08:35,2025-09,EUR,Euro,6.3522,6.3545
2025-09-10,10:08:35,2025-09,GBP,Libra,7.3445,7.3491
2025-09-10,11:06:25,2025-09,GBP,Libra,7.3326,7.3356
2025-09-10,12:10:25,2025-09,AUD,Dólar Australiano,3.578,3.5801
2025-09-10,11:06:25,2025-09,AUD,Dólar Australiano,3.5849,3.5863
2025-09-10,10:08:35,2025-09,USD,Dólar,5.4311,5.4317
2025-09-10,11:06:25,2025-09,USD,Dólar,5.4103,5.4109
2025-09-10,12:10:25,2025-09,USD,Dólar,5.3992,5.3998
2025-09-10,13:06:29,2025-09,USD,Dólar,5.4062,5.4068
2025-09-10,13:06:29,2025-09,USD,Dólar,5.4117,5.4123
2025-09-10,11:06:25,2025-09,EUR,Euro,6.3403,6.3421
2025-09-10,10:08:35,2025-09,AUD,Dólar Australiano,3.591,3.592
2025-09-09,12:10:24,2025-09,EUR,Euro,6.3643,6.3661
2025-09-09,11:05:26,2025-09,EUR,Euro,6.3707,6.373
2025-09-09,11:05:26,2025-09,AUD,Dólar Australiano,3.579,3.5822
2025-09-09,10:05:25,2025-09,EUR,Euro,6.3787,6.38
2025-09-09,13:07:27,2025-09,EUR,Euro,6.3612,6.363
2025-09-09,12:10:24,2025-09,AUD,Dólar Australiano,3.5766,3.5786
2025-09-09,13:07:27,2025-09,AUD,Dólar Australiano,3.5744,3.5775
2025-09-09,13:07:27,2025-09,AUD,Dólar Australiano,3.5754,3.5785
2025-09-09,10:05:25,2025-09,AUD,Dólar Australiano,3.5853,3.5868
2025-09-09,13:07:27,2025-09,EUR,Euro,6.3593,6.3611
2025-09-09,12:10:24,2025-09,USD,Dólar,5.4257,5.4263
2025-09-09,13:07:27,2025-09,USD,Dólar,5.4256,5.4262
2025-09-09,13:07:27,2025-09,GBP,Libra,7.3425,7.3454
2025-09-09,13:07:27,2025-09,USD,Dólar,5.4272,5.4278
2025-09-09,11:05:26,2025-09,USD,Dólar,5.4228,5.4234
2025-09-09,10:05:25,2025-09,USD,Dólar,5.4347,5.4353
2025-09-09,10:05:25,2025-09,GBP,Libra,7.3656,7.3686
2025-09-09,11:05:26,2025-09,GBP,Libra,7.3501,7.352
2025-09-09,12:10:24,2025-09,GBP,Libra,7.3453,7.3483
2025-09-09,13:07:27,2025-09,GBP,Libra,7.3403,7.3433
2025-09-08,13:09:40,2025-09,USD,Dólar,5.4272,5.4278
2025-09-08,10:07:27,2025-09,AUD,Dólar Australiano,3.5688,3.5703
2025-09-08,10:07:27,2025-09,USD,Dólar,5.4114,5.412
2025-09-08,13:09:40,2025-09,EUR,Euro,6.3778,6.379
2025-09-08,13:09:40,2025-09,EUR,Euro,6.377,6.3782
2025-09-08,13:09:40,2025-09,USD,Dólar,5.4279,5.4285
2025-09-08,13:09:40,2025-09,GBP,Libra,7.3515,7.3551
2025-09-08,12:09:24,2025-09,USD,Dólar,5.4346,5.4352
2025-09-08,11:06:26,2025-09,USD,Dólar,5.435,5.4356
2025-09-08,12:09:24,2025-09,EUR,Euro,6.3829,6.3842
2025-09-08,11:06:26,2025-09,EUR,Euro,6.3861,6.3874
2025-09-08,10:07:27,2025-09,EUR,Euro,6.3514,6.3531
2025-09-08,13:09:40,2025-09,GBP,Libra,7.3506,7.3541
2025-09-08,10:07:27,2025-09,GBP,Libra,7.3281,7.3311
2025-09-08,11:06:26,2025-09,AUD,Dólar Australiano,3.5806,3.5831
2025-09-08,12:09:24,2025-09,AUD,Dólar Australiano,3.5776,3.5791
2025-09-08,13:09:40,2025-09,AUD,Dólar Australiano,3.5764,3.5779
2025-09-08,13:09:40,2025-09,AUD,Dólar Australiano,3.576,3.5775
2025-09-08,12:09:24,2025-09,GBP,Libra,7.3546,7.3576
2025-09-08,11:06:26,2025-09,GBP,Libra,7.3617,7.3631
2025-09-05,11:03:25,2025-09,GBP,Libra,7.2968,7.3003
2025-09-05,12:04:24,2025-09,USD,Dólar,5.407,5.4076
2025-09-05,11:03:25,2025-09,USD,Dólar,5.3863,5.3869
2025-09-05,10:07:27,2025-09,USD,Dólar,5.3927,5.3933
2025-09-05,13:04:18,2025-09,AUD,Dólar Australiano,3.5455,3.5469
2025-09-05,10:07:27,2025-09,AUD,Dólar Australiano,3.5435,3.5456
2025-09-05,10:07:27,2025-09,GBP,Libra,7.2909,7.2944
2025-09-05,13:04:18,2025-09,AUD,Dólar Australiano,3.5437,3.5452
2025-09-05,12:04:24,2025-09,GBP,Libra,7.3092,7.3122
2025-09-05,13:04:18,2025-09,GBP,Libra,7.3096,7.3125
2025-09-05,13:04:18,2025-09,GBP,Libra,7.3059,7.3089
2025-09-05,13:04:18,2025-09,USD,Dólar,5.3962,5.3968
2025-09-05,13:04:18,2025-09,EUR,Euro,6.3449,6.3461
2025-09-05,13:04:18,2025-09,EUR,Euro,6.348,6.3493
2025-09-05,12:04:24,2025-09,EUR,Euro,6.3457,6.3469
2025-09-05,13:04:18,2025-09,USD,Dólar,5.3989,5.3995
2025-09-05,11:03:25,2025-09,EUR,Euro,6.3284,6.3296
2025-09-05,12:04:24,2025-09,AUD,Dólar Australiano,3.5448,3.5463
2025-09-05,11:03:25,2025-09,AUD,Dólar Australiano,3.548,3.55
2025-09-05,10:07:27,2025-09,EUR,Euro,6.3283,6.3307
2025-09-04,11:06:26,2025-09,AUD,Dólar Australiano,3.5571,3.5586
2025-09-04,13:03:32,2025-09,EUR,Euro,6.3635,6.3648
2025-09-04,10:02:27,2025-09,AUD,Dólar Australiano,3.5565,3.5586
2025-09-04,12:07:48,2025-09,AUD,Dólar Australiano,3.552,3.5535
2025-09-04,13:03:32,2025-09,AUD,Dólar Australiano,3.5571,3.5586
2025-09-04,13:03:32,2025-09,AUD,Dólar Australiano,3.5538,3.5553
2025-09-04,10:02:27,2025-09,GBP,Libra,7.3307,7.3337
2025-09-04,11:06:26,2025-09,GBP,Libra,7.333,7.3344
2025-09-04,12:07:48,2025-09,GBP,Libra,7.3283,7.3313
2025-09-04,13:03:32,2025-09,GBP,Libra,7.342,7.3433
2025-09-04,10:02:27,2025-09,EUR,Euro,6.3521,6.3534
2025-09-04,11:06:26,2025-09,EUR,Euro,6.3559,6.3571
2025-09-04,12:07:48,2025-09,EUR,Euro,6.3512,6.3524
2025-09-04,13:03:32,2025-09,GBP,Libra,7.3351,7.3365
2025-09-04,10:02:27,2025-09,USD,Dólar,5.4548,5.4554
2025-09-04,11:06:26,2025-09,USD,Dólar,5.4557,5.4563
2025-09-04,13:03:32,2025-09,EUR,Euro,6.3576,6.3588
2025-09-04,12:07:48,2025-09,USD,Dólar,5.4587,5.4593
2025-09-04,13:03:32,2025-09,USD,Dólar,5.4632,5.4638
2025-09-04,13:03:32,2025-09,USD,Dólar,5.4581,5.4587
2025-09-03,12:02:26,2025-09,USD,Dólar,5.4412,5.4418
2025-09-03,12:02:26,2025-09,GBP,Libra,7.3081,7.3111
2025-09-03,11:07:26,2025-09,AUD,Dólar Australiano,3.5537,3.5558
2025-09-03,12:02:26,2025-09,AUD,Dólar Australiano,3.5596,3.5617
2025-09-03,13:06:03,2025-09,AUD,Dólar Australiano,3.575,3.5765
2025-09-03,13:06:03,2025-09,AUD,Dólar Australiano,3.5673,3.5688
2025-09-03,10:04:28,2025-09,EUR,Euro,6.3511,6.3534
2025-09-03,13:06:03,2025-09,EUR,Euro,6.3742,6.3754
2025-09-03,10:04:28,2025-09,GBP,Libra,7.32,7.3219
2025-09-03,11:07:26,2025-09,USD,Dólar,5.438,5.4386
2025-09-03,11:07:26,2025-09,GBP,Libra,7.2962,7.2981
2025-09-03,12:02:26,2025-09,EUR,Euro,6.3461,6.3473
2025-09-03,11:07:26,2025-09,EUR,Euro,6.3336,6.3371
2025-09-03,10:04:28,2025-09,USD,Dólar,5.4525,5.4531
2025-09-03,13:06:03,2025-09,USD,Dólar,5.4597,5.4603
2025-09-03,13:06:03,2025-09,USD,Dólar,5.4479,5.4485
2025-09-03,13:06:03,2025-09,EUR,Euro,6.3604,6.3617
2025-09-03,13:06:03,2025-09,GBP,Libra,7.3417,7.3436
2025-09-03,10:04:28,2025-09,AUD,Dólar Australiano,3.5654,3.5674
2025-09-03,13:06:03,2025-09,GBP,Libra,7.3258,7.3277
2025-09-02,13:07:48,2025-09,EUR,Euro,6.3712,6.3724
2025-09-02,12:11:24,2025-09,AUD,Dólar Australiano,3.5583,3.5598
2025-09-02,13:07:48,2025-09,EUR,Euro,6.3665,6.3677
2025-09-02,11:04:40,2025-09,AUD,Dólar Australiano,3.5538,3.5553
2025-09-02,10:11:25,2025-09,AUD,Dólar Australiano,3.561,3.5619
2025-09-02,13:07:48,2025-09,GBP,Libra,7.3155,7.3168
2025-09-02,13:07:48,2025-09,GBP,Libra,7.3208,7.3222
2025-09-02,13:07:48,2025-09,AUD,Dólar Australiano,3.5589,3.5609
2025-09-02,10:11:25,2025-09,EUR,Euro,6.3775,6.3788
2025-09-02,13:07:48,2025-09,AUD,Dólar Australiano,3.5615,3.5635
2025-09-02,11:04:40,2025-09,EUR,Euro,6.3613,6.3648
2025-09-02,10:11:25,2025-09,GBP,Libra,7.3274,7.332
2025-09-02,11:04:40,2025-09,GBP,Libra,7.313,7.3149
2025-09-02,12:11:24,2025-09,GBP,Libra,7.3087,7.3117
2025-09-02,13:07:48,2025-09,USD,Dólar,5.4674,5.468
2025-09-02,13:07:48,2025-09,USD,Dólar,5.4634,5.464
2025-09-02,12:11:24,2025-09,USD,Dólar,5.4559,5.4565
2025-09-02,11:04:40,2025-09,USD,Dólar,5.4599,5.4605
2025-09-02,10:11:25,2025-09,USD,Dólar,5.4903,5.4909
2025-09-02,12:11:24,2025-09,EUR,Euro,6.3627,6.3639
2025-09-01,13:06:34,2025-09,USD,Dólar,5.4372,5.4378
2025-09-01,13:06:34,2025-09,USD,Dólar,5.4476,5.4482
2025-09-01,13:06:34,2025-09,AUD,Dólar Australiano,3.5619,3.5639
2025-09-01,12:08:24,2025-09,GBP,Libra,7.3799,7.3845
2025-09-01,11:11:25,2025-09,GBP,Libra,7.3468,7.3498
2025-09-01,10:04:28,2025-09,GBP,Libra,7.3402,7.3415
2025-09-01,13:06:34,2025-09,AUD,Dólar Australiano,3.5687,3.5708
2025-09-01,12:08:24,2025-09,AUD,Dólar Australiano,3.5725,3.574
2025-09-01,11:11:25,2025-09,AUD,Dólar Australiano,3.5567,3.5576
2025-09-01,10:04:28,2025-09,AUD,Dólar Australiano,3.5529,3.555
2025-09-01,10:04:28,2025-09,EUR,Euro,6.3498,6.3511
2025-09-01,13:06:34,2025-09,GBP,Libra,7.3755,7.379
2025-09-01,12:08:24,2025-09,USD,Dólar,5.4492,5.4498
2025-09-01,11:11:25,2025-09,USD,Dólar,5.4284,5.429
2025-09-01,10:04:28,2025-09,USD,Dólar,5.4235,5.4241
2025-09-01,13:06:34,2025-09,GBP,Libra,7.3614,7.365
2025-09-01,13:06:34,2025-09,EUR,Euro,6.361,6.3628
2025-09-01,13:06:34,2025-09,EUR,Euro,6.3731,6.3749
2025-09-01,12:08:24,2025-09,EUR,Euro,6.3805,6.3823
2025-09-01,11:11:25,2025-09,EUR,Euro,6.3539,6.3579
2025-08-29,12:04:26,2025-08,EUR,Euro,6.3541,6.3553
2025-08-29,11:11:26,2025-08,EUR,Euro,6.3292,6.3305
2025-08-29,13:10:21,2025-08,EUR,Euro,6.3449,6.3467
2025-08-29,13:10:21,2025-08,EUR,Euro,6.3508,6.3526
2025-08-29,10:06:27,2025-08,EUR,Euro,6.3181,6.3199
2025-08-29,10:06:27,2025-08,AUD,Dólar Australiano,3.5376,3.5397
2025-08-29,12:04:26,2025-08,USD,Dólar,5.429,5.4296
2025-08-29,11:11:26,2025-08,AUD,Dólar Australiano,3.5437,3.5463
2025-08-29,13:10:21,2025-08,AUD,Dólar Australiano,3.5501,3.5516
2025-08-29,10:06:27,2025-08,USD,Dólar,5.42,5.4206
2025-08-29,11:11:26,2025-08,USD,Dólar,5.4235,5.4241
2025-08-29,13:10:21,2025-08,AUD,Dólar Australiano,3.5534,3.5549
2025-08-29,13:10:21,2025-08,USD,Dólar,5.4308,5.4314
2025-08-29,13:10:21,2025-08,USD,Dólar,5.4258,5.4264
2025-08-29,12:04:26,2025-08,AUD,Dólar Australiano,3.5522,3.5542
2025-08-29,13:10:21,2025-08,GBP,Libra,7.3281,7.3311
2025-08-29,13:10:21,2025-08,GBP,Libra,7.3348,7.3378
2025-08-29,12:04:26,2025-08,GBP,Libra,7.333,7.3359
2025-08-29,11:11:26,2025-08,GBP,Libra,7.3022,7.3073
2025-08-29,10:06:27,2025-08,GBP,Libra,7.2937,7.2978
2025-08-28,11:15:50,2025-08,USD,Dólar,5.414,5.4146
2025-08-28,13:13:18,2025-08,EUR,Euro,6.3161,6.3174
2025-08-28,13:13:18,2025-08,EUR,Euro,6.314,6.3153
2025-08-28,12:09:31,2025-08,EUR,Euro,6.3109,6.3127
2025-08-28,10:07:57,2025-08,USD,Dólar,5.4123,5.4129
2025-08-28,10:07:57,2025-08,GBP,Libra,7.3077,7.3096
2025-08-28,12:09:31,2025-08,USD,Dólar,5.4083,5.4089
2025-08-28,13:13:18,2025-08,USD,Dólar,5.4091,5.4097
2025-08-28,13:13:18,2025-08,USD,Dólar,5.4109,5.4115
2025-08-28,11:15:50,2025-08,GBP,Libra,7.3121,7.3135
2025-08-28,10:07:57,2025-08,EUR,Euro,6.3151,6.3163
2025-08-28,13:13:18,2025-08,GBP,Libra,7.3134,7.3147
2025-08-28,13:13:18,2025-08,GBP,Libra,7.3109,7.3123
2025-08-28,12:09:31,2025-08,GBP,Libra,7.3061,7.309
2025-08-28,11:15:50,2025-08,EUR,Euro,6.3192,6.321
2025-08-28,12:09:31,2025-08,AUD,Dólar Australiano,3.5284,3.5298
2025-08-28,10:07:57,2025-08,AUD,Dólar Australiano,3.5326,3.5346
2025-08-28,11:15:50,2025-08,AUD,Dólar Australiano,3.5316,3.533
2025-08-28,13:13:18,2025-08,AUD,Dólar Australiano,3.5321,3.5331
2025-08-28,13:13:18,2025-08,AUD,Dólar Australiano,3.5333,3.5343
2025-08-27,12:02:26,2025-08,GBP,Libra,7.328,7.331
2025-08-27,13:13:21,2025-08,GBP,Libra,7.3274,7.3309
2025-08-27,12:02:26,2025-08,AUD,Dólar Australiano,3.5306,3.5326
2025-08-27,11:10:26,2025-08,AUD,Dólar Australiano,3.5274,3.5288
2025-08-27,10:06:27,2025-08,AUD,Dólar Australiano,3.522,3.5235
2025-08-27,13:13:21,2025-08,USD,Dólar,5.4422,5.4428
2025-08-27,13:13:21,2025-08,USD,Dólar,5.4324,5.433
2025-08-27,12:02:26,2025-08,USD,Dólar,5.4451,5.4457
2025-08-27,10:06:27,2025-08,GBP,Libra,7.3146,7.3176
2025-08-27,11:10:26,2025-08,GBP,Libra,7.3266,7.3279
2025-08-27,13:13:21,2025-08,AUD,Dólar Australiano,3.5342,3.5356
2025-08-27,13:13:21,2025-08,GBP,Libra,7.3142,7.3177
2025-08-27,11:10:26,2025-08,USD,Dólar,5.4485,5.4491
2025-08-27,10:06:27,2025-08,USD,Dólar,5.4428,5.4434
2025-08-27,10:06:27,2025-08,EUR,Euro,6.3055,6.3073
2025-08-27,13:13:21,2025-08,EUR,Euro,6.3184,6.3196
2025-08-27,13:13:21,2025-08,EUR,Euro,6.307,6.3083
2025-08-27,12:02:26,2025-08,EUR,Euro,6.312,6.3132
2025-08-27,11:10:26,2025-08,EUR,Euro,6.3186,6.3199
2025-08-27,13:13:21,2025-08,AUD,Dólar Australiano,3.5278,3.5293
2025-08-26,13:06:46,2025-08,USD,Dólar,5.4369,5.4375
2025-08-26,10:02:27,2025-08,GBP,Libra,7.2854,7.2889
2025-08-26,12:03:26,2025-08,EUR,Euro,6.327,6.3287
2025-08-26,13:06:46,2025-08,USD,Dólar,5.4212,5.4218
2025-08-26,13:06:46,2025-08,EUR,Euro,6.3184,6.3207
2025-08-26,12:03:26,2025-08,GBP,Libra,7.3161,7.3196
2025-08-26,13:06:46,2025-08,GBP,Libra,7.3295,7.3325
2025-08-26,13:06:46,2025-08,GBP,Libra,7.3083,7.3113
2025-08-26,11:07:26,2025-08,EUR,Euro,6.3056,6.3073
2025-08-26,10:02:27,2025-08,EUR,Euro,6.295,6.2968
2025-08-26,10:02:27,2025-08,USD,Dólar,5.4062,5.4068
2025-08-26,11:07:26,2025-08,USD,Dólar,5.4125,5.4131
2025-08-26,13:06:46,2025-08,EUR,Euro,6.3367,6.339
2025-08-26,11:07:26,2025-08,GBP,Libra,7.295,7.299
2025-08-26,13:06:46,2025-08,AUD,Dólar Australiano,3.5222,3.5236
2025-08-26,10:02:27,2025-08,AUD,Dólar Australiano,3.5059,3.5074
2025-08-26,13:06:46,2025-08,AUD,Dólar Australiano,3.5324,3.5338
2025-08-26,12:03:26,2025-08,USD,Dólar,5.429,5.4296
2025-08-26,11:07:26,2025-08,AUD,Dólar Australiano,3.5105,3.5115
2025-08-26,12:03:26,2025-08,AUD,Dólar Australiano,3.525,3.5271
2025-08-25,10:08:28,2025-08,USD,Dólar,5.4266,5.4272
2025-08-25,11:02:27,2025-08,EUR,Euro,6.3479,6.3497
2025-08-25,10:08:28,2025-08,AUD,Dólar Australiano,3.5224,3.5244
2025-08-25,11:02:27,2025-08,AUD,Dólar Australiano,3.5244,3.5264
2025-08-25,12:11:26,2025-08,AUD,Dólar Australiano,3.5136,3.5162
2025-08-25,13:06:50,2025-08,GBP,Libra,7.3056,7.3092
2025-08-25,13:06:50,2025-08,GBP,Libra,7.2948,7.2984
2025-08-25,12:11:26,2025-08,GBP,Libra,7.2997,7.3032
2025-08-25,11:02:27,2025-08,GBP,Libra,7.327,7.33
2025-08-25,10:08:28,2025-08,GBP,Libra,7.3281,7.3311
2025-08-25,13:06:50,2025-08,EUR,Euro,6.3209,6.3226
2025-08-25,13:06:50,2025-08,EUR,Euro,6.3115,6.3133
2025-08-25,12:11:26,2025-08,EUR,Euro,6.3205,6.3223
2025-08-25,13:06:50,2025-08,AUD,Dólar Australiano,3.5193,3.5213
2025-08-25,13:06:50,2025-08,AUD,Dólar Australiano,3.5141,3.5161
2025-08-25,13:06:50,2025-08,USD,Dólar,5.4168,5.4174
2025-08-25,13:06:50,2025-08,USD,Dólar,5.4088,5.4094
2025-08-25,12:11:26,2025-08,USD,Dólar,5.4072,5.4078
2025-08-25,11:02:27,2025-08,USD,Dólar,5.4246,5.4252
2025-08-25,10:08:28,2025-08,EUR,Euro,6.3486,6.3504
2025-08-22,10:02:27,2025-08,USD,Dólar,5.4684,5.469
2025-08-22,12:09:14,2025-08,EUR,Euro,6.3469,6.3481
2025-08-22,11:10:26,2025-08,EUR,Euro,6.3197,6.3215
2025-08-22,10:02:27,2025-08,AUD,Dólar Australiano,3.5113,3.5122
2025-08-22,13:06:18,2025-08,USD,Dólar,5.4386,5.4392
2025-08-22,13:06:18,2025-08,USD,Dólar,5.4236,5.4242
2025-08-22,12:09:14,2025-08,USD,Dólar,5.4168,5.4174
2025-08-22,11:10:26,2025-08,USD,Dólar,5.4457,5.4463
2025-08-22,13:06:18,2025-08,EUR,Euro,6.3516,6.3534
2025-08-22,13:06:18,2025-08,EUR,Euro,6.3691,6.3709
2025-08-22,12:09:14,2025-08,AUD,Dólar Australiano,3.516,3.5181
2025-08-22,11:10:26,2025-08,AUD,Dólar Australiano,3.5005,3.5036
2025-08-22,13:06:18,2025-08,AUD,Dólar Australiano,3.5253,3.5273
2025-08-22,13:06:18,2025-08,AUD,Dólar Australiano,3.5156,3.5176
2025-08-22,10:02:27,2025-08,EUR,Euro,6.3477,6.349
2025-08-22,13:06:18,2025-08,GBP,Libra,7.3541,7.3587
2025-08-22,13:06:18,2025-08,GBP,Libra,7.3338,7.3384
2025-08-22,12:09:14,2025-08,GBP,Libra,7.3257,7.327
2025-08-22,11:10:26,2025-08,GBP,Libra,7.3114,7.3171
2025-08-22,10:02:27,2025-08,GBP,Libra,7.3337,7.3367
2025-08-21,13:10:49,2025-08,EUR,Euro,6.3717,6.3735
2025-08-21,12:04:26,2025-08,EUR,Euro,6.3694,6.3707
2025-08-21,11:06:26,2025-08,EUR,Euro,6.3622,6.364
2025-08-21,10:09:26,2025-08,EUR,Euro,6.3795,6.3813
2025-08-21,10:09:26,2025-08,USD,Dólar,5.4783,5.4789
2025-08-21,11:06:26,2025-08,USD,Dólar,5.4752,5.4758
2025-08-21,12:04:26,2025-08,USD,Dólar,5.4838,5.4844
2025-08-21,13:10:49,2025-08,USD,Dólar,5.4914,5.492
2025-08-21,13:10:49,2025-08,USD,Dólar,5.4822,5.4828
2025-08-21,10:09:26,2025-08,GBP,Libra,7.365,7.3675
2025-08-21,11:06:26,2025-08,GBP,Libra,7.3499,7.3529
2025-08-21,12:04:26,2025-08,GBP,Libra,7.362,7.3639
2025-08-21,13:10:49,2025-08,GBP,Libra,7.3651,7.3681
2025-08-21,13:10:49,2025-08,GBP,Libra,7.3527,7.3557
2025-08-21,10:09:26,2025-08,AUD,Dólar Australiano,3.5171,3.5185
2025-08-21,11:06:26,2025-08,AUD,Dólar Australiano,3.5151,3.5171
2025-08-21,12:04:26,2025-08,AUD,Dólar Australiano,3.5228,3.5254
2025-08-21,13:10:49,2025-08,AUD,Dólar Australiano,3.5244,3.5264
2025-08-21,13:10:49,2025-08,AUD,Dólar Australiano,3.5185,3.5205
2025-08-21,13:10:49,2025-08,EUR,Euro,6.361,6.3628
2025-08-20,13:12:26,2025-08,AUD,Dólar Australiano,3.5163,3.5183
2025-08-20,13:12:26,2025-08,AUD,Dólar Australiano,3.5158,3.5178
2025-08-20,12:06:26,2025-08,AUD,Dólar Australiano,3.5171,3.5186
2025-08-20,11:02:27,2025-08,AUD,Dólar Australiano,3.5191,3.5201
2025-08-20,10:08:27,2025-08,AUD,Dólar Australiano,3.5247,3.5268
2025-08-20,13:12:26,2025-08,USD,Dólar,5.4712,5.4718
2025-08-20,13:12:26,2025-08,EUR,Euro,6.3738,6.375
2025-08-20,13:12:26,2025-08,EUR,Euro,6.3729,6.3741
2025-08-20,10:08:27,2025-08,GBP,Libra,7.3805,7.3819
2025-08-20,11:02:27,2025-08,GBP,Libra,7.3777,7.3807
2025-08-20,12:06:26,2025-08,GBP,Libra,7.3696,7.3726
2025-08-20,13:12:26,2025-08,GBP,Libra,7.3577,7.3607
2025-08-20,13:12:26,2025-08,GBP,Libra,7.3587,7.3617
2025-08-20,10:08:27,2025-08,USD,Dólar,5.4715,5.4721
2025-08-20,11:02:27,2025-08,USD,Dólar,5.4747,5.4753
2025-08-20,12:06:26,2025-08,USD,Dólar,5.4707,5.4713
2025-08-20,13:12:26,2025-08,USD,Dólar,5.472,5.4726
2025-08-20,10:08:27,2025-08,EUR,Euro,6.3852,6.387
2025-08-20,11:02:27,2025-08,EUR,Euro,6.3824,6.3837
2025-08-20,12:06:26,2025-08,EUR,Euro,6.3799,6.3817
2025-08-19,12:04:27,2025-08,AUD,Dólar Australiano,3.5433,3.5443
2025-08-19,10:06:26,2025-08,AUD,Dólar Australiano,3.541,3.543
2025-08-19,11:11:26,2025-08,AUD,Dólar Australiano,3.5398,3.5407
2025-08-19,10:06:26,2025-08,EUR,Euro,6.3769,6.3781
2025-08-19,13:04:41,2025-08,AUD,Dólar Australiano,3.5365,3.5385
2025-08-19,13:04:41,2025-08,AUD,Dólar Australiano,3.5326,3.5347
2025-08-19,10:06:26,2025-08,GBP,Libra,7.3775,7.3805
2025-08-19,11:11:26,2025-08,GBP,Libra,7.3823,7.3836
2025-08-19,12:04:27,2025-08,GBP,Libra,7.3996,7.4026
2025-08-19,13:04:41,2025-08,GBP,Libra,7.3896,7.3926
2025-08-19,13:04:41,2025-08,GBP,Libra,7.3815,7.3845
2025-08-19,10:06:26,2025-08,USD,Dólar,5.462,5.4626
2025-08-19,11:11:26,2025-08,USD,Dólar,5.4643,5.4649
2025-08-19,12:04:27,2025-08,USD,Dólar,5.4808,5.4814
2025-08-19,13:04:41,2025-08,USD,Dólar,5.477,5.4776
2025-08-19,13:04:41,2025-08,USD,Dólar,5.471,5.4716
2025-08-19,11:11:26,2025-08,EUR,Euro,6.3801,6.3814
2025-08-19,12:04:27,2025-08,EUR,Euro,6.3966,6.3984
2025-08-19,13:04:41,2025-08,EUR,Euro,6.3856,6.3869
2025-08-19,13:04:41,2025-08,EUR,Euro,6.3786,6.3799
2025-08-18,13:11:11,2025-08,AUD,Dólar Australiano,3.5148,3.5168
2025-08-18,12:08:29,2025-08,AUD,Dólar Australiano,3.5132,3.5142
2025-08-18,13:11:11,2025-08,AUD,Dólar Australiano,3.5195,3.5215
2025-08-18,10:08:27,2025-08,USD,Dólar,5.4121,5.4127
2025-08-18,13:11:11,2025-08,USD,Dólar,5.4149,5.4155
2025-08-18,12:08:29,2025-08,USD,Dólar,5.4158,5.4164
2025-08-18,10:08:27,2025-08,AUD,Dólar Australiano,3.5211,3.5226
2025-08-18,13:11:11,2025-08,GBP,Libra,7.3177,7.3228
2025-08-18,13:11:11,2025-08,GBP,Libra,7.3274,7.3326
2025-08-18,12:08:29,2025-08,GBP,Libra,7.32,7.3213
2025-08-18,11:02:29,2025-08,GBP,Libra,7.3223,7.3253
2025-08-18,10:08:27,2025-08,GBP,Libra,7.328,7.3331
2025-08-18,11:02:29,2025-08,USD,Dólar,5.4095,5.4101
2025-08-18,11:02:29,2025-08,AUD,Dólar Australiano,3.5167,3.5176
2025-08-18,13:11:11,2025-08,USD,Dólar,5.4221,5.4227
2025-08-18,11:02:29,2025-08,EUR,Euro,6.3167,6.3185
2025-08-18,10:08:27,2025-08,EUR,Euro,6.3186,6.3204
2025-08-18,12:08:29,2025-08,EUR,Euro,6.3164,6.3182
2025-08-18,13:11:11,2025-08,EUR,Euro,6.3249,6.3267
2025-08-18,13:11:11,2025-08,EUR,Euro,6.3165,6.3183
2025-08-15,13:02:59,2025-08,EUR,Euro,6.3116,6.3134
2025-08-15,13:02:59,2025-08,EUR,Euro,6.3165,6.3183
2025-08-15,12:02:28,2025-08,EUR,Euro,6.3159,6.3171
2025-08-15,11:07:26,2025-08,EUR,Euro,6.3107,6.3136
2025-08-15,10:11:26,2025-08,EUR,Euro,6.2987,6.3006
2025-08-15,13:02:59,2025-08,USD,Dólar,5.3922,5.3928
2025-08-15,13:02:59,2025-08,GBP,Libra,7.3118,7.3148
2025-08-15,13:02:59,2025-08,GBP,Libra,7.3175,7.3205
2025-08-15,12:02:28,2025-08,GBP,Libra,7.3114,7.3144
2025-08-15,11:07:26,2025-08,GBP,Libra,7.3139,7.319
2025-08-15,13:02:59,2025-08,USD,Dólar,5.3964,5.397
2025-08-15,10:11:26,2025-08,GBP,Libra,7.3031,7.3062
2025-08-15,11:07:26,2025-08,AUD,Dólar Australiano,3.5143,3.5157
2025-08-15,12:02:28,2025-08,AUD,Dólar Australiano,3.5158,3.5172
2025-08-15,13:02:59,2025-08,AUD,Dólar Australiano,3.5141,3.5156
2025-08-15,10:11:26,2025-08,AUD,Dólar Australiano,3.5094,3.5104
2025-08-15,13:02:59,2025-08,AUD,Dólar Australiano,3.5114,3.5129
2025-08-15,12:02:28,2025-08,USD,Dólar,5.3931,5.3937
2025-08-15,11:07:26,2025-08,USD,Dólar,5.3933,5.3939
2025-08-15,10:11:26,2025-08,USD,Dólar,5.3858,5.3865
2025-08-14,13:08:26,2025-08,USD,Dólar,5.4066,5.4072
2025-08-14,13:08:26,2025-08,USD,Dólar,5.4089,5.4095
2025-08-14,13:08:26,2025-08,EUR,Euro,6.297,6.2988
2025-08-14,11:09:26,2025-08,GBP,Libra,7.3354,7.3384
2025-08-14,12:09:26,2025-08,GBP,Libra,7.3212,7.3242
2025-08-14,12:09:26,2025-08,EUR,Euro,6.2981,6.2999
2025-08-14,11:09:26,2025-08,EUR,Euro,6.3143,6.3161
2025-08-14,10:08:26,2025-08,EUR,Euro,6.3069,6.3081
2025-08-14,12:09:26,2025-08,USD,Dólar,5.4015,5.4021
2025-08-14,11:09:26,2025-08,USD,Dólar,5.42,5.4206
2025-08-14,10:08:26,2025-08,USD,Dólar,5.4076,5.4082
2025-08-14,10:08:26,2025-08,GBP,Libra,7.3278,7.3308
2025-08-14,13:08:26,2025-08,GBP,Libra,7.3172,7.3201
2025-08-14,13:08:26,2025-08,GBP,Libra,7.314,7.317
2025-08-14,13:08:26,2025-08,EUR,Euro,6.2944,6.2961
2025-08-14,13:08:26,2025-08,AUD,Dólar Australiano,3.5088,3.5108
2025-08-14,12:09:26,2025-08,AUD,Dólar Australiano,3.5121,3.513
2025-08-14,13:08:26,2025-08,AUD,Dólar Australiano,3.5073,3.5093
2025-08-14,10:08:26,2025-08,AUD,Dólar Australiano,3.5171,3.5186
2025-08-14,11:09:26,2025-08,AUD,Dólar Australiano,3.5181,3.5196
2025-08-13,10:06:26,2025-08,GBP,Libra,7.2995,7.3025
2025-08-13,13:12:29,2025-08,AUD,Dólar Australiano,3.5281,3.5296
2025-08-13,13:12:29,2025-08,AUD,Dólar Australiano,3.5332,3.5346
2025-08-13,12:07:08,2025-08,AUD,Dólar Australiano,3.533,3.5339
2025-08-13,11:09:26,2025-08,AUD,Dólar Australiano,3.5312,3.5327
2025-08-13,13:12:29,2025-08,USD,Dólar,5.3922,5.3928
2025-08-13,13:12:29,2025-08,USD,Dólar,5.3999,5.4005
2025-08-13,12:07:08,2025-08,USD,Dólar,5.3922,5.3928
2025-08-13,11:09:26,2025-08,USD,Dólar,5.3928,5.3934
2025-08-13,13:12:29,2025-08,GBP,Libra,7.3167,7.3196
2025-08-13,13:12:29,2025-08,GBP,Libra,7.3271,7.3301
2025-08-13,12:07:08,2025-08,GBP,Libra,7.3172,7.3202
2025-08-13,11:09:26,2025-08,GBP,Libra,7.3196,7.321
2025-08-13,13:12:29,2025-08,EUR,Euro,6.3159,6.3171
2025-08-13,10:06:26,2025-08,USD,Dólar,5.3839,5.3845
2025-08-13,10:06:26,2025-08,EUR,Euro,6.2981,6.2993
2025-08-13,11:09:26,2025-08,EUR,Euro,6.3117,6.313
2025-08-13,12:07:08,2025-08,EUR,Euro,6.3197,6.3209
2025-08-13,13:12:29,2025-08,EUR,Euro,6.3249,6.3261
2025-08-13,10:06:26,2025-08,AUD,Dólar Australiano,3.5232,3.5247
2025-08-12,10:08:26,2025-08,USD,Dólar,5.4063,5.4069
2025-08-12,11:11:27,2025-08,USD,Dólar,5.4127,5.4133
2025-08-12,12:10:25,2025-08,USD,Dólar,5.4056,5.4062
2025-08-12,13:10:27,2025-08,USD,Dólar,5.3939,5.3945
2025-08-12,13:10:27,2025-08,USD,Dólar,5.4046,5.4052
2025-08-12,13:10:27,2025-08,GBP,Libra,7.2989,7.3003
2025-08-12,11:11:27,2025-08,GBP,Libra,7.3012,7.3025
2025-08-12,12:10:25,2025-08,GBP,Libra,7.2905,7.2919
2025-08-12,13:10:27,2025-08,GBP,Libra,7.2845,7.2858
2025-08-12,10:08:26,2025-08,AUD,Dólar Australiano,3.5157,3.5172
2025-08-12,11:11:27,2025-08,AUD,Dólar Australiano,3.5193,3.5214
2025-08-12,12:10:25,2025-08,AUD,Dólar Australiano,3.5217,3.5227
2025-08-12,13:10:27,2025-08,AUD,Dólar Australiano,3.5228,3.5237
2025-08-12,10:08:26,2025-08,GBP,Libra,7.2899,7.2912
2025-08-12,13:10:27,2025-08,AUD,Dólar Australiano,3.5297,3.5307
2025-08-12,13:10:27,2025-08,EUR,Euro,6.3077,6.3095
2025-08-12,13:10:27,2025-08,EUR,Euro,6.2952,6.297
2025-08-12,12:10:25,2025-08,EUR,Euro,6.3018,6.3031
2025-08-12,11:11:27,2025-08,EUR,Euro,6.3069,6.3081
2025-08-12,10:08:26,2025-08,EUR,Euro,6.2929,6.2942
2025-08-11,11:08:26,2025-08,USD,Dólar,5.4481,5.4487
2025-08-11,10:03:28,2025-08,EUR,Euro,6.3329,6.3341
2025-08-11,12:03:26,2025-08,USD,Dólar,5.4497,5.4503
2025-08-11,10:03:28,2025-08,USD,Dólar,5.4495,5.4501
2025-08-11,13:09:01,2025-08,EUR,Euro,6.3214,6.3232
2025-08-11,13:09:01,2025-08,EUR,Euro,6.3129,6.3146
2025-08-11,12:03:26,2025-08,EUR,Euro,6.3189,6.3207
2025-08-11,13:09:01,2025-08,USD,Dólar,5.4467,5.4473
2025-08-11,11:08:26,2025-08,EUR,Euro,6.3307,6.3325
2025-08-11,13:09:01,2025-08,GBP,Libra,7.2957,7.2987
2025-08-11,13:09:01,2025-08,GBP,Libra,7.3057,7.3086
2025-08-11,10:03:28,2025-08,GBP,Libra,7.3138,7.3168
2025-08-11,11:08:26,2025-08,GBP,Libra,7.3114,7.3143
2025-08-11,12:03:26,2025-08,GBP,Libra,7.3053,7.3083
2025-08-11,13:09:01,2025-08,AUD,Dólar Australiano,3.5463,3.5484
2025-08-11,13:09:01,2025-08,USD,Dólar,5.4393,5.4399
2025-08-11,10:03:28,2025-08,AUD,Dólar Australiano,3.546,3.5469
2025-08-11,11:08:26,2025-08,AUD,Dólar Australiano,3.5473,3.5487
2025-08-11,12:03:26,2025-08,AUD,Dólar Australiano,3.545,3.546
2025-08-11,13:09:01,2025-08,AUD,Dólar Australiano,3.5415,3.5436
2025-08-08,11:06:29,2025-08,GBP,Libra,7.2887,7.2917
2025-08-08,10:04:38,2025-08,USD,Dólar,5.43,5.4306
2025-08-08,11:06:29,2025-08,USD,Dólar,5.4288,5.4294
2025-08-08,12:08:30,2025-08,USD,Dólar,5.4197,5.4203
2025-08-08,13:10:46,2025-08,USD,Dólar,5.4207,5.4213
2025-08-08,13:10:46,2025-08,USD,Dólar,5.4248,5.4254
2025-08-08,13:10:46,2025-08,GBP,Libra,7.2909,7.2939
2025-08-08,10:04:38,2025-08,GBP,Libra,7.2876,7.2911
2025-08-08,13:10:46,2025-08,GBP,Libra,7.2854,7.2884
2025-08-08,13:10:46,2025-08,EUR,Euro,6.32,6.3212
2025-08-08,10:04:38,2025-08,AUD,Dólar Australiano,3.5376,3.5397
2025-08-08,11:06:29,2025-08,AUD,Dólar Australiano,3.5417,3.5438
2025-08-08,12:08:30,2025-08,AUD,Dólar Australiano,3.5353,3.5373
2025-08-08,13:10:46,2025-08,AUD,Dólar Australiano,3.537,3.539
2025-08-08,13:10:46,2025-08,AUD,Dólar Australiano,3.5397,3.5417
2025-08-08,12:08:30,2025-08,GBP,Libra,7.2819,7.2849
2025-08-08,10:04:38,2025-08,EUR,Euro,6.3216,6.3228
2025-08-08,11:06:29,2025-08,EUR,Euro,6.3235,6.3247
2025-08-08,12:08:30,2025-08,EUR,Euro,6.3167,6.3179
2025-08-08,13:10:46,2025-08,EUR,Euro,6.3248,6.326
2025-08-07,12:03:30,2025-08,AUD,Dólar Australiano,3.5521,3.5553
2025-08-07,12:03:30,2025-08,GBP,Libra,7.3324,7.3337
2025-08-07,13:10:28,2025-08,GBP,Libra,7.3258,7.3293
2025-08-07,13:10:28,2025-08,GBP,Libra,7.3365,7.3401
2025-08-07,13:10:28,2025-08,EUR,Euro,6.3586,6.3604
2025-08-07,10:04:29,2025-08,AUD,Dólar Australiano,3.5642,3.5652
2025-08-07,10:04:29,2025-08,GBP,Libra,7.33,7.3335
2025-08-07,13:10:28,2025-08,EUR,Euro,6.3493,6.3511
2025-08-07,12:03:30,2025-08,EUR,Euro,6.3586,6.3604
2025-08-07,11:09:29,2025-08,GBP,Libra,7.334,7.3376
2025-08-07,10:04:29,2025-08,EUR,Euro,6.3637,6.3655
2025-08-07,10:04:29,2025-08,USD,Dólar,5.4624,5.463
2025-08-07,13:10:28,2025-08,AUD,Dólar Australiano,3.5505,3.5526
2025-08-07,11:09:29,2025-08,EUR,Euro,6.3619,6.3631
2025-08-07,13:10:28,2025-08,USD,Dólar,5.4632,5.4638
2025-08-07,13:10:28,2025-08,AUD,Dólar Australiano,3.5453,3.5474
2025-08-07,13:10:28,2025-08,USD,Dólar,5.4552,5.4558
2025-08-07,12:03:30,2025-08,USD,Dólar,5.4707,5.4713
2025-08-07,11:09:29,2025-08,AUD,Dólar Australiano,3.5607,3.5622
2025-08-07,11:09:29,2025-08,USD,Dólar,5.4646,5.4652
2025-08-06,11:07:29,2025-08,GBP,Libra,7.2897,7.291
2025-08-06,13:06:39,2025-08,USD,Dólar,5.4796,5.4802
2025-08-06,12:08:29,2025-08,GBP,Libra,7.3024,7.3038
2025-08-06,13:06:39,2025-08,USD,Dólar,5.4786,5.4792
2025-08-06,12:08:29,2025-08,USD,Dólar,5.4786,5.4792
2025-08-06,11:07:29,2025-08,USD,Dólar,5.4715,5.4721
2025-08-06,10:08:31,2025-08,GBP,Libra,7.3093,7.3117
2025-08-06,13:06:39,2025-08,GBP,Libra,7.3186,7.3221
2025-08-06,13:06:39,2025-08,GBP,Libra,7.3172,7.3208
2025-08-06,10:08:31,2025-08,USD,Dólar,5.4895,5.4901
2025-08-06,13:06:39,2025-08,AUD,Dólar Australiano,3.5628,3.5643
2025-08-06,13:06:39,2025-08,EUR,Euro,6.381,6.3828
2025-08-06,13:06:39,2025-08,EUR,Euro,6.3798,6.3816
2025-08-06,12:08:29,2025-08,EUR,Euro,6.3694,6.3707
2025-08-06,11:07:29,2025-08,EUR,Euro,6.365,6.3662
2025-08-06,10:08:31,2025-08,EUR,Euro,6.3804,6.3817
2025-08-06,13:06:39,2025-08,AUD,Dólar Australiano,3.5622,3.5637
2025-08-06,12:08:29,2025-08,AUD,Dólar Australiano,3.5567,3.5587
2025-08-06,11:07:29,2025-08,AUD,Dólar Australiano,3.5559,3.558
2025-08-06,10:08:31,2025-08,AUD,Dólar Australiano,3.5693,3.5713
2025-08-05,12:02:30,2025-08,AUD,Dólar Australiano,3.561,3.5631
2025-08-05,13:04:58,2025-08,AUD,Dólar Australiano,3.5653,3.5673
2025-08-05,12:02:30,2025-08,USD,Dólar,5.5124,5.513
2025-08-05,10:03:32,2025-08,AUD,Dólar Australiano,3.5672,3.5693
2025-08-05,13:04:58,2025-08,AUD,Dólar Australiano,3.5618,3.5639
2025-08-05,11:05:30,2025-08,AUD,Dólar Australiano,3.5621,3.563
2025-08-05,10:03:32,2025-08,USD,Dólar,5.5186,5.5192
2025-08-05,13:04:58,2025-08,USD,Dólar,5.506,5.5066
2025-08-05,13:04:58,2025-08,USD,Dólar,5.5113,5.5119
2025-08-05,11:05:30,2025-08,USD,Dólar,5.5081,5.5087
2025-08-05,10:03:32,2025-08,GBP,Libra,7.3287,7.3317
2025-08-05,11:05:30,2025-08,GBP,Libra,7.3115,7.3128
2025-08-05,12:02:30,2025-08,GBP,Libra,7.3249,7.3279
2025-08-05,13:04:58,2025-08,GBP,Libra,7.3263,7.3293
2025-08-05,13:04:58,2025-08,GBP,Libra,7.3333,7.3363
2025-08-05,10:03:32,2025-08,EUR,Euro,6.3668,6.3681
2025-08-05,11:05:30,2025-08,EUR,Euro,6.3536,6.3554
2025-08-05,12:02:30,2025-08,EUR,Euro,6.3751,6.3763
2025-08-05,13:04:58,2025-08,EUR,Euro,6.3754,6.3766
2025-08-05,13:04:58,2025-08,EUR,Euro,6.3815,6.3828
2025-08-04,13:08:34,2025-08,USD,Dólar,5.5107,5.5113
2025-08-04,13:08:34,2025-08,USD,Dólar,5.5179,5.5185
2025-08-04,11:03:30,2025-08,AUD,Dólar Australiano,3.5639,3.5654
2025-08-04,10:08:31,2025-08,AUD,Dólar Australiano,3.5752,3.5772
2025-08-04,10:08:31,2025-08,EUR,Euro,6.3861,6.3884
2025-08-04,12:11:32,2025-08,AUD,Dólar Australiano,3.5642,3.5662
2025-08-04,13:08:34,2025-08,AUD,Dólar Australiano,3.5673,3.5683
2025-08-04,13:08:34,2025-08,AUD,Dólar Australiano,3.5627,3.5636
2025-08-04,11:03:30,2025-08,USD,Dólar,5.4981,5.4987
2025-08-04,11:03:30,2025-08,EUR,Euro,6.363,6.3669
2025-08-04,12:11:32,2025-08,EUR,Euro,6.3698,6.3716
2025-08-04,13:08:34,2025-08,EUR,Euro,6.3826,6.3838
2025-08-04,13:08:34,2025-08,EUR,Euro,6.3742,6.3755
2025-08-04,12:11:32,2025-08,USD,Dólar,5.5088,5.5094
2025-08-04,10:08:31,2025-08,USD,Dólar,5.5181,5.5187
2025-08-04,11:03:30,2025-08,GBP,Libra,7.313,7.3144
2025-08-04,13:08:34,2025-08,GBP,Libra,7.3215,7.3245
2025-08-04,13:08:34,2025-08,GBP,Libra,7.3311,7.3341
2025-08-04,12:11:32,2025-08,GBP,Libra,7.3223,7.3253
2025-08-04,10:08:31,2025-08,GBP,Libra,7.3347,7.3393
2025-08-01,13:03:03,2025-08,EUR,Euro,6.4033,6.4045
2025-08-01,12:03:30,2025-08,GBP,Libra,7.3565,7.3601
2025-08-01,13:03:03,2025-08,GBP,Libra,7.346,7.3502
2025-08-01,11:09:29,2025-08,USD,Dólar,5.5455,5.5461
2025-08-01,10:07:30,2025-08,EUR,Euro,6.3934,6.3958
2025-08-01,11:09:29,2025-08,EUR,Euro,6.4112,6.4135
2025-08-01,12:03:30,2025-08,EUR,Euro,6.4101,6.4119
2025-08-01,10:07:30,2025-08,USD,Dólar,5.5364,5.537
2025-08-01,13:03:03,2025-08,EUR,Euro,6.4038,6.4051
2025-08-01,10:07:30,2025-08,GBP,Libra,7.3551,7.3592
2025-08-01,13:03:03,2025-08,AUD,Dólar Australiano,3.5835,3.5862
2025-08-01,13:03:03,2025-08,AUD,Dólar Australiano,3.5832,3.5858
2025-08-01,12:03:30,2025-08,AUD,Dólar Australiano,3.5848,3.5857
2025-08-01,11:09:29,2025-08,AUD,Dólar Australiano,3.5879,3.59
2025-08-01,10:07:30,2025-08,AUD,Dólar Australiano,3.5881,3.5907
2025-08-01,11:09:29,2025-08,GBP,Libra,7.3583,7.3608
2025-08-01,13:03:03,2025-08,GBP,Libra,7.3467,7.3508
2025-08-01,12:03:30,2025-08,USD,Dólar,5.5475,5.5481
2025-08-01,13:03:03,2025-08,USD,Dólar,5.5425,5.5431
2025-08-01,13:03:03,2025-08,USD,Dólar,5.543,5.5436
2025-07-31,13:02:33,2025-07,GBP,Libra,7.4041,7.406
2025-07-31,13:02:33,2025-07,GBP,Libra,7.3821,7.384
2025-07-31,11:10:30,2025-07,AUD,Dólar Australiano,3.6125,3.6135
2025-07-31,12:09:28,2025-07,AUD,Dólar Australiano,3.6001,3.6017
2025-07-31,13:02:33,2025-07,AUD,Dólar Australiano,3.59,3.5915
2025-07-31,13:02:33,2025-07,AUD,Dólar Australiano,3.6006,3.6022
2025-07-31,13:02:33,2025-07,USD,Dólar,5.6015,5.6021
2025-07-31,13:02:33,2025-07,USD,Dólar,5.5849,5.5855
2025-07-31,12:09:28,2025-07,USD,Dólar,5.5929,5.5935
2025-07-31,11:10:30,2025-07,USD,Dólar,5.6139,5.6145
2025-07-31,10:11:29,2025-07,USD,Dólar,5.6141,5.6147
2025-07-31,10:11:29,2025-07,AUD,Dólar Australiano,3.6149,3.6159
2025-07-31,12:09:28,2025-07,EUR,Euro,6.4011,6.4023
2025-07-31,10:11:29,2025-07,EUR,Euro,6.4158,6.4176
2025-07-31,12:09:28,2025-07,GBP,Libra,7.4,7.403
2025-07-31,11:10:30,2025-07,GBP,Libra,7.403,7.4061
2025-07-31,13:02:33,2025-07,EUR,Euro,6.402,6.4038
2025-07-31,13:02:33,2025-07,EUR,Euro,6.383,6.3848
2025-07-31,10:11:29,2025-07,GBP,Libra,7.419,7.4204
2025-07-31,11:10:30,2025-07,EUR,Euro,6.4049,6.4067
2025-07-30,10:04:30,2025-07,AUD,Dólar Australiano,3.6126,3.6147
2025-07-30,13:14:11,2025-07,GBP,Libra,7.4355,7.4385
2025-07-30,13:14:11,2025-07,AUD,Dólar Australiano,3.6281,3.6296
2025-07-30,10:04:30,2025-07,GBP,Libra,7.436,7.439
2025-07-30,11:12:11,2025-07,AUD,Dólar Australiano,3.6109,3.6125
2025-07-30,13:14:11,2025-07,GBP,Libra,7.4648,7.4679
2025-07-30,12:08:44,2025-07,GBP,Libra,7.4457,7.4487
2025-07-30,11:12:11,2025-07,GBP,Libra,7.43,7.4325
2025-07-30,12:08:44,2025-07,AUD,Dólar Australiano,3.6192,3.6207
2025-07-30,13:14:11,2025-07,AUD,Dólar Australiano,3.6138,3.6153
2025-07-30,13:14:11,2025-07,USD,Dólar,5.6028,5.6034
2025-07-30,10:04:30,2025-07,EUR,Euro,6.4106,6.4124
2025-07-30,12:08:44,2025-07,USD,Dólar,5.6033,5.6039
2025-07-30,13:14:11,2025-07,USD,Dólar,5.6249,5.6255
2025-07-30,13:14:11,2025-07,EUR,Euro,6.4253,6.4271
2025-07-30,13:14:11,2025-07,EUR,Euro,6.4506,6.4524
2025-07-30,10:04:30,2025-07,USD,Dólar,5.588,5.5886
2025-07-30,11:12:11,2025-07,EUR,Euro,6.4162,6.418
2025-07-30,12:08:44,2025-07,EUR,Euro,6.432,6.4338
2025-07-30,11:12:11,2025-07,USD,Dólar,5.5949,5.5955
2025-07-29,10:04:30,2025-07,EUR,Euro,6.4374,6.4397
2025-07-29,12:10:29,2025-07,EUR,Euro,6.4281,6.4294
2025-07-29,13:15:54,2025-07,EUR,Euro,6.4149,6.4161
2025-07-29,13:15:54,2025-07,EUR,Euro,6.4311,6.4324
2025-07-29,12:10:29,2025-07,AUD,Dólar Australiano,3.6294,3.6314
2025-07-29,13:15:54,2025-07,AUD,Dólar Australiano,3.619,3.6211
2025-07-29,13:15:54,2025-07,AUD,Dólar Australiano,3.6282,3.6302
2025-07-29,10:04:30,2025-07,AUD,Dólar Australiano,3.6296,3.6317
2025-07-29,10:04:30,2025-07,USD,Dólar,5.5875,5.5881
2025-07-29,11:11:29,2025-07,USD,Dólar,5.5754,5.576
2025-07-29,12:10:29,2025-07,USD,Dólar,5.5785,5.5791
2025-07-29,13:15:54,2025-07,USD,Dólar,5.5617,5.5623
2025-07-29,13:15:54,2025-07,USD,Dólar,5.5758,5.5764
2025-07-29,10:04:30,2025-07,GBP,Libra,7.4386,7.4411
2025-07-29,11:11:29,2025-07,GBP,Libra,7.4292,7.4306
2025-07-29,12:10:29,2025-07,GBP,Libra,7.4339,7.4375
2025-07-29,13:15:54,2025-07,GBP,Libra,7.4188,7.4201
2025-07-29,13:15:54,2025-07,GBP,Libra,7.4376,7.4389
2025-07-29,11:11:29,2025-07,EUR,Euro,6.4374,6.4386
2025-07-29,11:11:29,2025-07,AUD,Dólar Australiano,3.629,3.63
2025-07-28,11:06:31,2025-07,GBP,Libra,7.5076,7.5124
2025-07-28,13:07:39,2025-07,EUR,Euro,6.4855,6.4873
2025-07-28,12:06:30,2025-07,GBP,Libra,7.4879,7.4909
2025-07-28,13:07:39,2025-07,GBP,Libra,7.4858,7.4888
2025-07-28,13:07:39,2025-07,GBP,Libra,7.4806,7.4836
2025-07-28,10:10:29,2025-07,AUD,Dólar Australiano,3.6419,3.645
2025-07-28,10:10:29,2025-07,USD,Dólar,5.5754,5.576
2025-07-28,11:06:31,2025-07,USD,Dólar,5.5977,5.5983
2025-07-28,12:06:30,2025-07,USD,Dólar,5.5842,5.5848
2025-07-28,13:07:39,2025-07,USD,Dólar,5.591,5.5916
2025-07-28,13:07:39,2025-07,USD,Dólar,5.5871,5.5877
2025-07-28,11:06:31,2025-07,AUD,Dólar Australiano,3.6469,3.6501
2025-07-28,12:06:30,2025-07,AUD,Dólar Australiano,3.6442,3.6463
2025-07-28,13:07:39,2025-07,AUD,Dólar Australiano,3.6411,3.6426
2025-07-28,13:07:39,2025-07,AUD,Dólar Australiano,3.6437,3.6452
2025-07-28,13:07:39,2025-07,EUR,Euro,6.49,6.4918
2025-07-28,11:06:31,2025-07,EUR,Euro,6.5118,6.5136
2025-07-28,10:10:29,2025-07,EUR,Euro,6.4992,6.5005
2025-07-28,10:10:29,2025-07,GBP,Libra,7.4911,7.4941
2025-07-28,12:06:30,2025-07,EUR,Euro,6.4978,6.499
2025-07-25,10:04:26,2025-07,AUD,Dólar Australiano,3.6258,3.6278
2025-07-25,11:03:27,2025-07,AUD,Dólar Australiano,3.6291,3.6311
2025-07-25,12:08:26,2025-07,AUD,Dólar Australiano,3.6342,3.6363
2025-07-25,11:03:27,2025-07,USD,Dólar,5.533,5.5336
2025-07-25,13:06:43,2025-07,USD,Dólar,5.542,5.5426
2025-07-25,13:06:43,2025-07,AUD,Dólar Australiano,3.6317,3.6337
2025-07-25,13:06:43,2025-07,USD,Dólar,5.5644,5.565
2025-07-25,10:04:26,2025-07,GBP,Libra,7.4263,7.4293
2025-07-25,11:03:27,2025-07,GBP,Libra,7.4341,7.4372
2025-07-25,12:08:26,2025-07,GBP,Libra,7.4425,7.4439
2025-07-25,12:08:26,2025-07,USD,Dólar,5.5417,5.5423
2025-07-25,13:06:43,2025-07,AUD,Dólar Australiano,3.6464,3.6484
2025-07-25,10:04:26,2025-07,USD,Dólar,5.5288,5.5294
2025-07-25,13:06:43,2025-07,EUR,Euro,6.5002,6.502
2025-07-25,13:06:43,2025-07,GBP,Libra,7.4401,7.4432
2025-07-25,10:04:26,2025-07,EUR,Euro,6.4786,6.4805
2025-07-25,11:03:27,2025-07,EUR,Euro,6.4858,6.4876
2025-07-25,12:08:26,2025-07,EUR,Euro,6.4999,6.5011
2025-07-25,13:06:43,2025-07,EUR,Euro,6.5265,6.5283
2025-07-25,13:06:43,2025-07,GBP,Libra,7.4702,7.4732
2025-07-24,13:09:01,2025-07,AUD,Dólar Australiano,3.6443,3.6463
2025-07-24,13:09:01,2025-07,USD,Dólar,5.5233,5.5239
2025-07-24,13:09:01,2025-07,EUR,Euro,6.4908,6.4926
2025-07-24,13:09:01,2025-07,EUR,Euro,6.4971,6.4989
2025-07-24,13:09:01,2025-07,USD,Dólar,5.518,5.5186
2025-07-24,13:09:01,2025-07,GBP,Libra,7.4675,7.4711
2025-07-24,13:09:01,2025-07,GBP,Libra,7.4603,7.4639
2025-07-24,12:11:26,2025-07,GBP,Libra,7.4792,7.4806
2025-07-24,11:02:26,2025-07,GBP,Libra,7.4946,7.5004
2025-07-24,10:08:38,2025-07,GBP,Libra,7.47,7.4713
2025-07-24,12:11:26,2025-07,EUR,Euro,6.4978,6.4996
2025-07-24,10:08:38,2025-07,EUR,Euro,6.477,6.4783
2025-07-24,10:08:38,2025-07,USD,Dólar,5.5194,5.52
2025-07-24,12:11:26,2025-07,USD,Dólar,5.523,5.5236
2025-07-24,10:08:38,2025-07,AUD,Dólar Australiano,3.645,3.6465
2025-07-24,11:02:26,2025-07,AUD,Dólar Australiano,3.6549,3.6564
2025-07-24,12:11:26,2025-07,AUD,Dólar Australiano,3.6485,3.6505
2025-07-24,13:09:01,2025-07,AUD,Dólar Australiano,3.6408,3.6428
2025-07-24,11:02:26,2025-07,EUR,Euro,6.5125,6.5138
2025-07-24,11:02:26,2025-07,USD,Dólar,5.5327,5.5333
2025-07-23,13:05:33,2025-07,EUR,Euro,6.5051,6.5069
2025-07-23,10:05:31,2025-07,AUD,Dólar Australiano,3.6607,3.6616
2025-07-23,13:05:33,2025-07,USD,Dólar,5.5531,5.5537
2025-07-23,13:05:33,2025-07,USD,Dólar,5.5386,5.5392
2025-07-23,12:06:30,2025-07,USD,Dólar,5.5591,5.5597
2025-07-23,11:08:28,2025-07,USD,Dólar,5.5571,5.5577
2025-07-23,10:05:31,2025-07,USD,Dólar,5.5574,5.558
2025-07-23,10:05:31,2025-07,EUR,Euro,6.5149,6.5168
2025-07-23,13:05:33,2025-07,AUD,Dólar Australiano,3.6584,3.6604
2025-07-23,13:05:33,2025-07,AUD,Dólar Australiano,3.6488,3.6509
2025-07-23,12:06:30,2025-07,AUD,Dólar Australiano,3.6618,3.6627
2025-07-23,11:08:28,2025-07,AUD,Dólar Australiano,3.6599,3.6609
2025-07-23,12:06:30,2025-07,EUR,Euro,6.5225,6.5243
2025-07-23,13:05:33,2025-07,EUR,Euro,6.5221,6.5239
2025-07-23,11:08:28,2025-07,EUR,Euro,6.5163,6.5175
2025-07-23,13:05:33,2025-07,GBP,Libra,7.5306,7.5353
2025-07-23,11:08:28,2025-07,GBP,Libra,7.526,7.5312
2025-07-23,10:05:31,2025-07,GBP,Libra,7.5269,7.5283
2025-07-23,13:05:33,2025-07,GBP,Libra,7.5109,7.5156
2025-07-23,12:06:30,2025-07,GBP,Libra,7.5376,7.5401
2025-07-22,13:05:47,2025-07,USD,Dólar,5.5703,5.5709
2025-07-22,10:09:31,2025-07,EUR,Euro,6.5106,6.5118
2025-07-22,11:10:28,2025-07,EUR,Euro,6.5406,6.5424
2025-07-22,12:04:30,2025-07,EUR,Euro,6.5238,6.5256
2025-07-22,13:05:47,2025-07,EUR,Euro,6.5285,6.5297
2025-07-22,13:05:47,2025-07,EUR,Euro,6.544,6.5453
2025-07-22,13:05:47,2025-07,GBP,Libra,7.5299,7.533
2025-07-22,11:10:28,2025-07,AUD,Dólar Australiano,3.6493,3.6513
2025-07-22,12:04:30,2025-07,AUD,Dólar Australiano,3.6432,3.6442
2025-07-22,13:05:47,2025-07,AUD,Dólar Australiano,3.6421,3.6436
2025-07-22,13:05:47,2025-07,AUD,Dólar Australiano,3.6508,3.6523
2025-07-22,10:09:31,2025-07,USD,Dólar,5.5684,5.569
2025-07-22,11:10:28,2025-07,USD,Dólar,5.5893,5.5899
2025-07-22,12:04:30,2025-07,USD,Dólar,5.5664,5.567
2025-07-22,13:05:47,2025-07,USD,Dólar,5.5571,5.5577
2025-07-22,10:09:31,2025-07,AUD,Dólar Australiano,3.6334,3.636
2025-07-22,10:09:31,2025-07,GBP,Libra,7.5073,7.5087
2025-07-22,11:10:28,2025-07,GBP,Libra,7.5361,7.5391
2025-07-22,12:04:30,2025-07,GBP,Libra,7.5141,7.5171
2025-07-22,13:05:47,2025-07,GBP,Libra,7.5121,7.5151
2025-07-21,11:05:23,2025-07,AUD,Dólar Australiano,3.6336,3.6352
2025-07-21,11:05:23,2025-07,GBP,Libra,7.5104,7.5124
2025-07-21,12:04:29,2025-07,GBP,Libra,7.4978,7.4997
2025-07-21,13:03:57,2025-07,AUD,Dólar Australiano,3.6314,3.6329
2025-07-21,13:03:57,2025-07,GBP,Libra,7.4906,7.4937
2025-07-21,12:04:29,2025-07,AUD,Dólar Australiano,3.6258,3.6278
2025-07-21,10:08:31,2025-07,EUR,Euro,6.4873,6.4891
2025-07-21,10:08:31,2025-07,AUD,Dólar Australiano,3.6274,3.6284
2025-07-21,13:03:57,2025-07,GBP,Libra,7.5047,7.5077
2025-07-21,11:05:23,2025-07,EUR,Euro,6.5039,6.5057
2025-07-21,12:04:29,2025-07,EUR,Euro,6.4996,6.5009
2025-07-21,13:03:57,2025-07,EUR,Euro,6.4969,6.4987
2025-07-21,13:03:57,2025-07,EUR,Euro,6.5091,6.5109
2025-07-21,10:08:31,2025-07,GBP,Libra,7.4962,7.4992
2025-07-21,13:03:57,2025-07,AUD,Dólar Australiano,3.6246,3.6261
2025-07-21,13:03:57,2025-07,USD,Dólar,5.5619,5.5625
2025-07-21,10:08:31,2025-07,USD,Dólar,5.5618,5.5624
2025-07-21,11:05:23,2025-07,USD,Dólar,5.5765,5.5771
2025-07-21,12:04:29,2025-07,USD,Dólar,5.5576,5.5582
2025-07-21,13:03:57,2025-07,USD,Dólar,5.5515,5.5521
2025-07-18,13:11:35,2025-07,AUD,Dólar Australiano,3.6188,3.6203
2025-07-18,13:11:35,2025-07,AUD,Dólar Australiano,3.6289,3.6304
2025-07-18,10:04:31,2025-07,GBP,Libra,7.4768,7.4793
2025-07-18,11:07:29,2025-07,GBP,Libra,7.4416,7.4441
2025-07-18,12:05:29,2025-07,GBP,Libra,7.4482,7.4512
2025-07-18,13:11:35,2025-07,GBP,Libra,7.4719,7.4749
2025-07-18,13:11:35,2025-07,EUR,Euro,6.4578,6.4596
2025-07-18,10:04:31,2025-07,AUD,Dólar Australiano,3.6287,3.6307
2025-07-18,11:07:29,2025-07,AUD,Dólar Australiano,3.6122,3.6132
2025-07-18,12:05:29,2025-07,AUD,Dólar Australiano,3.6147,3.6167
2025-07-18,13:11:35,2025-07,GBP,Libra,7.4511,7.4541
2025-07-18,13:11:35,2025-07,USD,Dólar,5.546,5.5466
2025-07-18,13:11:35,2025-07,EUR,Euro,6.4758,6.4776
2025-07-18,13:11:35,2025-07,USD,Dólar,5.5615,5.5621
2025-07-18,12:05:29,2025-07,USD,Dólar,5.5414,5.542
2025-07-18,11:07:29,2025-07,USD,Dólar,5.525,5.5256
2025-07-18,10:04:31,2025-07,USD,Dólar,5.5561,5.5567
2025-07-18,12:05:29,2025-07,EUR,Euro,6.4546,6.4564
2025-07-18,11:07:29,2025-07,EUR,Euro,6.446,6.4489
2025-07-18,10:04:31,2025-07,EUR,Euro,6.4762,6.478
2025-07-17,13:02:31,2025-07,EUR,Euro,6.4631,6.4644
2025-07-17,12:06:29,2025-07,EUR,Euro,6.4439,6.4457
2025-07-17,11:07:29,2025-07,EUR,Euro,6.4729,6.4741
2025-07-17,10:11:29,2025-07,EUR,Euro,6.4651,6.4675
2025-07-17,13:02:31,2025-07,EUR,Euro,6.4522,6.4535
2025-07-17,13:02:31,2025-07,GBP,Libra,7.4626,7.464
2025-07-17,13:02:31,2025-07,AUD,Dólar Australiano,3.6125,3.6145
2025-07-17,13:02:31,2025-07,USD,Dólar,5.5637,5.5643
2025-07-17,11:07:29,2025-07,USD,Dólar,5.5873,5.5879
2025-07-17,10:11:29,2025-07,USD,Dólar,5.5801,5.5807
2025-07-17,13:02:31,2025-07,USD,Dólar,5.5731,5.5737
2025-07-17,12:06:29,2025-07,GBP,Libra,7.4571,7.4585
2025-07-17,13:02:31,2025-07,AUD,Dólar Australiano,3.6064,3.6084
2025-07-17,12:06:29,2025-07,AUD,Dólar Australiano,3.6021,3.6036
2025-07-17,11:07:29,2025-07,AUD,Dólar Australiano,3.6167,3.6182
2025-07-17,10:11:29,2025-07,AUD,Dólar Australiano,3.6098,3.6107
2025-07-17,13:02:31,2025-07,GBP,Libra,7.4752,7.4766
2025-07-17,10:11:29,2025-07,GBP,Libra,7.4773,7.4798
2025-07-17,11:07:29,2025-07,GBP,Libra,7.4853,7.4883
2025-07-17,12:06:29,2025-07,USD,Dólar,5.5613,5.5619
2025-07-16,13:08:40,2025-07,EUR,Euro,6.4775,6.4794
2025-07-16,13:08:40,2025-07,EUR,Euro,6.4694,6.4712
2025-07-16,12:02:30,2025-07,EUR,Euro,6.4592,6.4604
2025-07-16,11:02:31,2025-07,EUR,Euro,6.4619,6.4632
2025-07-16,11:02:31,2025-07,GBP,Libra,7.4697,7.4711
2025-07-16,12:02:30,2025-07,GBP,Libra,7.462,7.4634
2025-07-16,13:08:40,2025-07,AUD,Dólar Australiano,3.6321,3.6331
2025-07-16,13:08:40,2025-07,AUD,Dólar Australiano,3.6276,3.6285
2025-07-16,12:02:30,2025-07,AUD,Dólar Australiano,3.6249,3.6275
2025-07-16,11:02:31,2025-07,AUD,Dólar Australiano,3.6293,3.6308
2025-07-16,10:06:29,2025-07,AUD,Dólar Australiano,3.6277,3.6292
2025-07-16,10:06:29,2025-07,GBP,Libra,7.4541,7.4571
2025-07-16,13:08:40,2025-07,GBP,Libra,7.4682,7.4707
2025-07-16,13:08:40,2025-07,GBP,Libra,7.4776,7.4801
2025-07-16,10:06:29,2025-07,EUR,Euro,6.456,6.4573
2025-07-16,13:08:40,2025-07,USD,Dólar,5.5716,5.5722
2025-07-16,13:08:40,2025-07,USD,Dólar,5.5646,5.5652
2025-07-16,12:02:30,2025-07,USD,Dólar,5.5716,5.5722
2025-07-16,11:02:31,2025-07,USD,Dólar,5.5836,5.5842
2025-07-16,10:06:29,2025-07,USD,Dólar,5.5665,5.5671
2025-07-15,13:04:30,2025-07,GBP,Libra,7.4519,7.4556
2025-07-15,13:04:30,2025-07,EUR,Euro,6.456,6.4579
2025-07-15,10:03:30,2025-07,AUD,Dólar Australiano,3.6476,3.6491
2025-07-15,11:10:29,2025-07,AUD,Dólar Australiano,3.6356,3.6371
2025-07-15,12:06:28,2025-07,AUD,Dólar Australiano,3.6224,3.6233
2025-07-15,13:04:30,2025-07,AUD,Dólar Australiano,3.6269,3.629
2025-07-15,13:04:30,2025-07,AUD,Dólar Australiano,3.6225,3.6247
2025-07-15,10:03:30,2025-07,EUR,Euro,6.4825,6.4837
2025-07-15,11:10:29,2025-07,EUR,Euro,6.4704,6.4722
2025-07-15,12:06:28,2025-07,EUR,Euro,6.4542,6.456
2025-07-15,13:04:30,2025-07,EUR,Euro,6.4638,6.4657
2025-07-15,13:04:30,2025-07,GBP,Libra,7.4429,7.4466
2025-07-15,11:10:29,2025-07,USD,Dólar,5.5573,5.5579
2025-07-15,10:03:30,2025-07,GBP,Libra,7.4644,7.4675
2025-07-15,11:10:29,2025-07,GBP,Libra,7.449,7.452
2025-07-15,12:06:28,2025-07,GBP,Libra,7.442,7.445
2025-07-15,13:04:30,2025-07,USD,Dólar,5.5569,5.5576
2025-07-15,13:04:30,2025-07,USD,Dólar,5.5636,5.5643
2025-07-15,12:06:28,2025-07,USD,Dólar,5.5558,5.5564
2025-07-15,10:03:30,2025-07,USD,Dólar,5.551,5.5516
2025-07-14,10:02:34,2025-07,AUD,Dólar Australiano,3.6436,3.6451
2025-07-14,10:02:34,2025-07,EUR,Euro,6.4931,6.4944
2025-07-14,11:08:21,2025-07,EUR,Euro,6.4807,6.4825
2025-07-14,12:03:32,2025-07,EUR,Euro,6.4996,6.5009
2025-07-14,10:02:34,2025-07,GBP,Libra,7.4883,7.4919
2025-07-14,13:08:30,2025-07,EUR,Euro,6.4972,6.4985
2025-07-14,13:08:30,2025-07,EUR,Euro,6.4878,6.489
2025-07-14,13:08:30,2025-07,GBP,Libra,7.4662,7.4692
2025-07-14,13:08:30,2025-07,GBP,Libra,7.477,7.4801
2025-07-14,12:03:32,2025-07,GBP,Libra,7.4811,7.4841
2025-07-14,11:08:21,2025-07,GBP,Libra,7.4794,7.4824
2025-07-14,11:08:21,2025-07,AUD,Dólar Australiano,3.6401,3.6416
2025-07-14,12:03:32,2025-07,USD,Dólar,5.5638,5.5644
2025-07-14,13:08:30,2025-07,AUD,Dólar Australiano,3.6394,3.6415
2025-07-14,10:02:34,2025-07,USD,Dólar,5.5568,5.5574
2025-07-14,11:08:21,2025-07,USD,Dólar,5.5481,5.5487
2025-07-14,13:08:30,2025-07,AUD,Dólar Australiano,3.6447,3.6468
2025-07-14,13:08:30,2025-07,USD,Dólar,5.567,5.5676
2025-07-14,12:03:32,2025-07,AUD,Dólar Australiano,3.6465,3.6486
2025-07-14,13:08:30,2025-07,USD,Dólar,5.5589,5.5595
2025-07-11,13:06:52,2025-07,USD,Dólar,5.5716,5.5722
2025-07-11,11:09:29,2025-07,AUD,Dólar Australiano,3.6738,3.6747
2025-07-11,13:06:52,2025-07,USD,Dólar,5.569,5.5696
2025-07-11,13:06:52,2025-07,GBP,Libra,7.5217,7.5247
2025-07-11,13:06:52,2025-07,GBP,Libra,7.5182,7.5212
2025-07-11,12:07:29,2025-07,GBP,Libra,7.5184,7.5197
2025-07-11,11:09:29,2025-07,GBP,Libra,7.5409,7.5423
2025-07-11,10:10:33,2025-07,GBP,Libra,7.511,7.5124
2025-07-11,13:06:52,2025-07,AUD,Dólar Australiano,3.6639,3.6648
2025-07-11,10:10:33,2025-07,AUD,Dólar Australiano,3.659,3.66
2025-07-11,12:07:29,2025-07,AUD,Dólar Australiano,3.659,3.661
2025-07-11,12:07:29,2025-07,USD,Dólar,5.5675,5.5681
2025-07-11,13:06:52,2025-07,AUD,Dólar Australiano,3.6622,3.6631
2025-07-11,10:10:33,2025-07,EUR,Euro,6.5015,6.5027
2025-07-11,11:09:29,2025-07,EUR,Euro,6.5312,6.5325
2025-07-11,12:07:29,2025-07,EUR,Euro,6.509,6.5108
2025-07-11,13:06:52,2025-07,EUR,Euro,6.5129,6.5148
2025-07-11,13:06:52,2025-07,EUR,Euro,6.516,6.5178
2025-07-11,10:10:33,2025-07,USD,Dólar,5.5625,5.5631
2025-07-11,11:09:29,2025-07,USD,Dólar,5.5875,5.5881
2025-07-10,12:08:30,2025-07,USD,Dólar,5.545,5.5456
2025-07-10,10:10:48,2025-07,USD,Dólar,5.5456,5.5462
2025-07-10,11:08:30,2025-07,USD,Dólar,5.5442,5.5448
2025-07-10,13:02:47,2025-07,USD,Dólar,5.5427,5.5433
2025-07-10,13:02:47,2025-07,USD,Dólar,5.5358,5.5364
2025-07-10,13:02:47,2025-07,GBP,Libra,7.5198,7.5211
2025-07-10,13:02:47,2025-07,GBP,Libra,7.5104,7.5118
2025-07-10,12:08:30,2025-07,GBP,Libra,7.5157,7.5187
2025-07-10,10:10:48,2025-07,GBP,Libra,7.5187,7.5218
2025-07-10,10:10:48,2025-07,AUD,Dólar Australiano,3.6329,3.6344
2025-07-10,11:08:30,2025-07,AUD,Dólar Australiano,3.6292,3.6302
2025-07-10,12:08:30,2025-07,AUD,Dólar Australiano,3.6359,3.6379
2025-07-10,13:02:47,2025-07,AUD,Dólar Australiano,3.637,3.6385
2025-07-10,13:02:47,2025-07,AUD,Dólar Australiano,3.6416,3.6431
2025-07-10,11:08:30,2025-07,GBP,Libra,7.5141,7.5154
2025-07-10,10:10:48,2025-07,EUR,Euro,6.4917,6.4935
2025-07-10,13:02:47,2025-07,EUR,Euro,6.4778,6.4796
2025-07-10,13:02:47,2025-07,EUR,Euro,6.4697,6.4715
2025-07-10,12:08:30,2025-07,EUR,Euro,6.476,6.4778
2025-07-10,11:08:30,2025-07,EUR,Euro,6.4823,6.4841
2025-07-09,11:04:29,2025-07,USD,Dólar,5.4594,5.46
2025-07-09,11:04:29,2025-07,AUD,Dólar Australiano,3.5694,3.5714
2025-07-09,12:09:30,2025-07,USD,Dólar,5.4664,5.467
2025-07-09,13:05:35,2025-07,AUD,Dólar Australiano,3.5605,3.562
2025-07-09,13:05:35,2025-07,AUD,Dólar Australiano,3.5661,3.5676
2025-07-09,13:05:35,2025-07,EUR,Euro,6.3933,6.3951
2025-07-09,13:05:35,2025-07,GBP,Libra,7.4179,7.4209
2025-07-09,13:05:35,2025-07,EUR,Euro,6.3832,6.385
2025-07-09,12:09:30,2025-07,EUR,Euro,6.4033,6.4046
2025-07-09,11:04:29,2025-07,EUR,Euro,6.3897,6.3909
2025-07-09,10:02:31,2025-07,EUR,Euro,6.4066,6.4084
2025-07-09,13:05:35,2025-07,GBP,Libra,7.4063,7.4093
2025-07-09,12:09:30,2025-07,GBP,Libra,7.4277,7.4291
2025-07-09,11:04:29,2025-07,GBP,Libra,7.4177,7.419
2025-07-09,10:02:31,2025-07,GBP,Libra,7.4418,7.4432
2025-07-09,10:02:31,2025-07,AUD,Dólar Australiano,3.5722,3.5742
2025-07-09,12:09:30,2025-07,AUD,Dólar Australiano,3.5696,3.571
2025-07-09,13:05:35,2025-07,USD,Dólar,5.4534,5.454
2025-07-09,13:05:35,2025-07,USD,Dólar,5.462,5.4626
2025-07-09,10:02:31,2025-07,USD,Dólar,5.4687,5.4693
2025-07-08,13:02:57,2025-07,GBP,Libra,7.4056,7.4075
2025-07-08,12:08:30,2025-07,EUR,Euro,6.3837,6.3855
2025-07-08,13:02:57,2025-07,GBP,Libra,7.4107,7.4126
2025-07-08,13:02:57,2025-07,AUD,Dólar Australiano,3.5587,3.5602
2025-07-08,13:02:57,2025-07,AUD,Dólar Australiano,3.5612,3.5627
2025-07-08,12:08:30,2025-07,AUD,Dólar Australiano,3.5571,3.5592
2025-07-08,11:05:32,2025-07,AUD,Dólar Australiano,3.5581,3.5602
2025-07-08,10:11:31,2025-07,AUD,Dólar Australiano,3.5648,3.5663
2025-07-08,10:11:31,2025-07,USD,Dólar,5.45,5.4506
2025-07-08,11:05:32,2025-07,USD,Dólar,5.4556,5.4562
2025-07-08,12:08:30,2025-07,USD,Dólar,5.4599,5.4605
2025-07-08,13:02:57,2025-07,USD,Dólar,5.4603,5.4609
2025-07-08,13:02:57,2025-07,EUR,Euro,6.3874,6.3892
2025-07-08,13:02:57,2025-07,EUR,Euro,6.3918,6.3936
2025-07-08,12:08:30,2025-07,GBP,Libra,7.3954,7.3968
2025-07-08,10:11:31,2025-07,EUR,Euro,6.3874,6.3892
2025-07-08,10:11:31,2025-07,GBP,Libra,7.3995,7.4014
2025-07-08,13:02:57,2025-07,USD,Dólar,5.4565,5.4571
2025-07-08,11:05:32,2025-07,EUR,Euro,6.3841,6.3865
2025-07-08,11:05:32,2025-07,GBP,Libra,7.3918,7.3932
2025-07-07,13:02:56,2025-07,USD,Dólar,5.4546,5.4552
2025-07-07,10:06:32,2025-07,USD,Dólar,5.4453,5.4459
2025-07-07,13:02:56,2025-07,GBP,Libra,7.45,7.4552
2025-07-07,12:03:29,2025-07,USD,Dólar,5.4582,5.4588
2025-07-07,13:02:56,2025-07,USD,Dólar,5.4647,5.4653
2025-07-07,11:06:30,2025-07,GBP,Libra,7.4275,7.4289
2025-07-07,10:06:32,2025-07,EUR,Euro,6.383,6.3842
2025-07-07,11:06:30,2025-07,EUR,Euro,6.3958,6.3971
2025-07-07,12:03:29,2025-07,EUR,Euro,6.4074,6.4086
2025-07-07,13:02:56,2025-07,EUR,Euro,6.4112,6.4124
2025-07-07,13:02:56,2025-07,EUR,Euro,6.3993,6.4006
2025-07-07,10:06:32,2025-07,GBP,Libra,7.4138,7.4168
2025-07-07,12:03:29,2025-07,GBP,Libra,7.4423,7.4453
2025-07-07,11:06:30,2025-07,USD,Dólar,5.4502,5.4508
2025-07-07,10:06:32,2025-07,AUD,Dólar Australiano,3.54,3.5415
2025-07-07,13:02:56,2025-07,GBP,Libra,7.4363,7.4414
2025-07-07,11:06:30,2025-07,AUD,Dólar Australiano,3.5503,3.5512
2025-07-07,12:03:29,2025-07,AUD,Dólar Australiano,3.5555,3.557
2025-07-07,13:02:56,2025-07,AUD,Dólar Australiano,3.5575,3.5595
2025-07-07,13:02:56,2025-07,AUD,Dólar Australiano,3.5509,3.553
2025-07-04,10:07:30,2025-07,AUD,Dólar Australiano,3.5448,3.5469
2025-07-04,11:11:30,2025-07,AUD,Dólar Australiano,3.5407,3.5427
2025-07-04,13:04:29,2025-07,EUR,Euro,6.3695,6.3718
2025-07-04,13:04:29,2025-07,AUD,Dólar Australiano,3.5413,3.5438
2025-07-04,13:04:29,2025-07,EUR,Euro,6.3692,6.3716
2025-07-04,12:11:31,2025-07,EUR,Euro,6.3675,6.3693
2025-07-04,11:11:30,2025-07,EUR,Euro,6.3674,6.3692
2025-07-04,10:07:30,2025-07,EUR,Euro,6.3687,6.3705
2025-07-04,10:07:30,2025-07,GBP,Libra,7.3804,7.3817
2025-07-04,12:11:31,2025-07,AUD,Dólar Australiano,3.5408,3.5418
2025-07-04,13:04:29,2025-07,AUD,Dólar Australiano,3.5414,3.544
2025-07-04,11:11:30,2025-07,GBP,Libra,7.3772,7.3807
2025-07-04,11:11:30,2025-07,USD,Dólar,5.4057,5.4063
2025-07-04,13:04:29,2025-07,GBP,Libra,7.3776,7.3817
2025-07-04,13:04:29,2025-07,GBP,Libra,7.3773,7.3814
2025-07-04,13:04:29,2025-07,USD,Dólar,5.4084,5.409
2025-07-04,12:11:31,2025-07,USD,Dólar,5.4067,5.4073
2025-07-04,13:04:29,2025-07,USD,Dólar,5.4082,5.4088
2025-07-04,10:07:30,2025-07,USD,Dólar,5.4128,5.4134
2025-07-04,12:11:31,2025-07,GBP,Libra,7.3758,7.3772
2025-07-03,10:04:26,2025-07,GBP,Libra,7.3964,7.3983
2025-07-03,11:10:26,2025-07,AUD,Dólar Australiano,3.555,3.5559
2025-07-03,12:06:26,2025-07,AUD,Dólar Australiano,3.5544,3.5559
2025-07-03,11:10:26,2025-07,GBP,Libra,7.3914,7.3939
2025-07-03,12:06:26,2025-07,GBP,Libra,7.3904,7.3939
2025-07-03,13:06:25,2025-07,GBP,Libra,7.3984,7.4003
2025-07-03,13:06:25,2025-07,GBP,Libra,7.3997,7.4016
2025-07-03,10:04:26,2025-07,AUD,Dólar Australiano,3.5553,3.5573
2025-07-03,10:04:26,2025-07,USD,Dólar,5.4329,5.4335
2025-07-03,10:04:26,2025-07,EUR,Euro,6.3766,6.3778
2025-07-03,11:10:26,2025-07,EUR,Euro,6.3713,6.3736
2025-07-03,12:06:26,2025-07,EUR,Euro,6.3661,6.3674
2025-07-03,13:06:25,2025-07,EUR,Euro,6.3715,6.3727
2025-07-03,13:06:25,2025-07,EUR,Euro,6.3725,6.3738
2025-07-03,11:10:26,2025-07,USD,Dólar,5.4118,5.4124
2025-07-03,13:06:25,2025-07,AUD,Dólar Australiano,3.5622,3.5642
2025-07-03,13:06:25,2025-07,USD,Dólar,5.4193,5.4199
2025-07-03,13:06:25,2025-07,USD,Dólar,5.4202,5.4208
2025-07-03,12:06:26,2025-07,USD,Dólar,5.4166,5.4172
2025-07-03,13:06:25,2025-07,AUD,Dólar Australiano,3.5616,3.5636
2025-07-02,12:05:26,2025-07,AUD,Dólar Australiano,3.573,3.5745
2025-07-02,13:04:38,2025-07,AUD,Dólar Australiano,3.5805,3.5825
2025-07-02,13:04:38,2025-07,EUR,Euro,6.4257,6.427
2025-07-02,10:06:26,2025-07,USD,Dólar,5.4614,5.462
2025-07-02,10:06:26,2025-07,GBP,Libra,7.4313,7.4327
2025-07-02,11:04:25,2025-07,GBP,Libra,7.4238,7.4273
2025-07-02,10:06:26,2025-07,EUR,Euro,6.4204,6.4217
2025-07-02,11:04:25,2025-07,EUR,Euro,6.427,6.4282
2025-07-02,12:05:26,2025-07,EUR,Euro,6.4071,6.4084
2025-07-02,13:04:38,2025-07,EUR,Euro,6.4023,6.4035
2025-07-02,11:04:25,2025-07,USD,Dólar,5.4651,5.4657
2025-07-02,13:04:38,2025-07,AUD,Dólar Australiano,3.5674,3.5695
2025-07-02,12:05:26,2025-07,USD,Dólar,5.445,5.4456
2025-07-02,13:04:38,2025-07,USD,Dólar,5.4307,5.4313
2025-07-02,13:04:38,2025-07,USD,Dólar,5.4506,5.4512
2025-07-02,13:04:38,2025-07,GBP,Libra,7.3961,7.3991
2025-07-02,10:06:26,2025-07,AUD,Dólar Australiano,3.5772,3.5787
2025-07-02,11:04:25,2025-07,AUD,Dólar Australiano,3.5791,3.5811
2025-07-02,12:05:26,2025-07,GBP,Libra,7.4014,7.4044
2025-07-02,13:04:38,2025-07,GBP,Libra,7.4232,7.4262
2025-07-01,13:07:32,2025-07,USD,Dólar,5.4505,5.4511
2025-07-01,13:07:32,2025-07,USD,Dólar,5.461,5.4616
2025-07-01,10:11:26,2025-07,USD,Dólar,5.434,5.4346
2025-07-01,11:08:26,2025-07,USD,Dólar,5.4505,5.4511
2025-07-01,12:07:40,2025-07,USD,Dólar,5.4563,5.4569
2025-07-01,10:11:26,2025-07,AUD,Dólar Australiano,3.5718,3.5727
2025-07-01,11:08:26,2025-07,EUR,Euro,6.4327,6.4345
2025-07-01,13:07:32,2025-07,EUR,Euro,6.418,6.4192
2025-07-01,12:07:40,2025-07,GBP,Libra,7.4839,7.4869
2025-07-01,11:08:26,2025-07,GBP,Libra,7.4868,7.4893
2025-07-01,10:11:26,2025-07,GBP,Libra,7.4663,7.4693
2025-07-01,10:11:26,2025-07,EUR,Euro,6.4138,6.4155
2025-07-01,13:07:32,2025-07,GBP,Libra,7.4792,7.4822
2025-07-01,12:07:40,2025-07,EUR,Euro,6.4264,6.4282
2025-07-01,13:07:32,2025-07,EUR,Euro,6.4303,6.4316
2025-07-01,13:07:32,2025-07,GBP,Libra,7.4936,7.4966
2025-07-01,13:07:32,2025-07,AUD,Dólar Australiano,3.5804,3.5825
2025-07-01,13:07:32,2025-07,AUD,Dólar Australiano,3.5873,3.5894
2025-07-01,12:07:40,2025-07,AUD,Dólar Australiano,3.5853,3.5868
2025-07-01,11:08:26,2025-07,AUD,Dólar Australiano,3.5821,3.5852
2025-06-30,10:09:27,2025-06,AUD,Dólar Australiano,3.5696,3.5711
2025-06-30,13:06:30,2025-06,EUR,Euro,6.3919,6.3931
2025-06-30,11:05:26,2025-06,AUD,Dólar Australiano,3.581,3.5825
2025-06-30,12:02:27,2025-06,AUD,Dólar Australiano,3.5748,3.5763
2025-06-30,13:06:30,2025-06,AUD,Dólar Australiano,3.5688,3.5713
2025-06-30,13:06:30,2025-06,AUD,Dólar Australiano,3.5855,3.588
2025-06-30,13:06:30,2025-06,EUR,Euro,6.4218,6.423
2025-06-30,10:09:27,2025-06,EUR,Euro,6.4014,6.4032
2025-06-30,12:02:27,2025-06,EUR,Euro,6.4037,6.4055
2025-06-30,13:06:30,2025-06,USD,Dólar,5.4311,5.4317
2025-06-30,11:05:26,2025-06,GBP,Libra,7.4894,7.4929
2025-06-30,12:02:27,2025-06,GBP,Libra,7.4758,7.4788
2025-06-30,13:06:30,2025-06,GBP,Libra,7.4493,7.4545
2025-06-30,13:06:30,2025-06,GBP,Libra,7.4841,7.4893
2025-06-30,13:06:30,2025-06,USD,Dólar,5.4565,5.4571
2025-06-30,11:05:26,2025-06,EUR,Euro,6.4145,6.4168
2025-06-30,12:02:27,2025-06,USD,Dólar,5.456,5.4566
2025-06-30,11:05:26,2025-06,USD,Dólar,5.4731,5.4737
2025-06-30,10:09:27,2025-06,GBP,Libra,7.4831,7.4861
2025-06-30,10:09:27,2025-06,USD,Dólar,5.4657,5.4663
2025-06-27,13:07:41,2025-06,USD,Dólar,5.4753,5.4759
2025-06-27,11:10:27,2025-06,EUR,Euro,6.4394,6.4412
2025-06-27,12:10:28,2025-06,GBP,Libra,7.5084,7.5114
2025-06-27,11:10:27,2025-06,GBP,Libra,7.5309,7.5367
2025-06-27,10:06:00,2025-06,GBP,Libra,7.5174,7.5188
2025-06-27,13:07:41,2025-06,USD,Dólar,5.4645,5.4651
2025-06-27,10:06:00,2025-06,AUD,Dólar Australiano,3.5806,3.5816
2025-06-27,11:10:27,2025-06,AUD,Dólar Australiano,3.5843,3.5852
2025-06-27,13:07:41,2025-06,GBP,Libra,7.5088,7.5124
2025-06-27,10:06:00,2025-06,EUR,Euro,6.426,6.4283
2025-06-27,12:10:28,2025-06,EUR,Euro,6.4155,6.4173
2025-06-27,13:07:41,2025-06,EUR,Euro,6.406,6.4073
2025-06-27,13:07:41,2025-06,EUR,Euro,6.4187,6.4199
2025-06-27,12:10:28,2025-06,AUD,Dólar Australiano,3.5732,3.5753
2025-06-27,13:07:41,2025-06,AUD,Dólar Australiano,3.5765,3.578
2025-06-27,13:07:41,2025-06,AUD,Dólar Australiano,3.5694,3.5709
2025-06-27,10:06:00,2025-06,USD,Dólar,5.4708,5.4714
2025-06-27,11:10:27,2025-06,USD,Dólar,5.4906,5.4912
2025-06-27,12:10:28,2025-06,USD,Dólar,5.4754,5.476
2025-06-27,13:07:41,2025-06,GBP,Libra,7.494,7.4976
2025-06-26,10:09:26,2025-06,USD,Dólar,5.5325,5.5331
2025-06-26,11:02:27,2025-06,USD,Dólar,5.5147,5.5153
2025-06-26,12:06:26,2025-06,USD,Dólar,5.5017,5.5023
2025-06-26,10:09:26,2025-06,EUR,Euro,6.478,6.4793
2025-06-26,10:09:26,2025-06,GBP,Libra,7.59,7.5931
2025-06-26,13:04:42,2025-06,GBP,Libra,7.5822,7.5857
2025-06-26,13:04:42,2025-06,GBP,Libra,7.5724,7.576
2025-06-26,11:02:27,2025-06,GBP,Libra,7.5766,7.5797
2025-06-26,12:06:26,2025-06,EUR,Euro,6.4414,6.4426
2025-06-26,13:04:42,2025-06,EUR,Euro,6.4518,6.453
2025-06-26,13:04:42,2025-06,EUR,Euro,6.4601,6.4613
2025-06-26,13:04:42,2025-06,USD,Dólar,5.5068,5.5074
2025-06-26,13:04:42,2025-06,USD,Dólar,5.5139,5.5145
2025-06-26,11:02:27,2025-06,EUR,Euro,6.461,6.4628
2025-06-26,12:06:26,2025-06,GBP,Libra,7.5538,7.5574
2025-06-26,13:04:42,2025-06,AUD,Dólar Australiano,3.6127,3.6148
2025-06-26,13:04:42,2025-06,AUD,Dólar Australiano,3.6081,3.6101
2025-06-26,12:06:26,2025-06,AUD,Dólar Australiano,3.602,3.6035
2025-06-26,11:02:27,2025-06,AUD,Dólar Australiano,3.6121,3.6136
2025-06-26,10:09:26,2025-06,AUD,Dólar Australiano,3.6188,3.6203
2025-06-25,11:06:26,2025-06,USD,Dólar,5.5438,5.5444
2025-06-25,10:03:28,2025-06,GBP,Libra,7.5144,7.5157
2025-06-25,11:06:26,2025-06,EUR,Euro,6.4319,6.4337
2025-06-25,12:03:26,2025-06,EUR,Euro,6.4468,6.448
2025-06-25,13:06:27,2025-06,EUR,Euro,6.4481,6.4493
2025-06-25,13:06:27,2025-06,EUR,Euro,6.4394,6.4406
2025-06-25,13:06:27,2025-06,USD,Dólar,5.5421,5.5427
2025-06-25,10:03:28,2025-06,USD,Dólar,5.5269,5.5275
2025-06-25,13:06:27,2025-06,USD,Dólar,5.5496,5.5502
2025-06-25,13:06:27,2025-06,GBP,Libra,7.5506,7.5525
2025-06-25,13:06:27,2025-06,GBP,Libra,7.5608,7.5627
2025-06-25,12:03:26,2025-06,GBP,Libra,7.5575,7.5605
2025-06-25,12:03:26,2025-06,USD,Dólar,5.548,5.5486
2025-06-25,10:03:28,2025-06,EUR,Euro,6.4068,6.4086
2025-06-25,11:06:26,2025-06,GBP,Libra,7.5451,7.5465
2025-06-25,10:03:28,2025-06,AUD,Dólar Australiano,3.5875,3.5885
2025-06-25,13:06:27,2025-06,AUD,Dólar Australiano,3.5968,3.5983
2025-06-25,13:06:27,2025-06,AUD,Dólar Australiano,3.6017,3.6032
2025-06-25,12:03:26,2025-06,AUD,Dólar Australiano,3.6023,3.6033
2025-06-25,11:06:26,2025-06,AUD,Dólar Australiano,3.5957,3.5972
2025-06-24,13:02:35,2025-06,GBP,Libra,7.4768,7.4804
2025-06-24,13:02:35,2025-06,GBP,Libra,7.4852,7.4888
2025-06-24,12:06:27,2025-06,GBP,Libra,7.4723,7.4759
2025-06-24,11:11:26,2025-06,GBP,Libra,7.4694,7.4724
2025-06-24,10:10:27,2025-06,GBP,Libra,7.4716,7.4735
2025-06-24,10:10:27,2025-06,USD,Dólar,5.4938,5.4944
2025-06-24,12:06:27,2025-06,USD,Dólar,5.4867,5.4873
2025-06-24,13:02:35,2025-06,USD,Dólar,5.4994,5.5
2025-06-24,13:02:35,2025-06,USD,Dólar,5.4932,5.4938
2025-06-24,11:11:26,2025-06,USD,Dólar,5.493,5.4936
2025-06-24,13:02:35,2025-06,AUD,Dólar Australiano,3.5684,3.5704
2025-06-24,13:02:35,2025-06,AUD,Dólar Australiano,3.5724,3.5745
2025-06-24,10:10:27,2025-06,EUR,Euro,6.3728,6.3746
2025-06-24,11:11:26,2025-06,EUR,Euro,6.3675,6.3693
2025-06-24,12:06:27,2025-06,EUR,Euro,6.3734,6.3751
2025-06-24,13:02:35,2025-06,EUR,Euro,6.3832,6.3844
2025-06-24,13:02:35,2025-06,EUR,Euro,6.376,6.3772
2025-06-24,10:10:27,2025-06,AUD,Dólar Australiano,3.5721,3.5741
2025-06-24,11:11:26,2025-06,AUD,Dólar Australiano,3.5644,3.5664
2025-06-24,12:06:27,2025-06,AUD,Dólar Australiano,3.5691,3.5711
2025-06-23,10:07:28,2025-06,GBP,Libra,7.3963,7.3976
2025-06-23,11:03:08,2025-06,GBP,Libra,7.4225,7.4255
2025-06-23,12:05:25,2025-06,GBP,Libra,7.4343,7.4373
2025-06-23,12:05:25,2025-06,USD,Dólar,5.5126,5.5132
2025-06-23,13:09:26,2025-06,GBP,Libra,7.4469,7.4482
2025-06-23,13:09:26,2025-06,AUD,Dólar Australiano,3.5448,3.5458
2025-06-23,13:09:26,2025-06,USD,Dólar,5.5181,5.5187
2025-06-23,13:09:26,2025-06,USD,Dólar,5.5207,5.5213
2025-06-23,10:07:28,2025-06,AUD,Dólar Australiano,3.5294,3.5309
2025-06-23,13:09:26,2025-06,AUD,Dólar Australiano,3.5432,3.5441
2025-06-23,12:05:25,2025-06,AUD,Dólar Australiano,3.5441,3.5461
2025-06-23,11:03:08,2025-06,AUD,Dólar Australiano,3.5407,3.5422
2025-06-23,13:09:26,2025-06,GBP,Libra,7.4434,7.4447
2025-06-23,11:03:08,2025-06,EUR,Euro,6.3531,6.3549
2025-06-23,13:09:26,2025-06,EUR,Euro,6.3692,6.371
2025-06-23,10:07:28,2025-06,USD,Dólar,5.5225,5.5231
2025-06-23,11:03:08,2025-06,USD,Dólar,5.5297,5.5303
2025-06-23,10:07:28,2025-06,EUR,Euro,6.3332,6.3344
2025-06-23,12:05:25,2025-06,EUR,Euro,6.356,6.3578
2025-06-23,13:09:26,2025-06,EUR,Euro,6.3662,6.368
2025-06-20,12:07:27,2025-06,EUR,Euro,6.3374,6.3392
2025-06-20,13:05:46,2025-06,EUR,Euro,6.3397,6.3415
2025-06-20,13:05:46,2025-06,EUR,Euro,6.3298,6.3316
2025-06-20,10:10:00,2025-06,AUD,Dólar Australiano,3.5597,3.5618
2025-06-20,11:16:12,2025-06,AUD,Dólar Australiano,3.5512,3.5521
2025-06-20,12:07:27,2025-06,AUD,Dólar Australiano,3.5582,3.5602
2025-06-20,13:05:46,2025-06,AUD,Dólar Australiano,3.551,3.553
2025-06-20,10:10:00,2025-06,EUR,Euro,6.3158,6.317
2025-06-20,13:05:46,2025-06,AUD,Dólar Australiano,3.5454,3.5475
2025-06-20,10:10:00,2025-06,GBP,Libra,7.4058,7.4094
2025-06-20,11:16:12,2025-06,GBP,Libra,7.3991,7.4005
2025-06-20,12:07:27,2025-06,GBP,Libra,7.4114,7.4128
2025-06-20,13:05:46,2025-06,GBP,Libra,7.4091,7.4126
2025-06-20,13:05:46,2025-06,GBP,Libra,7.3975,7.4011
2025-06-20,10:10:00,2025-06,USD,Dólar,5.4858,5.4864
2025-06-20,11:16:12,2025-06,USD,Dólar,5.4861,5.4867
2025-06-20,12:07:27,2025-06,USD,Dólar,5.5046,5.5052
2025-06-20,13:05:46,2025-06,USD,Dólar,5.5037,5.5043
2025-06-20,13:05:46,2025-06,USD,Dólar,5.4951,5.4957
2025-06-20,11:16:12,2025-06,EUR,Euro,6.3194,6.3207
2025-06-18,13:10:27,2025-06,AUD,Dólar Australiano,3.5761,3.5781
2025-06-18,13:10:27,2025-06,AUD,Dólar Australiano,3.5792,3.5812
2025-06-18,12:07:26,2025-06,AUD,Dólar Australiano,3.5716,3.5737
2025-06-18,11:06:26,2025-06,AUD,Dólar Australiano,3.5586,3.5607
2025-06-18,10:04:27,2025-06,AUD,Dólar Australiano,3.5723,3.5743
2025-06-18,11:06:26,2025-06,USD,Dólar,5.4765,5.4771
2025-06-18,13:10:27,2025-06,EUR,Euro,6.3208,6.3226
2025-06-18,12:07:26,2025-06,GBP,Libra,7.3752,7.3771
2025-06-18,12:07:26,2025-06,EUR,Euro,6.3087,6.3105
2025-06-18,11:06:26,2025-06,EUR,Euro,6.2909,6.2926
2025-06-18,10:04:27,2025-06,EUR,Euro,6.3249,6.3261
2025-06-18,10:04:27,2025-06,USD,Dólar,5.4975,5.4981
2025-06-18,12:07:26,2025-06,USD,Dólar,5.483,5.4836
2025-06-18,13:10:27,2025-06,USD,Dólar,5.4873,5.4879
2025-06-18,13:10:27,2025-06,USD,Dólar,5.4921,5.4927
2025-06-18,13:10:27,2025-06,GBP,Libra,7.3897,7.3928
2025-06-18,13:10:27,2025-06,EUR,Euro,6.3263,6.3281
2025-06-18,13:10:27,2025-06,GBP,Libra,7.3962,7.3992
2025-06-18,10:04:27,2025-06,GBP,Libra,7.3925,7.3938
2025-06-18,11:06:26,2025-06,GBP,Libra,7.3604,7.3618
2025-06-17,11:11:20,2025-06,EUR,Euro,6.3186,6.3199
2025-06-17,10:03:27,2025-06,EUR,Euro,6.3383,6.3396
2025-06-17,12:08:19,2025-06,EUR,Euro,6.3198,6.3211
2025-06-17,13:07:28,2025-06,EUR,Euro,6.3092,6.311
2025-06-17,13:07:28,2025-06,EUR,Euro,6.3163,6.3181
2025-06-17,10:03:27,2025-06,AUD,Dólar Australiano,3.5776,3.5797
2025-06-17,11:11:20,2025-06,AUD,Dólar Australiano,3.5721,3.5736
2025-06-17,13:07:28,2025-06,AUD,Dólar Australiano,3.5664,3.5685
2025-06-17,13:07:28,2025-06,AUD,Dólar Australiano,3.5625,3.5645
2025-06-17,13:07:28,2025-06,GBP,Libra,7.4001,7.4031
2025-06-17,13:07:28,2025-06,GBP,Libra,7.3919,7.3949
2025-06-17,12:08:19,2025-06,GBP,Libra,7.4077,7.4107
2025-06-17,11:11:20,2025-06,GBP,Libra,7.4033,7.4063
2025-06-17,10:03:27,2025-06,GBP,Libra,7.4323,7.4358
2025-06-17,13:07:28,2025-06,USD,Dólar,5.4767,5.4773
2025-06-17,13:07:28,2025-06,USD,Dólar,5.4706,5.4712
2025-06-17,12:08:19,2025-06,USD,Dólar,5.4831,5.4837
2025-06-17,11:11:20,2025-06,USD,Dólar,5.4669,5.4675
2025-06-17,10:03:27,2025-06,USD,Dólar,5.4863,5.4869
2025-06-17,12:08:19,2025-06,AUD,Dólar Australiano,3.5684,3.5693
2025-06-16,13:09:04,2025-06,USD,Dólar,5.5117,5.5123
2025-06-16,13:09:04,2025-06,USD,Dólar,5.5165,5.5171
2025-06-16,12:06:30,2025-06,USD,Dólar,5.507,5.5076
2025-06-16,12:06:30,2025-06,EUR,Euro,6.3832,6.3844
2025-06-16,13:09:04,2025-06,GBP,Libra,7.5002,7.5033
2025-06-16,10:02:34,2025-06,USD,Dólar,5.5198,5.5204
2025-06-16,11:05:31,2025-06,GBP,Libra,7.4896,7.4926
2025-06-16,13:09:04,2025-06,EUR,Euro,6.382,6.3838
2025-06-16,11:05:31,2025-06,EUR,Euro,6.3845,6.3857
2025-06-16,10:02:34,2025-06,EUR,Euro,6.3941,6.3954
2025-06-16,10:02:34,2025-06,AUD,Dólar Australiano,3.6022,3.6043
2025-06-16,11:05:31,2025-06,AUD,Dólar Australiano,3.5998,3.6018
2025-06-16,12:06:30,2025-06,AUD,Dólar Australiano,3.6005,3.6036
2025-06-16,13:09:04,2025-06,AUD,Dólar Australiano,3.6045,3.6065
2025-06-16,13:09:04,2025-06,AUD,Dólar Australiano,3.6013,3.6034
2025-06-16,13:09:04,2025-06,GBP,Libra,7.4937,7.4967
2025-06-16,13:09:04,2025-06,EUR,Euro,6.3876,6.3894
2025-06-16,12:06:30,2025-06,GBP,Libra,7.4862,7.4898
2025-06-16,11:05:31,2025-06,USD,Dólar,5.5034,5.504
2025-06-16,10:02:34,2025-06,GBP,Libra,7.4975,7.4989
2025-06-13,13:02:36,2025-06,USD,Dólar,5.5462,5.5468
2025-06-13,12:04:30,2025-06,USD,Dólar,5.553,5.5536
2025-06-13,10:06:30,2025-06,GBP,Libra,7.5624,7.5654
2025-06-13,11:11:30,2025-06,GBP,Libra,7.5434,7.5464
2025-06-13,13:02:36,2025-06,EUR,Euro,6.431,6.4323
2025-06-13,13:02:36,2025-06,EUR,Euro,6.4097,6.411
2025-06-13,12:04:30,2025-06,EUR,Euro,6.4098,6.4116
2025-06-13,11:11:30,2025-06,EUR,Euro,6.4203,6.4215
2025-06-13,10:06:30,2025-06,AUD,Dólar Australiano,3.62,3.6215
2025-06-13,11:11:30,2025-06,AUD,Dólar Australiano,3.6129,3.615
2025-06-13,12:04:30,2025-06,AUD,Dólar Australiano,3.6083,3.6093
2025-06-13,13:02:36,2025-06,AUD,Dólar Australiano,3.6106,3.6126
2025-06-13,13:02:36,2025-06,AUD,Dólar Australiano,3.6226,3.6246
2025-06-13,12:04:30,2025-06,GBP,Libra,7.5371,7.5407
2025-06-13,13:02:36,2025-06,GBP,Libra,7.5373,7.5409
2025-06-13,13:02:36,2025-06,GBP,Libra,7.5623,7.5659
2025-06-13,10:06:30,2025-06,USD,Dólar,5.5881,5.5887
2025-06-13,13:02:36,2025-06,USD,Dólar,5.5646,5.5652
2025-06-13,11:11:30,2025-06,USD,Dólar,5.5712,5.5718
2025-06-13,10:06:30,2025-06,EUR,Euro,6.4347,6.4365
2025-06-12,13:04:26,2025-06,EUR,Euro,6.42,6.4219
2025-06-12,12:07:32,2025-06,EUR,Euro,6.42,6.4213
2025-06-12,10:07:33,2025-06,EUR,Euro,6.4187,6.42
2025-06-12,11:02:31,2025-06,EUR,Euro,6.4113,6.4131
2025-06-12,13:04:26,2025-06,EUR,Euro,6.411,6.4128
2025-06-12,12:07:32,2025-06,GBP,Libra,7.5349,7.5384
2025-06-12,13:04:26,2025-06,USD,Dólar,5.546,5.5466
2025-06-12,10:07:33,2025-06,USD,Dólar,5.5291,5.5297
2025-06-12,13:04:26,2025-06,GBP,Libra,7.5248,7.5261
2025-06-12,13:04:26,2025-06,GBP,Libra,7.5354,7.5367
2025-06-12,11:02:31,2025-06,USD,Dólar,5.5341,5.5347
2025-06-12,11:02:31,2025-06,GBP,Libra,7.5236,7.5261
2025-06-12,10:07:33,2025-06,GBP,Libra,7.5246,7.527
2025-06-12,12:07:32,2025-06,USD,Dólar,5.5436,5.5442
2025-06-12,13:04:26,2025-06,USD,Dólar,5.5382,5.5388
2025-06-12,10:07:33,2025-06,AUD,Dólar Australiano,3.6077,3.6092
2025-06-12,11:02:31,2025-06,AUD,Dólar Australiano,3.6071,3.6092
2025-06-12,12:07:32,2025-06,AUD,Dólar Australiano,3.6178,3.6198
2025-06-12,13:04:26,2025-06,AUD,Dólar Australiano,3.6171,3.6192
2025-06-12,13:04:26,2025-06,AUD,Dólar Australiano,3.612,3.6141
2025-06-11,12:09:29,2025-06,USD,Dólar,5.5411,5.5417
2025-06-11,13:04:46,2025-06,AUD,Dólar Australiano,3.6105,3.6114
2025-06-11,13:04:46,2025-06,AUD,Dólar Australiano,3.6025,3.6034
2025-06-11,13:04:46,2025-06,USD,Dólar,5.5384,5.539
2025-06-11,13:04:46,2025-06,USD,Dólar,5.5261,5.5267
2025-06-11,10:02:34,2025-06,USD,Dólar,5.5534,5.554
2025-06-11,11:09:32,2025-06,USD,Dólar,5.5331,5.5337
2025-06-11,10:02:34,2025-06,AUD,Dólar Australiano,3.6253,3.6268
2025-06-11,13:04:46,2025-06,GBP,Libra,7.5073,7.5087
2025-06-11,13:04:46,2025-06,GBP,Libra,7.4906,7.492
2025-06-11,12:09:29,2025-06,GBP,Libra,7.5015,7.5029
2025-06-11,11:09:32,2025-06,GBP,Libra,7.4796,7.481
2025-06-11,10:02:34,2025-06,GBP,Libra,7.5065,7.5096
2025-06-11,12:09:29,2025-06,AUD,Dólar Australiano,3.6111,3.6126
2025-06-11,11:09:32,2025-06,AUD,Dólar Australiano,3.6059,3.6074
2025-06-11,13:04:46,2025-06,EUR,Euro,6.3631,6.3643
2025-06-11,13:04:46,2025-06,EUR,Euro,6.3489,6.3502
2025-06-11,12:09:29,2025-06,EUR,Euro,6.3612,6.363
2025-06-11,11:09:32,2025-06,EUR,Euro,6.3459,6.3477
2025-06-11,10:02:34,2025-06,EUR,Euro,6.3642,6.3654
2025-06-10,13:08:31,2025-06,AUD,Dólar Australiano,3.6219,3.6234
2025-06-10,10:03:27,2025-06,USD,Dólar,5.551,5.5516
2025-06-10,11:10:27,2025-06,GBP,Libra,7.5069,7.5093
2025-06-10,12:11:26,2025-06,GBP,Libra,7.5092,7.5127
2025-06-10,13:08:31,2025-06,GBP,Libra,7.5143,7.5174
2025-06-10,13:08:31,2025-06,GBP,Libra,7.5022,7.5052
2025-06-10,10:03:27,2025-06,EUR,Euro,6.3448,6.346
2025-06-10,11:10:27,2025-06,EUR,Euro,6.3479,6.3497
2025-06-10,12:11:26,2025-06,EUR,Euro,6.3488,6.3506
2025-06-10,13:08:31,2025-06,EUR,Euro,6.3553,6.3571
2025-06-10,13:08:31,2025-06,EUR,Euro,6.345,6.3468
2025-06-10,11:10:27,2025-06,USD,Dólar,5.5479,5.5485
2025-06-10,13:08:31,2025-06,USD,Dólar,5.5551,5.5557
2025-06-10,13:08:31,2025-06,USD,Dólar,5.5641,5.5647
2025-06-10,12:11:26,2025-06,USD,Dólar,5.5574,5.558
2025-06-10,10:03:27,2025-06,AUD,Dólar Australiano,3.6165,3.618
2025-06-10,11:10:27,2025-06,AUD,Dólar Australiano,3.6228,3.6248
2025-06-10,12:11:26,2025-06,AUD,Dólar Australiano,3.6256,3.6277
2025-06-10,13:08:31,2025-06,AUD,Dólar Australiano,3.6278,3.6293
2025-06-10,10:03:27,2025-06,GBP,Libra,7.4961,7.4985
2025-06-09,12:05:27,2025-06,GBP,Libra,7.5593,7.5623
2025-06-09,13:04:44,2025-06,GBP,Libra,7.5588,7.5618
2025-06-09,13:04:44,2025-06,GBP,Libra,7.5608,7.5638
2025-06-09,13:04:44,2025-06,EUR,Euro,6.3693,6.3706
2025-06-09,13:04:44,2025-06,EUR,Euro,6.3676,6.3689
2025-06-09,12:05:27,2025-06,EUR,Euro,6.367,6.3688
2025-06-09,11:04:27,2025-06,EUR,Euro,6.3604,6.3622
2025-06-09,10:04:29,2025-06,EUR,Euro,6.3458,6.3471
2025-06-09,11:04:27,2025-06,GBP,Libra,7.5509,7.5528
2025-06-09,10:04:29,2025-06,GBP,Libra,7.5349,7.5374
2025-06-09,10:04:29,2025-06,AUD,Dólar Australiano,3.6247,3.6267
2025-06-09,10:04:29,2025-06,USD,Dólar,5.567,5.5676
2025-06-09,11:04:27,2025-06,USD,Dólar,5.5788,5.5794
2025-06-09,13:04:44,2025-06,USD,Dólar,5.5739,5.5745
2025-06-09,13:04:44,2025-06,USD,Dólar,5.5754,5.576
2025-06-09,12:05:27,2025-06,USD,Dólar,5.5817,5.5823
2025-06-09,11:04:27,2025-06,AUD,Dólar Australiano,3.6312,3.6322
2025-06-09,12:05:27,2025-06,AUD,Dólar Australiano,3.6382,3.6397
2025-06-09,13:04:44,2025-06,AUD,Dólar Australiano,3.637,3.6379
2025-06-09,13:04:44,2025-06,AUD,Dólar Australiano,3.6379,3.6389
2025-06-06,13:08:48,2025-06,EUR,Euro,6.3731,6.3749
2025-06-06,13:08:48,2025-06,USD,Dólar,5.5941,5.5947
2025-06-06,13:08:48,2025-06,USD,Dólar,5.5929,5.5935
2025-06-06,12:04:27,2025-06,USD,Dólar,5.6111,5.6117
2025-06-06,11:09:26,2025-06,USD,Dólar,5.5906,5.5912
2025-06-06,10:03:27,2025-06,USD,Dólar,5.5818,5.5824
2025-06-06,13:08:48,2025-06,EUR,Euro,6.3745,6.3763
2025-06-06,10:03:27,2025-06,EUR,Euro,6.3605,6.3623
2025-06-06,12:04:27,2025-06,EUR,Euro,6.3905,6.3917
2025-06-06,10:03:27,2025-06,GBP,Libra,7.555,7.5563
2025-06-06,10:03:27,2025-06,AUD,Dólar Australiano,3.6226,3.6247
2025-06-06,11:09:26,2025-06,AUD,Dólar Australiano,3.6277,3.6298
2025-06-06,12:04:27,2025-06,AUD,Dólar Australiano,3.6388,3.6409
2025-06-06,13:08:48,2025-06,AUD,Dólar Australiano,3.632,3.6341
2025-06-06,11:09:26,2025-06,EUR,Euro,6.3677,6.3695
2025-06-06,13:08:48,2025-06,GBP,Libra,7.5688,7.5702
2025-06-06,13:08:48,2025-06,GBP,Libra,7.5672,7.5686
2025-06-06,12:04:27,2025-06,GBP,Libra,7.5896,7.5909
2025-06-06,11:09:26,2025-06,GBP,Libra,7.5579,7.5599
2025-06-06,13:08:48,2025-06,AUD,Dólar Australiano,3.6328,3.6349
2025-06-05,13:07:30,2025-06,AUD,Dólar Australiano,3.6417,3.6437
2025-06-05,13:07:30,2025-06,EUR,Euro,6.4005,6.4023
2025-06-05,12:06:26,2025-06,EUR,Euro,6.4072,6.409
2025-06-05,11:07:26,2025-06,EUR,Euro,6.4322,6.4335
2025-06-05,10:07:27,2025-06,EUR,Euro,6.3984,6.4002
2025-06-05,13:07:30,2025-06,AUD,Dólar Australiano,3.6454,3.6475
2025-06-05,12:06:26,2025-06,AUD,Dólar Australiano,3.6482,3.6492
2025-06-05,11:07:26,2025-06,AUD,Dólar Australiano,3.656,3.658
2025-06-05,13:07:30,2025-06,GBP,Libra,7.5998,7.6028
2025-06-05,13:07:30,2025-06,GBP,Libra,7.5919,7.595
2025-06-05,12:06:26,2025-06,GBP,Libra,7.6002,7.6032
2025-06-05,11:07:26,2025-06,GBP,Libra,7.6206,7.6237
2025-06-05,10:07:27,2025-06,GBP,Libra,7.6016,7.6052
2025-06-05,10:07:27,2025-06,AUD,Dólar Australiano,3.6488,3.6503
2025-06-05,13:07:30,2025-06,EUR,Euro,6.3939,6.3957
2025-06-05,13:07:30,2025-06,USD,Dólar,5.5963,5.5969
2025-06-05,13:07:30,2025-06,USD,Dólar,5.5905,5.5911
2025-06-05,12:06:26,2025-06,USD,Dólar,5.5929,5.5935
2025-06-05,11:07:26,2025-06,USD,Dólar,5.603,5.6036
2025-06-05,10:07:27,2025-06,USD,Dólar,5.5989,5.5995
2025-06-04,13:11:29,2025-06,USD,Dólar,5.6326,5.6332
2025-06-04,13:11:29,2025-06,USD,Dólar,5.6382,5.6388
2025-06-04,12:04:26,2025-06,USD,Dólar,5.6305,5.6311
2025-06-04,11:05:49,2025-06,USD,Dólar,5.6345,5.6351
2025-06-04,12:04:26,2025-06,AUD,Dólar Australiano,3.6593,3.6613
2025-06-04,10:11:27,2025-06,USD,Dólar,5.6271,5.6277
2025-06-04,10:11:27,2025-06,AUD,Dólar Australiano,3.6526,3.6546
2025-06-04,11:05:49,2025-06,AUD,Dólar Australiano,3.6557,3.6583
2025-06-04,13:11:29,2025-06,AUD,Dólar Australiano,3.6595,3.6605
2025-06-04,10:11:27,2025-06,EUR,Euro,6.42,6.4212
2025-06-04,13:11:29,2025-06,EUR,Euro,6.4336,6.4354
2025-06-04,13:11:29,2025-06,GBP,Libra,7.6493,7.6507
2025-06-04,13:11:29,2025-06,EUR,Euro,6.44,6.4418
2025-06-04,10:11:27,2025-06,GBP,Libra,7.6202,7.6233
2025-06-04,11:05:49,2025-06,GBP,Libra,7.6347,7.6373
2025-06-04,12:04:26,2025-06,GBP,Libra,7.6434,7.6465
2025-06-04,13:11:29,2025-06,AUD,Dólar Australiano,3.6631,3.6641
2025-06-04,13:11:29,2025-06,GBP,Libra,7.6417,7.6431
2025-06-04,11:05:49,2025-06,EUR,Euro,6.4245,6.4263
2025-06-04,12:04:26,2025-06,EUR,Euro,6.4368,6.438
2025-06-03,10:03:26,2025-06,AUD,Dólar Australiano,3.6795,3.6816
2025-06-03,13:07:29,2025-06,USD,Dólar,5.6452,5.6458
2025-06-03,13:07:29,2025-06,EUR,Euro,6.4197,6.421
2025-06-03,12:04:27,2025-06,EUR,Euro,6.4285,6.4298
2025-06-03,13:07:29,2025-06,AUD,Dólar Australiano,3.662,3.6641
2025-06-03,13:07:29,2025-06,AUD,Dólar Australiano,3.6468,3.6489
2025-06-03,12:04:27,2025-06,AUD,Dólar Australiano,3.6497,3.6512
2025-06-03,10:03:26,2025-06,USD,Dólar,5.7038,5.7044
2025-06-03,11:07:27,2025-06,USD,Dólar,5.6826,5.6832
2025-06-03,11:07:27,2025-06,AUD,Dólar Australiano,3.6658,3.6679
2025-06-03,12:04:27,2025-06,USD,Dólar,5.6435,5.6441
2025-06-03,13:07:29,2025-06,USD,Dólar,5.6688,5.6694
2025-06-03,11:07:27,2025-06,EUR,Euro,6.4702,6.4737
2025-06-03,13:07:29,2025-06,EUR,Euro,6.4466,6.4478
2025-06-03,10:03:26,2025-06,GBP,Libra,7.7013,7.7044
2025-06-03,11:07:27,2025-06,GBP,Libra,7.6772,7.682
2025-06-03,12:04:27,2025-06,GBP,Libra,7.634,7.637
2025-06-03,13:07:29,2025-06,GBP,Libra,7.6323,7.6337
2025-06-03,13:07:29,2025-06,GBP,Libra,7.6642,7.6656
2025-06-03,10:03:26,2025-06,EUR,Euro,6.4915,6.4933
2025-06-02,13:09:05,2025-06,USD,Dólar,5.6931,5.6937
2025-06-02,13:09:05,2025-06,USD,Dólar,5.707,5.7076
2025-06-02,12:06:27,2025-06,USD,Dólar,5.6929,5.6935
2025-06-02,11:04:08,2025-06,USD,Dólar,5.6853,5.6859
2025-06-02,10:09:27,2025-06,USD,Dólar,5.6871,5.6877
2025-06-02,13:09:05,2025-06,GBP,Libra,7.7119,7.715
2025-06-02,12:06:27,2025-06,EUR,Euro,6.5081,6.5122
2025-06-02,10:09:27,2025-06,EUR,Euro,6.4935,6.4954
2025-06-02,13:09:05,2025-06,EUR,Euro,6.5231,6.5244
2025-06-02,13:09:05,2025-06,EUR,Euro,6.5072,6.5085
2025-06-02,13:09:05,2025-06,AUD,Dólar Australiano,3.696,3.6975
2025-06-02,13:09:05,2025-06,AUD,Dólar Australiano,3.705,3.7065
2025-06-02,12:06:27,2025-06,AUD,Dólar Australiano,3.6987,3.7002
2025-06-02,11:04:08,2025-06,AUD,Dólar Australiano,3.6829,3.685
2025-06-02,10:09:27,2025-06,AUD,Dólar Australiano,3.6887,3.6913
2025-06-02,11:04:08,2025-06,EUR,Euro,6.4943,6.4973
2025-06-02,13:09:05,2025-06,GBP,Libra,7.7307,7.7338
2025-06-02,12:06:27,2025-06,GBP,Libra,7.7133,7.7187
2025-06-02,11:04:08,2025-06,GBP,Libra,7.6911,7.6959
2025-06-02,10:09:27,2025-06,GBP,Libra,7.702,7.7034
2025-05-30,11:09:27,2025-05,AUD,Dólar Australiano,3.661,3.662
2025-05-30,10:10:28,2025-05,AUD,Dólar Australiano,3.6494,3.6515
2025-05-30,13:05:27,2025-05,AUD,Dólar Australiano,3.6714,3.673
2025-05-30,13:05:27,2025-05,GBP,Libra,7.6865,7.6879
2025-05-30,10:10:28,2025-05,GBP,Libra,7.6677,7.6714
2025-05-30,11:09:27,2025-05,GBP,Libra,7.6818,7.6844
2025-05-30,13:05:27,2025-05,GBP,Libra,7.6976,7.6989
2025-05-30,12:07:27,2025-05,AUD,Dólar Australiano,3.681,3.682
2025-05-30,13:05:27,2025-05,AUD,Dólar Australiano,3.6767,3.6783
2025-05-30,13:05:27,2025-05,EUR,Euro,6.4758,6.4777
2025-05-30,13:05:27,2025-05,USD,Dólar,5.7081,5.7087
2025-05-30,10:10:28,2025-05,USD,Dólar,5.6836,5.6842
2025-05-30,11:09:27,2025-05,USD,Dólar,5.7114,5.712
2025-05-30,13:05:27,2025-05,EUR,Euro,6.4851,6.487
2025-05-30,13:05:27,2025-05,USD,Dólar,5.7163,5.7169
2025-05-30,12:07:27,2025-05,USD,Dólar,5.7212,5.7218
2025-05-30,12:07:27,2025-05,GBP,Libra,7.7105,7.7147
2025-05-30,11:09:27,2025-05,EUR,Euro,6.463,6.4648
2025-05-30,10:10:28,2025-05,EUR,Euro,6.448,6.4499
2025-05-30,12:07:27,2025-05,EUR,Euro,6.4924,6.4948
2025-05-29,10:06:50,2025-05,USD,Dólar,5.6634,5.664
2025-05-29,11:05:26,2025-05,USD,Dólar,5.6622,5.6628
2025-05-29,12:04:26,2025-05,USD,Dólar,5.6437,5.6443
2025-05-29,13:05:33,2025-05,USD,Dólar,5.6518,5.6524
2025-05-29,13:05:33,2025-05,USD,Dólar,5.6553,5.6559
2025-05-29,12:04:26,2025-05,EUR,Euro,6.4056,6.4074
2025-05-29,11:05:26,2025-05,EUR,Euro,6.4277,6.429
2025-05-29,11:05:26,2025-05,AUD,Dólar Australiano,3.6442,3.6457
2025-05-29,12:04:26,2025-05,AUD,Dólar Australiano,3.6357,3.6372
2025-05-29,13:05:33,2025-05,AUD,Dólar Australiano,3.6426,3.6441
2025-05-29,13:05:33,2025-05,EUR,Euro,6.4295,6.4308
2025-05-29,13:05:33,2025-05,EUR,Euro,6.4255,6.4268
2025-05-29,10:06:50,2025-05,EUR,Euro,6.4263,6.4281
2025-05-29,10:06:50,2025-05,AUD,Dólar Australiano,3.6557,3.6572
2025-05-29,13:05:33,2025-05,AUD,Dólar Australiano,3.6403,3.6418
2025-05-29,13:05:33,2025-05,GBP,Libra,7.6279,7.6292
2025-05-29,12:04:26,2025-05,GBP,Libra,7.6094,7.6108
2025-05-29,11:05:26,2025-05,GBP,Libra,7.6394,7.6408
2025-05-29,10:06:50,2025-05,GBP,Libra,7.645,7.6487
2025-05-29,13:05:33,2025-05,GBP,Libra,7.6231,7.6245
2025-05-28,10:10:26,2025-05,GBP,Libra,7.6431,7.6461
2025-05-28,11:06:25,2025-05,AUD,Dólar Australiano,3.6466,3.6476
2025-05-28,12:09:28,2025-05,AUD,Dólar Australiano,3.66,3.662
2025-05-28,13:07:44,2025-05,AUD,Dólar Australiano,3.6642,3.6663
2025-05-28,13:07:44,2025-05,AUD,Dólar Australiano,3.6521,3.6542
2025-05-28,13:07:44,2025-05,GBP,Libra,7.6616,7.6647
2025-05-28,13:07:44,2025-05,GBP,Libra,7.6872,7.6903
2025-05-28,11:06:25,2025-05,USD,Dólar,5.6863,5.6869
2025-05-28,11:06:25,2025-05,GBP,Libra,7.6572,7.6614
2025-05-28,13:07:44,2025-05,USD,Dólar,5.712,5.7126
2025-05-28,12:09:28,2025-05,USD,Dólar,5.6982,5.6988
2025-05-28,10:10:26,2025-05,USD,Dólar,5.6754,5.676
2025-05-28,13:07:44,2025-05,USD,Dólar,5.693,5.6936
2025-05-28,13:07:44,2025-05,EUR,Euro,6.4246,6.4258
2025-05-28,13:07:44,2025-05,EUR,Euro,6.446,6.4472
2025-05-28,12:09:28,2025-05,EUR,Euro,6.4401,6.4414
2025-05-28,11:06:25,2025-05,EUR,Euro,6.4306,6.4325
2025-05-28,10:10:26,2025-05,EUR,Euro,6.4189,6.4201
2025-05-28,10:10:26,2025-05,AUD,Dólar Australiano,3.6436,3.6457
2025-05-28,12:09:28,2025-05,GBP,Libra,7.6749,7.678
2025-05-27,13:03:41,2025-05,AUD,Dólar Australiano,3.6379,3.6394
2025-05-27,12:11:25,2025-05,AUD,Dólar Australiano,3.641,3.6426
2025-05-27,13:03:41,2025-05,GBP,Libra,7.6325,7.6356
2025-05-27,11:03:25,2025-05,GBP,Libra,7.6593,7.6618
2025-05-27,10:10:26,2025-05,GBP,Libra,7.6617,7.6647
2025-05-27,10:10:26,2025-05,USD,Dólar,5.6502,5.6508
2025-05-27,11:03:25,2025-05,USD,Dólar,5.6576,5.6582
2025-05-27,12:11:25,2025-05,USD,Dólar,5.6529,5.6535
2025-05-27,13:03:41,2025-05,USD,Dólar,5.6525,5.6531
2025-05-27,13:03:41,2025-05,USD,Dólar,5.6533,5.6539
2025-05-27,12:11:25,2025-05,GBP,Libra,7.6422,7.6452
2025-05-27,13:03:41,2025-05,AUD,Dólar Australiano,3.6374,3.6389
2025-05-27,13:03:41,2025-05,GBP,Libra,7.6314,7.6345
2025-05-27,11:03:25,2025-05,AUD,Dólar Australiano,3.6458,3.6473
2025-05-27,10:10:26,2025-05,AUD,Dólar Australiano,3.6466,3.6482
2025-05-27,10:10:26,2025-05,EUR,Euro,6.422,6.4238
2025-05-27,11:03:25,2025-05,EUR,Euro,6.4242,6.4255
2025-05-27,12:11:25,2025-05,EUR,Euro,6.411,6.4122
2025-05-27,13:03:41,2025-05,EUR,Euro,6.402,6.4033
2025-05-27,13:03:41,2025-05,EUR,Euro,6.4029,6.4042
2025-05-26,10:09:27,2025-05,GBP,Libra,7.6696,7.6715
2025-05-26,13:06:30,2025-05,EUR,Euro,6.4531,6.4544
2025-05-26,13:06:30,2025-05,EUR,Euro,6.4426,6.4438
2025-05-26,11:02:25,2025-05,GBP,Libra,7.6723,7.6736
2025-05-26,12:09:26,2025-05,EUR,Euro,6.4445,6.4463
2025-05-26,13:06:30,2025-05,GBP,Libra,7.6893,7.6935
2025-05-26,13:06:30,2025-05,GBP,Libra,7.6767,7.6809
2025-05-26,12:09:26,2025-05,GBP,Libra,7.6769,7.6811
2025-05-26,10:09:27,2025-05,EUR,Euro,6.4361,6.4373
2025-05-26,11:02:25,2025-05,EUR,Euro,6.4365,6.4378
2025-05-26,10:09:27,2025-05,USD,Dólar,5.6581,5.6587
2025-05-26,11:02:25,2025-05,USD,Dólar,5.6555,5.6561
2025-05-26,12:09:26,2025-05,USD,Dólar,5.661,5.6616
2025-05-26,13:06:30,2025-05,USD,Dólar,5.6706,5.6712
2025-05-26,13:06:30,2025-05,USD,Dólar,5.6613,5.6619
2025-05-26,13:06:30,2025-05,AUD,Dólar Australiano,3.6759,3.678
2025-05-26,13:06:30,2025-05,AUD,Dólar Australiano,3.6819,3.684
2025-05-26,12:09:26,2025-05,AUD,Dólar Australiano,3.6791,3.6817
2025-05-26,11:02:25,2025-05,AUD,Dólar Australiano,3.6772,3.6799
2025-05-26,10:09:27,2025-05,AUD,Dólar Australiano,3.6783,3.681
2025-05-23,11:09:25,2025-05,USD,Dólar,5.6995,5.7001
2025-05-23,13:11:08,2025-05,EUR,Euro,6.46,6.4618
2025-05-23,13:11:08,2025-05,EUR,Euro,6.4477,6.4495
2025-05-23,12:09:26,2025-05,EUR,Euro,6.4427,6.4445
2025-05-23,10:07:25,2025-05,USD,Dólar,5.7096,5.7102
2025-05-23,10:07:25,2025-05,AUD,Dólar Australiano,3.6867,3.6894
2025-05-23,10:07:25,2025-05,GBP,Libra,7.7165,7.7208
2025-05-23,11:09:25,2025-05,GBP,Libra,7.6835,7.686
2025-05-23,12:09:26,2025-05,AUD,Dólar Australiano,3.6757,3.6778
2025-05-23,13:11:08,2025-05,AUD,Dólar Australiano,3.679,3.6799
2025-05-23,13:11:08,2025-05,AUD,Dólar Australiano,3.686,3.6869
2025-05-23,10:07:25,2025-05,EUR,Euro,6.4707,6.4725
2025-05-23,13:11:08,2025-05,USD,Dólar,5.6926,5.6932
2025-05-23,11:09:25,2025-05,AUD,Dólar Australiano,3.6756,3.6783
2025-05-23,13:11:08,2025-05,GBP,Libra,7.6879,7.6915
2025-05-23,13:11:08,2025-05,GBP,Libra,7.6733,7.6769
2025-05-23,12:09:26,2025-05,GBP,Libra,7.6638,7.668
2025-05-23,11:09:25,2025-05,EUR,Euro,6.4484,6.4497
2025-05-23,13:11:08,2025-05,USD,Dólar,5.6818,5.6824
2025-05-23,12:09:26,2025-05,USD,Dólar,5.6794,5.68
2025-05-22,11:07:27,2025-05,EUR,Euro,6.3649,6.3672
2025-05-22,11:07:27,2025-05,USD,Dólar,5.6421,5.6427
2025-05-22,12:09:26,2025-05,USD,Dólar,5.6356,5.6362
2025-05-22,13:06:27,2025-05,USD,Dólar,5.624,5.6246
2025-05-22,13:06:27,2025-05,USD,Dólar,5.6384,5.639
2025-05-22,10:03:27,2025-05,EUR,Euro,6.382,6.3838
2025-05-22,13:06:27,2025-05,EUR,Euro,6.3607,6.3619
2025-05-22,13:06:27,2025-05,EUR,Euro,6.3444,6.3457
2025-05-22,12:09:26,2025-05,EUR,Euro,6.3553,6.3565
2025-05-22,10:03:27,2025-05,USD,Dólar,5.6518,5.6524
2025-05-22,13:06:27,2025-05,GBP,Libra,7.5491,7.5522
2025-05-22,10:03:27,2025-05,AUD,Dólar Australiano,3.629,3.6311
2025-05-22,13:06:27,2025-05,AUD,Dólar Australiano,3.617,3.6191
2025-05-22,13:06:27,2025-05,AUD,Dólar Australiano,3.6078,3.6099
2025-05-22,12:09:26,2025-05,AUD,Dólar Australiano,3.6147,3.6162
2025-05-22,11:07:27,2025-05,AUD,Dólar Australiano,3.6172,3.6192
2025-05-22,13:06:27,2025-05,GBP,Libra,7.5684,7.5715
2025-05-22,12:09:26,2025-05,GBP,Libra,7.5641,7.5655
2025-05-22,11:07:27,2025-05,GBP,Libra,7.5694,7.5708
2025-05-22,10:03:27,2025-05,GBP,Libra,7.5802,7.5833
2025-05-21,12:07:28,2025-05,USD,Dólar,5.6498,5.6504
2025-05-21,10:11:26,2025-05,AUD,Dólar Australiano,3.6479,3.65
2025-05-21,11:08:25,2025-05,AUD,Dólar Australiano,3.6457,3.6478
2025-05-21,13:04:32,2025-05,GBP,Libra,7.6081,7.6095
2025-05-21,13:04:32,2025-05,AUD,Dólar Australiano,3.6583,3.6604
2025-05-21,13:04:32,2025-05,AUD,Dólar Australiano,3.6569,3.659
2025-05-21,11:08:25,2025-05,USD,Dólar,5.6567,5.6573
2025-05-21,10:11:26,2025-05,USD,Dólar,5.6609,5.6615
2025-05-21,13:04:32,2025-05,USD,Dólar,5.6565,5.6571
2025-05-21,13:04:32,2025-05,USD,Dólar,5.6587,5.6593
2025-05-21,12:07:28,2025-05,AUD,Dólar Australiano,3.6486,3.6502
2025-05-21,12:07:28,2025-05,GBP,Libra,7.5905,7.5919
2025-05-21,13:04:32,2025-05,GBP,Libra,7.6052,7.6065
2025-05-21,10:11:26,2025-05,EUR,Euro,6.4161,6.4179
2025-05-21,13:04:32,2025-05,EUR,Euro,6.4156,6.4168
2025-05-21,13:04:32,2025-05,EUR,Euro,6.4181,6.4193
2025-05-21,12:07:28,2025-05,EUR,Euro,6.4069,6.4081
2025-05-21,10:11:26,2025-05,GBP,Libra,7.5981,7.6011
2025-05-21,11:08:25,2025-05,GBP,Libra,7.5975,7.6006
2025-05-21,11:08:25,2025-05,EUR,Euro,6.4124,6.4142
2025-05-20,13:05:28,2025-05,USD,Dólar,5.6641,5.6647
2025-05-20,13:05:28,2025-05,USD,Dólar,5.6614,5.662
2025-05-20,10:11:26,2025-05,AUD,Dólar Australiano,3.6158,3.6179
2025-05-20,11:02:26,2025-05,AUD,Dólar Australiano,3.6244,3.6259
2025-05-20,12:10:26,2025-05,AUD,Dólar Australiano,3.6268,3.6289
2025-05-20,13:05:28,2025-05,AUD,Dólar Australiano,3.6267,3.6282
2025-05-20,13:05:28,2025-05,AUD,Dólar Australiano,3.625,3.6265
2025-05-20,12:10:26,2025-05,USD,Dólar,5.6651,5.6657
2025-05-20,11:02:26,2025-05,USD,Dólar,5.6631,5.6637
2025-05-20,13:05:28,2025-05,EUR,Euro,6.3732,6.3751
2025-05-20,12:10:26,2025-05,EUR,Euro,6.3834,6.3847
2025-05-20,11:02:26,2025-05,EUR,Euro,6.3682,6.3694
2025-05-20,10:11:26,2025-05,EUR,Euro,6.3502,6.352
2025-05-20,13:05:28,2025-05,GBP,Libra,7.5682,7.5695
2025-05-20,13:05:28,2025-05,GBP,Libra,7.5718,7.5731
2025-05-20,12:10:26,2025-05,GBP,Libra,7.5731,7.5762
2025-05-20,11:02:26,2025-05,GBP,Libra,7.5631,7.5661
2025-05-20,10:11:26,2025-05,GBP,Libra,7.5402,7.5433
2025-05-20,10:11:26,2025-05,USD,Dólar,5.6532,5.6538
2025-05-20,13:05:28,2025-05,EUR,Euro,6.3702,6.372
2025-05-19,10:05:30,2025-05,GBP,Libra,7.5968,7.5999
2025-05-19,11:11:28,2025-05,GBP,Libra,7.5717,7.5736
2025-05-19,13:09:28,2025-05,AUD,Dólar Australiano,3.6531,3.6552
2025-05-19,13:09:28,2025-05,AUD,Dólar Australiano,3.6412,3.6433
2025-05-19,12:07:26,2025-05,AUD,Dólar Australiano,3.6452,3.6461
2025-05-19,11:11:28,2025-05,AUD,Dólar Australiano,3.6507,3.6528
2025-05-19,13:09:28,2025-05,USD,Dólar,5.6585,5.6591
2025-05-19,13:09:28,2025-05,GBP,Libra,7.5558,7.5583
2025-05-19,13:09:28,2025-05,GBP,Libra,7.5311,7.5336
2025-05-19,12:07:26,2025-05,GBP,Libra,7.5461,7.5492
2025-05-19,10:05:30,2025-05,AUD,Dólar Australiano,3.6583,3.6604
2025-05-19,13:09:28,2025-05,USD,Dólar,5.64,5.6406
2025-05-19,13:09:28,2025-05,EUR,Euro,6.3365,6.3383
2025-05-19,12:07:26,2025-05,USD,Dólar,5.6462,5.6468
2025-05-19,10:05:30,2025-05,EUR,Euro,6.3961,6.3974
2025-05-19,11:11:28,2025-05,EUR,Euro,6.374,6.3753
2025-05-19,12:07:26,2025-05,EUR,Euro,6.3537,6.3555
2025-05-19,13:09:28,2025-05,EUR,Euro,6.3573,6.3591
2025-05-19,10:05:30,2025-05,USD,Dólar,5.6824,5.683
2025-05-19,11:11:28,2025-05,USD,Dólar,5.6653,5.6659
2025-05-16,12:06:26,2025-05,AUD,Dólar Australiano,3.6403,3.6419
2025-05-16,13:02:28,2025-05,AUD,Dólar Australiano,3.6291,3.6312
2025-05-16,13:02:28,2025-05,AUD,Dólar Australiano,3.6383,3.6404
2025-05-16,12:06:26,2025-05,GBP,Libra,7.5493,7.5524
2025-05-16,10:07:26,2025-05,GBP,Libra,7.5856,7.5887
2025-05-16,10:07:26,2025-05,EUR,Euro,6.3948,6.3961
2025-05-16,11:10:25,2025-05,EUR,Euro,6.3691,6.3709
2025-05-16,12:06:26,2025-05,EUR,Euro,6.3484,6.3496
2025-05-16,11:10:25,2025-05,AUD,Dólar Australiano,3.6489,3.6499
2025-05-16,13:02:28,2025-05,EUR,Euro,6.3248,6.3261
2025-05-16,11:10:25,2025-05,GBP,Libra,7.5606,7.5625
2025-05-16,13:02:28,2025-05,EUR,Euro,6.3408,6.342
2025-05-16,13:02:28,2025-05,GBP,Libra,7.5251,7.5282
2025-05-16,13:02:28,2025-05,GBP,Libra,7.544,7.5471
2025-05-16,10:07:26,2025-05,AUD,Dólar Australiano,3.6626,3.6647
2025-05-16,13:02:28,2025-05,USD,Dólar,5.6919,5.6925
2025-05-16,13:02:28,2025-05,USD,Dólar,5.6776,5.6782
2025-05-16,12:06:26,2025-05,USD,Dólar,5.6916,5.6922
2025-05-16,11:10:25,2025-05,USD,Dólar,5.6872,5.6878
2025-05-16,10:07:26,2025-05,USD,Dólar,5.7112,5.7118
2025-05-15,13:03:51,2025-05,AUD,Dólar Australiano,3.6052,3.6067
2025-05-15,13:03:51,2025-05,AUD,Dólar Australiano,3.6083,3.6098
2025-05-15,12:05:26,2025-05,AUD,Dólar Australiano,3.6107,3.6116
2025-05-15,10:11:25,2025-05,GBP,Libra,7.4839,7.4853
2025-05-15,11:11:25,2025-05,USD,Dólar,5.6261,5.6267
2025-05-15,13:03:51,2025-05,EUR,Euro,6.3013,6.3025
2025-05-15,13:03:51,2025-05,EUR,Euro,6.3068,6.308
2025-05-15,12:05:26,2025-05,EUR,Euro,6.3098,6.311
2025-05-15,11:11:25,2025-05,EUR,Euro,6.3012,6.303
2025-05-15,10:11:25,2025-05,AUD,Dólar Australiano,3.6089,3.6099
2025-05-15,11:11:25,2025-05,GBP,Libra,7.4788,7.4801
2025-05-15,12:05:26,2025-05,GBP,Libra,7.4893,7.4923
2025-05-15,13:03:51,2025-05,GBP,Libra,7.4917,7.4931
2025-05-15,13:03:51,2025-05,GBP,Libra,7.4852,7.4866
2025-05-15,10:11:25,2025-05,EUR,Euro,6.3055,6.3067
2025-05-15,10:11:25,2025-05,USD,Dólar,5.6249,5.6255
2025-05-15,13:03:51,2025-05,USD,Dólar,5.6322,5.6328
2025-05-15,13:03:51,2025-05,USD,Dólar,5.6371,5.6377
2025-05-15,11:11:25,2025-05,AUD,Dólar Australiano,3.6024,3.6056
2025-05-15,12:05:26,2025-05,USD,Dólar,5.6408,5.6414
2025-05-14,11:07:28,2025-05,EUR,Euro,6.2896,6.2914
2025-05-14,13:07:28,2025-05,EUR,Euro,6.2853,6.2866
2025-05-14,13:07:28,2025-05,GBP,Libra,7.467,7.4706
2025-05-14,12:08:26,2025-05,GBP,Libra,7.4776,7.479
2025-05-14,11:07:28,2025-05,GBP,Libra,7.4647,7.4671
2025-05-14,10:02:26,2025-05,GBP,Libra,7.4564,7.4578
2025-05-14,13:07:28,2025-05,EUR,Euro,6.2917,6.293
2025-05-14,12:08:26,2025-05,EUR,Euro,6.3013,6.3031
2025-05-14,10:02:26,2025-05,AUD,Dólar Australiano,3.6182,3.6203
2025-05-14,11:07:28,2025-05,AUD,Dólar Australiano,3.6205,3.6226
2025-05-14,12:08:26,2025-05,AUD,Dólar Australiano,3.6281,3.6302
2025-05-14,13:07:28,2025-05,AUD,Dólar Australiano,3.6189,3.6204
2025-05-14,13:07:28,2025-05,AUD,Dólar Australiano,3.6153,3.6168
2025-05-14,10:02:26,2025-05,EUR,Euro,6.2813,6.2831
2025-05-14,10:02:26,2025-05,USD,Dólar,5.5958,5.5964
2025-05-14,11:07:28,2025-05,USD,Dólar,5.6062,5.6068
2025-05-14,12:08:26,2025-05,USD,Dólar,5.6206,5.6212
2025-05-14,13:07:28,2025-05,USD,Dólar,5.6151,5.6157
2025-05-14,13:07:28,2025-05,USD,Dólar,5.6094,5.61
2025-05-14,13:07:28,2025-05,GBP,Libra,7.4594,7.463
2025-05-13,11:08:25,2025-05,AUD,Dólar Australiano,3.621,3.6231
2025-05-13,10:07:26,2025-05,AUD,Dólar Australiano,3.622,3.6241
2025-05-13,13:02:29,2025-05,AUD,Dólar Australiano,3.6398,3.6413
2025-05-13,12:10:26,2025-05,AUD,Dólar Australiano,3.6323,3.6344
2025-05-13,13:02:29,2025-05,AUD,Dólar Australiano,3.6255,3.627
2025-05-13,11:08:25,2025-05,EUR,Euro,6.2788,6.2806
2025-05-13,11:08:25,2025-05,USD,Dólar,5.6393,5.6399
2025-05-13,10:07:26,2025-05,USD,Dólar,5.6348,5.6354
2025-05-13,10:07:26,2025-05,EUR,Euro,6.2715,6.2728
2025-05-13,10:07:26,2025-05,GBP,Libra,7.461,7.4641
2025-05-13,12:10:26,2025-05,EUR,Euro,6.2775,6.2787
2025-05-13,13:02:29,2025-05,USD,Dólar,5.6256,5.6262
2025-05-13,13:02:29,2025-05,EUR,Euro,6.286,6.2878
2025-05-13,13:02:29,2025-05,USD,Dólar,5.6036,5.6042
2025-05-13,13:02:29,2025-05,GBP,Libra,7.4685,7.4699
2025-05-13,13:02:29,2025-05,GBP,Libra,7.4393,7.4407
2025-05-13,12:10:26,2025-05,GBP,Libra,7.4564,7.4594
2025-05-13,13:02:29,2025-05,EUR,Euro,6.2615,6.2633
2025-05-13,11:08:25,2025-05,GBP,Libra,7.458,7.461
2025-05-13,12:10:26,2025-05,USD,Dólar,5.6245,5.6251
2025-05-12,13:07:51,2025-05,GBP,Libra,7.5029,7.5043
2025-05-12,10:05:27,2025-05,EUR,Euro,6.3055,6.3073
2025-05-12,11:09:26,2025-05,EUR,Euro,6.3178,6.319
2025-05-12,10:05:27,2025-05,GBP,Libra,7.4856,7.4892
2025-05-12,12:06:26,2025-05,GBP,Libra,7.5003,7.504
2025-05-12,10:05:27,2025-05,USD,Dólar,5.6735,5.6741
2025-05-12,12:06:26,2025-05,EUR,Euro,6.3138,6.3151
2025-05-12,13:07:51,2025-05,EUR,Euro,6.3158,6.3176
2025-05-12,13:07:51,2025-05,EUR,Euro,6.3088,6.3107
2025-05-12,11:09:26,2025-05,GBP,Libra,7.5009,7.5023
2025-05-12,13:07:51,2025-05,GBP,Libra,7.4946,7.496
2025-05-12,11:09:26,2025-05,USD,Dólar,5.6825,5.6831
2025-05-12,12:06:26,2025-05,USD,Dólar,5.6825,5.6831
2025-05-12,10:05:27,2025-05,AUD,Dólar Australiano,3.6237,3.6257
2025-05-12,11:09:26,2025-05,AUD,Dólar Australiano,3.6288,3.6309
2025-05-12,12:06:26,2025-05,AUD,Dólar Australiano,3.622,3.6241
2025-05-12,13:07:51,2025-05,AUD,Dólar Australiano,3.6215,3.6224
2025-05-12,13:07:51,2025-05,USD,Dólar,5.6816,5.6822
2025-05-12,13:07:51,2025-05,USD,Dólar,5.6879,5.6885
2025-05-12,13:07:51,2025-05,AUD,Dólar Australiano,3.6175,3.6184
2025-05-09,13:08:28,2025-05,USD,Dólar,5.6478,5.6484
2025-05-09,12:03:25,2025-05,EUR,Euro,6.3604,6.3623
2025-05-09,10:02:26,2025-05,EUR,Euro,6.365,6.3663
2025-05-09,13:08:28,2025-05,EUR,Euro,6.3645,6.3657
2025-05-09,13:08:28,2025-05,EUR,Euro,6.3675,6.3688
2025-05-09,13:08:28,2025-05,USD,Dólar,5.6505,5.6511
2025-05-09,10:02:26,2025-05,USD,Dólar,5.6558,5.6564
2025-05-09,11:11:25,2025-05,USD,Dólar,5.6527,5.6533
2025-05-09,12:03:25,2025-05,USD,Dólar,5.6457,5.6463
2025-05-09,13:08:28,2025-05,AUD,Dólar Australiano,3.6293,3.6303
2025-05-09,13:08:28,2025-05,AUD,Dólar Australiano,3.6276,3.6285
2025-05-09,12:03:25,2025-05,AUD,Dólar Australiano,3.6245,3.6261
2025-05-09,11:11:25,2025-05,AUD,Dólar Australiano,3.6302,3.6322
2025-05-09,10:02:26,2025-05,AUD,Dólar Australiano,3.6242,3.6258
2025-05-09,11:11:25,2025-05,EUR,Euro,6.3638,6.3651
2025-05-09,13:08:28,2025-05,GBP,Libra,7.5231,7.5261
2025-05-09,13:08:28,2025-05,GBP,Libra,7.5195,7.5225
2025-05-09,12:03:25,2025-05,GBP,Libra,7.5099,7.513
2025-05-09,11:11:25,2025-05,GBP,Libra,7.5096,7.5127
2025-05-09,10:02:26,2025-05,GBP,Libra,7.512,7.5151
2025-05-08,13:06:28,2025-05,AUD,Dólar Australiano,3.644,3.645
2025-05-08,12:06:24,2025-05,AUD,Dólar Australiano,3.6392,3.6407
2025-05-08,13:06:28,2025-05,USD,Dólar,5.6814,5.682
2025-05-08,13:06:28,2025-05,USD,Dólar,5.6854,5.686
2025-05-08,13:06:28,2025-05,GBP,Libra,7.5519,7.5539
2025-05-08,13:06:28,2025-05,GBP,Libra,7.5466,7.5485
2025-05-08,10:03:24,2025-05,USD,Dólar,5.6966,5.6972
2025-05-08,12:06:24,2025-05,GBP,Libra,7.5549,7.5568
2025-05-08,11:06:25,2025-05,GBP,Libra,7.5837,7.5851
2025-05-08,10:03:24,2025-05,GBP,Libra,7.5901,7.5921
2025-05-08,10:03:24,2025-05,AUD,Dólar Australiano,3.6561,3.6576
2025-05-08,11:06:25,2025-05,AUD,Dólar Australiano,3.654,3.6555
2025-05-08,13:06:28,2025-05,AUD,Dólar Australiano,3.6466,3.6476
2025-05-08,11:06:25,2025-05,USD,Dólar,5.6871,5.6877
2025-05-08,13:06:28,2025-05,EUR,Euro,6.3944,6.3962
2025-05-08,12:06:24,2025-05,EUR,Euro,6.4014,6.4032
2025-05-08,11:06:25,2025-05,EUR,Euro,6.4298,6.4322
2025-05-08,10:03:24,2025-05,EUR,Euro,6.4372,6.439
2025-05-08,13:06:28,2025-05,EUR,Euro,6.3899,6.3917
2025-05-08,12:06:24,2025-05,USD,Dólar,5.6765,5.6771
2025-05-07,13:09:26,2025-05,GBP,Libra,7.6656,7.6676
2025-05-07,11:03:26,2025-05,GBP,Libra,7.6703,7.6734
2025-05-07,10:04:26,2025-05,GBP,Libra,7.6605,7.6642
2025-05-07,13:09:26,2025-05,GBP,Libra,7.654,7.6561
2025-05-07,10:04:26,2025-05,AUD,Dólar Australiano,3.7076,3.7091
2025-05-07,11:03:26,2025-05,AUD,Dólar Australiano,3.7158,3.7179
2025-05-07,12:08:23,2025-05,AUD,Dólar Australiano,3.7051,3.7072
2025-05-07,13:09:26,2025-05,AUD,Dólar Australiano,3.711,3.7131
2025-05-07,13:09:26,2025-05,AUD,Dólar Australiano,3.7054,3.7076
2025-05-07,10:04:26,2025-05,USD,Dólar,5.7322,5.7328
2025-05-07,11:03:26,2025-05,USD,Dólar,5.7404,5.741
2025-05-07,12:08:23,2025-05,USD,Dólar,5.7292,5.7299
2025-05-07,10:04:26,2025-05,EUR,Euro,6.5112,6.5125
2025-05-07,13:09:26,2025-05,EUR,Euro,6.509,6.5109
2025-05-07,13:09:26,2025-05,EUR,Euro,6.5188,6.5207
2025-05-07,12:08:23,2025-05,EUR,Euro,6.5124,6.5138
2025-05-07,13:09:26,2025-05,USD,Dólar,5.7455,5.7461
2025-05-07,11:03:26,2025-05,EUR,Euro,6.5245,6.5258
2025-05-07,13:09:26,2025-05,USD,Dólar,5.7368,5.7375
2025-05-07,12:08:23,2025-05,GBP,Libra,7.6576,7.6592
2025-05-06,10:10:27,2025-05,AUD,Dólar Australiano,3.6957,3.6972
2025-05-06,11:09:25,2025-05,AUD,Dólar Australiano,3.711,3.7131
2025-05-06,13:03:25,2025-05,USD,Dólar,5.7204,5.721
2025-05-06,13:03:25,2025-05,USD,Dólar,5.7244,5.725
2025-05-06,12:11:25,2025-05,USD,Dólar,5.7111,5.7117
2025-05-06,11:09:25,2025-05,USD,Dólar,5.7322,5.7328
2025-05-06,12:11:25,2025-05,AUD,Dólar Australiano,3.6997,3.7012
2025-05-06,13:03:25,2025-05,AUD,Dólar Australiano,3.7134,3.7144
2025-05-06,13:03:25,2025-05,AUD,Dólar Australiano,3.7108,3.7118
2025-05-06,13:03:25,2025-05,GBP,Libra,7.6465,7.6478
2025-05-06,13:03:25,2025-05,GBP,Libra,7.6518,7.6532
2025-05-06,12:11:25,2025-05,GBP,Libra,7.6357,7.6388
2025-05-06,11:09:25,2025-05,GBP,Libra,7.6737,7.6751
2025-05-06,10:10:27,2025-05,GBP,Libra,7.6519,7.6562
2025-05-06,10:10:27,2025-05,USD,Dólar,5.7138,5.7144
2025-05-06,10:10:27,2025-05,EUR,Euro,6.4789,6.4807
2025-05-06,11:09:25,2025-05,EUR,Euro,6.5083,6.5096
2025-05-06,12:11:25,2025-05,EUR,Euro,6.4764,6.4782
2025-05-06,13:03:25,2025-05,EUR,Euro,6.4938,6.495
2025-05-06,13:03:25,2025-05,EUR,Euro,6.4892,6.4905
2025-05-05,10:02:29,2025-05,EUR,Euro,6.402,6.4039
2025-05-05,12:03:29,2025-05,EUR,Euro,6.4112,6.4124
2025-05-05,13:09:28,2025-05,EUR,Euro,6.4116,6.4135
2025-05-05,13:09:28,2025-05,EUR,Euro,6.3934,6.3952
2025-05-05,11:07:27,2025-05,EUR,Euro,6.4113,6.4131
2025-05-05,12:03:29,2025-05,GBP,Libra,7.5229,7.5265
2025-05-05,13:09:28,2025-05,USD,Dólar,5.6675,5.6681
2025-05-05,10:02:29,2025-05,AUD,Dólar Australiano,3.655,3.6577
2025-05-05,13:09:28,2025-05,USD,Dólar,5.6514,5.652
2025-05-05,13:09:28,2025-05,GBP,Libra,7.5039,7.5092
2025-05-05,13:09:28,2025-05,AUD,Dólar Australiano,3.6559,3.658
2025-05-05,13:09:28,2025-05,AUD,Dólar Australiano,3.6663,3.6684
2025-05-05,12:03:29,2025-05,AUD,Dólar Australiano,3.6642,3.6657
2025-05-05,11:07:27,2025-05,AUD,Dólar Australiano,3.6571,3.6603
2025-05-05,10:02:29,2025-05,USD,Dólar,5.6361,5.6367
2025-05-05,11:07:27,2025-05,USD,Dólar,5.6472,5.6478
2025-05-05,10:02:29,2025-05,GBP,Libra,7.5124,7.5154
2025-05-05,11:07:27,2025-05,GBP,Libra,7.5153,7.5178
2025-05-05,12:03:29,2025-05,USD,Dólar,5.6546,5.6552
2025-05-05,13:09:28,2025-05,GBP,Libra,7.5253,7.5306
2025-05-02,10:07:25,2025-05,USD,Dólar,5.6412,5.6418
2025-05-02,13:10:27,2025-05,USD,Dólar,5.6388,5.6394
2025-05-02,13:10:27,2025-05,USD,Dólar,5.6472,5.6478
2025-05-02,12:04:26,2025-05,USD,Dólar,5.6327,5.6333
2025-05-02,11:05:26,2025-05,USD,Dólar,5.6342,5.6348
2025-05-02,11:05:26,2025-05,AUD,Dólar Australiano,3.6374,3.639
2025-05-02,13:10:27,2025-05,EUR,Euro,6.3882,6.3894
2025-05-02,13:10:27,2025-05,EUR,Euro,6.3977,6.399
2025-05-02,12:04:26,2025-05,EUR,Euro,6.4027,6.4045
2025-05-02,11:05:26,2025-05,EUR,Euro,6.4066,6.4085
2025-05-02,13:10:27,2025-05,AUD,Dólar Australiano,3.6342,3.6352
2025-05-02,13:10:27,2025-05,AUD,Dólar Australiano,3.6396,3.6406
2025-05-02,12:04:26,2025-05,AUD,Dólar Australiano,3.641,3.6431
2025-05-02,10:07:25,2025-05,EUR,Euro,6.3853,6.3865
2025-05-02,10:07:25,2025-05,AUD,Dólar Australiano,3.6352,3.6373
2025-05-02,13:10:27,2025-05,GBP,Libra,7.4878,7.4914
2025-05-02,13:10:27,2025-05,GBP,Libra,7.4989,7.5025
2025-05-02,12:04:26,2025-05,GBP,Libra,7.5022,7.5058
2025-05-02,11:05:26,2025-05,GBP,Libra,7.5025,7.5078
2025-05-02,10:07:25,2025-05,GBP,Libra,7.496,7.5002
2025-04-30,11:05:25,2025-04,EUR,Euro,6.4417,6.4429
2025-04-30,13:11:27,2025-04,USD,Dólar,5.6602,5.6608
2025-04-30,12:07:25,2025-04,GBP,Libra,7.5598,7.5629
2025-04-30,13:11:27,2025-04,GBP,Libra,7.5586,7.5606
2025-04-30,13:11:27,2025-04,GBP,Libra,7.5518,7.5538
2025-04-30,10:10:25,2025-04,USD,Dólar,5.6484,5.649
2025-04-30,11:05:25,2025-04,USD,Dólar,5.666,5.6666
2025-04-30,13:11:27,2025-04,USD,Dólar,5.6653,5.6659
2025-04-30,12:07:25,2025-04,USD,Dólar,5.6611,5.6617
2025-04-30,10:10:25,2025-04,EUR,Euro,6.4239,6.4257
2025-04-30,13:11:27,2025-04,EUR,Euro,6.4232,6.4256
2025-04-30,13:11:27,2025-04,EUR,Euro,6.429,6.4314
2025-04-30,12:07:25,2025-04,EUR,Euro,6.435,6.4368
2025-04-30,11:05:25,2025-04,GBP,Libra,7.5477,7.5502
2025-04-30,10:10:25,2025-04,GBP,Libra,7.5423,7.5437
2025-04-30,13:11:27,2025-04,AUD,Dólar Australiano,3.6208,3.6223
2025-04-30,10:10:25,2025-04,AUD,Dólar Australiano,3.5986,3.6007
2025-04-30,11:05:25,2025-04,AUD,Dólar Australiano,3.603,3.604
2025-04-30,12:07:25,2025-04,AUD,Dólar Australiano,3.6208,3.6229
2025-04-30,13:11:27,2025-04,AUD,Dólar Australiano,3.6241,3.6256
2025-04-29,10:09:25,2025-04,EUR,Euro,6.4565,6.4577
2025-04-29,13:05:29,2025-04,USD,Dólar,5.6338,5.6344
2025-04-29,12:10:52,2025-04,USD,Dólar,5.6424,5.643
2025-04-29,11:07:46,2025-04,USD,Dólar,5.6501,5.6508
2025-04-29,13:05:29,2025-04,EUR,Euro,6.4197,6.421
2025-04-29,12:10:52,2025-04,EUR,Euro,6.4222,6.424
2025-04-29,11:07:46,2025-04,EUR,Euro,6.4417,6.4436
2025-04-29,13:05:29,2025-04,USD,Dólar,5.6461,5.6467
2025-04-29,10:09:25,2025-04,GBP,Libra,7.5858,7.5894
2025-04-29,10:09:25,2025-04,AUD,Dólar Australiano,3.6268,3.6289
2025-04-29,13:05:29,2025-04,AUD,Dólar Australiano,3.6039,3.6054
2025-04-29,13:05:29,2025-04,AUD,Dólar Australiano,3.5961,3.5976
2025-04-29,12:10:52,2025-04,AUD,Dólar Australiano,3.5999,3.6014
2025-04-29,11:07:46,2025-04,AUD,Dólar Australiano,3.611,3.6131
2025-04-29,13:05:29,2025-04,EUR,Euro,6.4337,6.435
2025-04-29,11:07:46,2025-04,GBP,Libra,7.5751,7.5777
2025-04-29,10:09:25,2025-04,USD,Dólar,5.6581,5.6587
2025-04-29,13:05:29,2025-04,GBP,Libra,7.5624,7.5654
2025-04-29,12:10:52,2025-04,GBP,Libra,7.5535,7.5571
2025-04-29,13:05:29,2025-04,GBP,Libra,7.5459,7.549
2025-04-28,13:04:26,2025-04,GBP,Libra,7.5882,7.5936
2025-04-28,13:04:26,2025-04,GBP,Libra,7.6044,7.6098
2025-04-28,12:06:26,2025-04,GBP,Libra,7.5968,7.5999
2025-04-28,11:02:29,2025-04,GBP,Libra,7.5532,7.5545
2025-04-28,10:09:26,2025-04,GBP,Libra,7.5606,7.562
2025-04-28,13:04:26,2025-04,AUD,Dólar Australiano,3.6334,3.635
2025-04-28,13:04:26,2025-04,AUD,Dólar Australiano,3.6412,3.6427
2025-04-28,13:04:26,2025-04,USD,Dólar,5.6675,5.6681
2025-04-28,11:02:29,2025-04,AUD,Dólar Australiano,3.6203,3.6224
2025-04-28,10:09:26,2025-04,AUD,Dólar Australiano,3.6234,3.6249
2025-04-28,12:06:26,2025-04,AUD,Dólar Australiano,3.6433,3.6442
2025-04-28,10:09:26,2025-04,USD,Dólar,5.6668,5.6674
2025-04-28,11:02:29,2025-04,USD,Dólar,5.6506,5.6512
2025-04-28,13:04:26,2025-04,EUR,Euro,6.4668,6.468
2025-04-28,12:06:26,2025-04,USD,Dólar,5.6731,5.6737
2025-04-28,13:04:26,2025-04,USD,Dólar,5.6796,5.6802
2025-04-28,12:06:26,2025-04,EUR,Euro,6.4549,6.4561
2025-04-28,11:02:29,2025-04,EUR,Euro,6.4219,6.4232
2025-04-28,10:09:26,2025-04,EUR,Euro,6.4324,6.4336
2025-04-28,13:04:26,2025-04,EUR,Euro,6.453,6.4543
2025-04-25,10:04:24,2025-04,USD,Dólar,5.6854,5.686
2025-04-25,10:04:24,2025-04,EUR,Euro,6.4541,6.4553
2025-04-25,13:09:26,2025-04,GBP,Libra,7.5751,7.5781
2025-04-25,13:09:26,2025-04,GBP,Libra,7.5708,7.5739
2025-04-25,12:10:26,2025-04,GBP,Libra,7.5648,7.5678
2025-04-25,11:10:25,2025-04,GBP,Libra,7.5646,7.566
2025-04-25,10:04:24,2025-04,GBP,Libra,7.5735,7.5766
2025-04-25,13:09:26,2025-04,USD,Dólar,5.6808,5.6814
2025-04-25,12:10:26,2025-04,USD,Dólar,5.6848,5.6854
2025-04-25,11:10:25,2025-04,USD,Dólar,5.6851,5.6857
2025-04-25,13:09:26,2025-04,USD,Dólar,5.684,5.6846
2025-04-25,13:09:26,2025-04,EUR,Euro,6.4684,6.4696
2025-04-25,13:09:26,2025-04,EUR,Euro,6.4648,6.466
2025-04-25,11:10:25,2025-04,EUR,Euro,6.4532,6.4572
2025-04-25,13:09:26,2025-04,AUD,Dólar Australiano,3.6338,3.6359
2025-04-25,13:09:26,2025-04,AUD,Dólar Australiano,3.6317,3.6338
2025-04-25,12:10:26,2025-04,AUD,Dólar Australiano,3.632,3.6341
2025-04-25,11:10:25,2025-04,AUD,Dólar Australiano,3.6288,3.632
2025-04-25,10:04:24,2025-04,AUD,Dólar Australiano,3.6273,3.6288
2025-04-25,12:10:26,2025-04,EUR,Euro,6.4625,6.4637
2025-04-24,13:04:29,2025-04,USD,Dólar,5.6693,5.6699
2025-04-24,13:04:29,2025-04,USD,Dólar,5.6732,5.6738
2025-04-24,10:05:27,2025-04,AUD,Dólar Australiano,3.6201,3.6216
2025-04-24,12:06:25,2025-04,USD,Dólar,5.6708,5.6714
2025-04-24,11:11:26,2025-04,USD,Dólar,5.6787,5.6793
2025-04-24,10:05:27,2025-04,USD,Dólar,5.6741,5.6747
2025-04-24,13:04:29,2025-04,EUR,Euro,6.4459,6.4477
2025-04-24,13:04:29,2025-04,GBP,Libra,7.5488,7.5501
2025-04-24,13:04:29,2025-04,GBP,Libra,7.5436,7.5449
2025-04-24,13:04:29,2025-04,EUR,Euro,6.4415,6.4433
2025-04-24,11:11:26,2025-04,GBP,Libra,7.5595,7.5626
2025-04-24,10:05:27,2025-04,GBP,Libra,7.5471,7.5485
2025-04-24,13:04:29,2025-04,AUD,Dólar Australiano,3.6269,3.6295
2025-04-24,13:04:29,2025-04,AUD,Dólar Australiano,3.6244,3.627
2025-04-24,12:06:25,2025-04,AUD,Dólar Australiano,3.6293,3.6303
2025-04-24,11:11:26,2025-04,AUD,Dólar Australiano,3.6258,3.6279
2025-04-24,10:05:27,2025-04,EUR,Euro,6.4549,6.4561
2025-04-24,11:11:26,2025-04,EUR,Euro,6.4601,6.4619
2025-04-24,12:06:25,2025-04,EUR,Euro,6.4488,6.4507
2025-04-24,12:06:25,2025-04,GBP,Libra,7.5495,7.5526
2025-04-23,13:06:30,2025-04,USD,Dólar,5.6874,5.688
2025-04-23,13:06:30,2025-04,USD,Dólar,5.6971,5.6977
2025-04-23,13:06:30,2025-04,USD,Dólar,5.6874,5.688
2025-04-23,11:03:25,2025-04,USD,Dólar,5.6799,5.6805
2025-04-23,10:05:41,2025-04,EUR,Euro,6.4799,6.4817
2025-04-23,12:05:24,2025-04,EUR,Euro,6.4599,6.4617
2025-04-23,13:06:30,2025-04,EUR,Euro,6.4541,6.4559
2025-04-23,13:06:30,2025-04,EUR,Euro,6.4651,6.4669
2025-04-23,13:06:30,2025-04,EUR,Euro,6.4541,6.4559
2025-04-23,12:05:24,2025-04,USD,Dólar,5.6905,5.6911
2025-04-23,10:05:41,2025-04,USD,Dólar,5.6821,5.6827
2025-04-23,13:06:30,2025-04,GBP,Libra,7.5498,7.5534
2025-04-23,13:06:30,2025-04,GBP,Libra,7.5369,7.5406
2025-04-23,12:05:24,2025-04,GBP,Libra,7.5519,7.5561
2025-04-23,11:03:25,2025-04,GBP,Libra,7.5446,7.5471
2025-04-23,10:05:41,2025-04,GBP,Libra,7.5578,7.5614
2025-04-23,13:06:30,2025-04,AUD,Dólar Australiano,3.624,3.6261
2025-04-23,13:06:30,2025-04,AUD,Dólar Australiano,3.6302,3.6323
2025-04-23,13:06:30,2025-04,AUD,Dólar Australiano,3.624,3.6261
2025-04-23,12:05:24,2025-04,AUD,Dólar Australiano,3.647,3.648
2025-04-23,11:03:25,2025-04,AUD,Dólar Australiano,3.6431,3.644
2025-04-23,10:05:41,2025-04,AUD,Dólar Australiano,3.6456,3.6477
2025-04-23,11:03:25,2025-04,EUR,Euro,6.437,6.4388
2025-04-23,13:06:30,2025-04,GBP,Libra,7.5369,7.5406
2025-04-22,12:05:26,2025-04,AUD,Dólar Australiano,3.6705,3.6727
2025-04-22,13:09:35,2025-04,GBP,Libra,7.6667,7.6703
2025-04-22,12:05:26,2025-04,USD,Dólar,5.746,5.7466
2025-04-22,13:09:35,2025-04,USD,Dólar,5.7338,5.7344
2025-04-22,13:09:35,2025-04,USD,Dólar,5.749,5.7496
2025-04-22,13:09:35,2025-04,AUD,Dólar Australiano,3.6725,3.6746
2025-04-22,13:09:35,2025-04,AUD,Dólar Australiano,3.6628,3.6649
2025-04-22,13:09:35,2025-04,GBP,Libra,7.687,7.6907
2025-04-22,11:11:25,2025-04,AUD,Dólar Australiano,3.6727,3.6737
2025-04-22,10:09:12,2025-04,AUD,Dólar Australiano,3.6837,3.6852
2025-04-22,12:05:26,2025-04,GBP,Libra,7.687,7.6901
2025-04-22,10:09:12,2025-04,USD,Dólar,5.7648,5.7654
2025-04-22,11:11:25,2025-04,GBP,Libra,7.6922,7.6936
2025-04-22,13:09:35,2025-04,EUR,Euro,6.5907,6.5925
2025-04-22,13:09:35,2025-04,EUR,Euro,6.5732,6.5751
2025-04-22,12:05:26,2025-04,EUR,Euro,6.5947,6.5965
2025-04-22,11:11:25,2025-04,EUR,Euro,6.5989,6.6002
2025-04-22,10:09:12,2025-04,EUR,Euro,6.6122,6.6135
2025-04-22,10:09:12,2025-04,GBP,Libra,7.7081,7.7101
2025-04-22,11:11:25,2025-04,USD,Dólar,5.7512,5.7518
2025-04-17,13:11:49,2025-04,USD,Dólar,5.8553,5.8559
2025-04-17,11:04:25,2025-04,EUR,Euro,6.6545,6.6564
2025-04-17,11:04:25,2025-04,GBP,Libra,7.7639,7.7671
2025-04-17,13:11:49,2025-04,AUD,Dólar Australiano,3.7363,3.7396
2025-04-17,13:11:49,2025-04,AUD,Dólar Australiano,3.7176,3.7209
2025-04-17,12:07:25,2025-04,AUD,Dólar Australiano,3.7279,3.73
2025-04-17,11:04:25,2025-04,AUD,Dólar Australiano,3.7411,3.7433
2025-04-17,10:07:26,2025-04,AUD,Dólar Australiano,3.7526,3.7547
2025-04-17,10:07:26,2025-04,GBP,Libra,7.7928,7.7942
2025-04-17,13:11:49,2025-04,GBP,Libra,7.7618,7.7667
2025-04-17,12:07:25,2025-04,GBP,Libra,7.7491,7.7523
2025-04-17,10:07:26,2025-04,EUR,Euro,6.6801,6.682
2025-04-17,12:07:25,2025-04,EUR,Euro,6.6469,6.6481
2025-04-17,13:11:49,2025-04,USD,Dólar,5.826,5.8266
2025-04-17,12:07:25,2025-04,USD,Dólar,5.8568,5.8574
2025-04-17,11:04:25,2025-04,USD,Dólar,5.8573,5.858
2025-04-17,10:07:26,2025-04,USD,Dólar,5.8809,5.8815
2025-04-17,13:11:49,2025-04,GBP,Libra,7.7229,7.7278
2025-04-17,13:11:49,2025-04,EUR,Euro,6.6201,6.6225
2025-04-17,13:11:49,2025-04,EUR,Euro,6.6534,6.6558
2025-04-16,10:02:25,2025-04,AUD,Dólar Australiano,3.755,3.7571
2025-04-16,11:07:25,2025-04,AUD,Dólar Australiano,3.7444,3.7454
2025-04-16,12:05:26,2025-04,AUD,Dólar Australiano,3.753,3.7546
2025-04-16,13:10:28,2025-04,AUD,Dólar Australiano,3.7438,3.7448
2025-04-16,13:10:28,2025-04,AUD,Dólar Australiano,3.7557,3.7567
2025-04-16,11:07:25,2025-04,EUR,Euro,6.6786,6.6804
2025-04-16,13:10:28,2025-04,EUR,Euro,6.6717,6.6729
2025-04-16,12:05:26,2025-04,EUR,Euro,6.6939,6.6952
2025-04-16,10:02:25,2025-04,EUR,Euro,6.7012,6.7025
2025-04-16,11:07:25,2025-04,USD,Dólar,5.8754,5.876
2025-04-16,12:05:26,2025-04,USD,Dólar,5.8806,5.8812
2025-04-16,13:10:28,2025-04,USD,Dólar,5.8616,5.8622
2025-04-16,13:10:28,2025-04,USD,Dólar,5.8802,5.8808
2025-04-16,13:10:28,2025-04,EUR,Euro,6.6928,6.6941
2025-04-16,10:02:25,2025-04,USD,Dólar,5.9031,5.9037
2025-04-16,10:02:25,2025-04,GBP,Libra,7.8269,7.8283
2025-04-16,13:10:28,2025-04,GBP,Libra,7.7871,7.7903
2025-04-16,13:10:28,2025-04,GBP,Libra,7.7625,7.7657
2025-04-16,12:05:26,2025-04,GBP,Libra,7.7947,7.7979
2025-04-16,11:07:25,2025-04,GBP,Libra,7.7914,7.7933
2025-04-15,11:06:26,2025-04,USD,Dólar,5.8631,5.8637
2025-04-15,13:07:27,2025-04,EUR,Euro,6.6421,6.6439
2025-04-15,13:07:27,2025-04,EUR,Euro,6.6262,6.628
2025-04-15,11:06:26,2025-04,EUR,Euro,6.6347,6.6359
2025-04-15,13:07:27,2025-04,GBP,Libra,7.7591,7.7628
2025-04-15,13:07:27,2025-04,GBP,Libra,7.7777,7.7815
2025-04-15,12:03:26,2025-04,GBP,Libra,7.7838,7.7858
2025-04-15,11:06:26,2025-04,GBP,Libra,7.7545,7.7559
2025-04-15,10:07:26,2025-04,GBP,Libra,7.7413,7.745
2025-04-15,13:07:27,2025-04,AUD,Dólar Australiano,3.7304,3.7338
2025-04-15,13:07:27,2025-04,AUD,Dólar Australiano,3.7394,3.7427
2025-04-15,12:03:26,2025-04,AUD,Dólar Australiano,3.7447,3.7468
2025-04-15,11:06:26,2025-04,AUD,Dólar Australiano,3.7383,3.7393
2025-04-15,10:07:26,2025-04,AUD,Dólar Australiano,3.7298,3.732
2025-04-15,10:07:26,2025-04,USD,Dólar,5.8553,5.8559
2025-04-15,12:03:26,2025-04,EUR,Euro,6.6577,6.6595
2025-04-15,12:03:26,2025-04,USD,Dólar,5.8777,5.8783
2025-04-15,10:07:26,2025-04,EUR,Euro,6.6235,6.6254
2025-04-15,13:07:27,2025-04,USD,Dólar,5.8842,5.8848
2025-04-15,13:07:27,2025-04,USD,Dólar,5.8701,5.8707
2025-04-14,11:07:26,2025-04,USD,Dólar,5.8296,5.8302
2025-04-14,13:09:48,2025-04,EUR,Euro,6.6346,6.6359
2025-04-14,10:10:30,2025-04,EUR,Euro,6.6156,6.6174
2025-04-14,13:09:48,2025-04,GBP,Libra,7.695,7.6963
2025-04-14,13:09:48,2025-04,GBP,Libra,7.7238,7.7252
2025-04-14,12:08:27,2025-04,GBP,Libra,7.6988,7.7002
2025-04-14,11:07:26,2025-04,GBP,Libra,7.6683,7.6731
2025-04-14,10:10:30,2025-04,GBP,Libra,7.67,7.6714
2025-04-14,13:09:48,2025-04,USD,Dólar,5.8419,5.8425
2025-04-14,10:10:30,2025-04,USD,Dólar,5.8354,5.836
2025-04-14,11:07:26,2025-04,EUR,Euro,6.6032,6.6045
2025-04-14,13:09:48,2025-04,USD,Dólar,5.8638,5.8644
2025-04-14,13:09:48,2025-04,EUR,Euro,6.6595,6.6608
2025-04-14,12:08:27,2025-04,EUR,Euro,6.6367,6.638
2025-04-14,12:08:27,2025-04,USD,Dólar,5.8386,5.8392
2025-04-14,13:09:48,2025-04,AUD,Dólar Australiano,3.6995,3.7004
2025-04-14,12:08:27,2025-04,AUD,Dólar Australiano,3.6929,3.695
2025-04-14,11:07:26,2025-04,AUD,Dólar Australiano,3.6686,3.6695
2025-04-14,10:10:30,2025-04,AUD,Dólar Australiano,3.6734,3.6743
2025-04-14,13:09:48,2025-04,AUD,Dólar Australiano,3.6857,3.6866
2025-04-11,10:05:24,2025-04,AUD,Dólar Australiano,3.6651,3.6678
2025-04-11,10:05:24,2025-04,EUR,Euro,6.6737,6.6756
2025-04-11,11:05:25,2025-04,EUR,Euro,6.6845,6.6876
2025-04-11,12:02:47,2025-04,EUR,Euro,6.6762,6.678
2025-04-11,13:08:27,2025-04,EUR,Euro,6.6371,6.6383
2025-04-11,13:08:27,2025-04,EUR,Euro,6.6495,6.6508
2025-04-11,13:08:27,2025-04,AUD,Dólar Australiano,3.6591,3.6613
2025-04-11,11:05:25,2025-04,AUD,Dólar Australiano,3.6695,3.6728
2025-04-11,12:02:47,2025-04,AUD,Dólar Australiano,3.6708,3.6723
2025-04-11,13:08:27,2025-04,AUD,Dólar Australiano,3.666,3.6681
2025-04-11,13:08:27,2025-04,GBP,Libra,7.6459,7.6502
2025-04-11,12:02:47,2025-04,GBP,Libra,7.6884,7.6903
2025-04-11,11:05:25,2025-04,GBP,Libra,7.7068,7.7094
2025-04-11,10:05:24,2025-04,GBP,Libra,7.684,7.6883
2025-04-11,13:08:27,2025-04,GBP,Libra,7.6603,7.6646
2025-04-11,10:05:24,2025-04,USD,Dólar,5.8567,5.8573
2025-04-11,13:08:27,2025-04,USD,Dólar,5.8731,5.8737
2025-04-11,13:08:27,2025-04,USD,Dólar,5.8621,5.8627
2025-04-11,12:02:47,2025-04,USD,Dólar,5.8883,5.8889
2025-04-11,11:05:25,2025-04,USD,Dólar,5.8853,5.8859
2025-04-10,13:09:27,2025-04,EUR,Euro,6.6426,6.645
2025-04-10,13:09:27,2025-04,AUD,Dólar Australiano,3.6752,3.6768
2025-04-10,13:09:27,2025-04,AUD,Dólar Australiano,3.6583,3.6598
2025-04-10,13:09:27,2025-04,USD,Dólar,5.9109,5.9115
2025-04-10,10:04:26,2025-04,AUD,Dólar Australiano,3.6401,3.6416
2025-04-10,13:09:27,2025-04,USD,Dólar,5.9383,5.9389
2025-04-10,12:02:27,2025-04,USD,Dólar,5.9232,5.9238
2025-04-10,11:06:26,2025-04,USD,Dólar,5.8937,5.8943
2025-04-10,10:04:26,2025-04,USD,Dólar,5.8882,5.8888
2025-04-10,10:04:26,2025-04,EUR,Euro,6.5347,6.5366
2025-04-10,11:06:26,2025-04,EUR,Euro,6.5573,6.5592
2025-04-10,11:06:26,2025-04,AUD,Dólar Australiano,3.6458,3.6468
2025-04-10,12:02:27,2025-04,AUD,Dólar Australiano,3.6979,3.7
2025-04-10,12:02:27,2025-04,EUR,Euro,6.6233,6.6252
2025-04-10,11:06:26,2025-04,GBP,Libra,7.6164,7.6178
2025-04-10,13:09:27,2025-04,GBP,Libra,7.6452,7.6489
2025-04-10,13:09:27,2025-04,GBP,Libra,7.6806,7.6843
2025-04-10,12:02:27,2025-04,GBP,Libra,7.6759,7.6778
2025-04-10,10:04:26,2025-04,GBP,Libra,7.6099,7.613
2025-04-10,13:09:27,2025-04,EUR,Euro,6.6119,6.6144
2025-04-09,12:06:26,2025-04,AUD,Dólar Australiano,3.6335,3.6357
2025-04-09,10:09:27,2025-04,AUD,Dólar Australiano,3.661,3.6619
2025-04-09,13:06:01,2025-04,USD,Dólar,6.045,6.0456
2025-04-09,13:06:01,2025-04,USD,Dólar,6.0599,6.0605
2025-04-09,10:09:27,2025-04,EUR,Euro,6.7284,6.7303
2025-04-09,11:10:27,2025-04,EUR,Euro,6.692,6.6939
2025-04-09,12:06:26,2025-04,EUR,Euro,6.6889,6.6908
2025-04-09,13:06:01,2025-04,EUR,Euro,6.6719,6.6737
2025-04-09,13:06:01,2025-04,AUD,Dólar Australiano,3.6276,3.6298
2025-04-09,11:10:27,2025-04,AUD,Dólar Australiano,3.669,3.6699
2025-04-09,11:10:27,2025-04,USD,Dólar,6.0594,6.06
2025-04-09,10:09:27,2025-04,USD,Dólar,6.0753,6.0759
2025-04-09,13:06:01,2025-04,GBP,Libra,7.7373,7.7411
2025-04-09,13:06:01,2025-04,GBP,Libra,7.7183,7.722
2025-04-09,12:06:26,2025-04,GBP,Libra,7.7306,7.732
2025-04-09,13:06:01,2025-04,EUR,Euro,6.6883,6.6902
2025-04-09,11:10:27,2025-04,GBP,Libra,7.7415,7.7435
2025-04-09,10:09:27,2025-04,GBP,Libra,7.7788,7.7802
2025-04-09,13:06:01,2025-04,AUD,Dólar Australiano,3.6365,3.6387
2025-04-09,12:06:26,2025-04,USD,Dólar,6.0599,6.0605
2025-04-08,10:10:26,2025-04,USD,Dólar,5.907,5.9076
2025-04-08,13:04:41,2025-04,EUR,Euro,6.5362,6.5381
2025-04-08,13:04:41,2025-04,EUR,Euro,6.477,6.4788
2025-04-08,13:04:41,2025-04,GBP,Libra,7.5787,7.5801
2025-04-08,12:10:27,2025-04,EUR,Euro,6.5027,6.5046
2025-04-08,11:06:26,2025-04,EUR,Euro,6.4368,6.4386
2025-04-08,11:06:26,2025-04,USD,Dólar,5.8864,5.887
2025-04-08,12:10:27,2025-04,USD,Dólar,5.9609,5.9615
2025-04-08,13:04:41,2025-04,USD,Dólar,5.9905,5.9911
2025-04-08,13:04:41,2025-04,GBP,Libra,7.6481,7.6494
2025-04-08,11:06:26,2025-04,GBP,Libra,7.5264,7.5307
2025-04-08,10:10:26,2025-04,EUR,Euro,6.467,6.4682
2025-04-08,12:10:27,2025-04,GBP,Libra,7.6019,7.6063
2025-04-08,13:04:41,2025-04,USD,Dólar,5.9362,5.9368
2025-04-08,10:10:26,2025-04,GBP,Libra,7.5444,7.5487
2025-04-08,11:06:26,2025-04,AUD,Dólar Australiano,3.5742,3.5752
2025-04-08,13:04:41,2025-04,AUD,Dólar Australiano,3.6015,3.6042
2025-04-08,13:04:41,2025-04,AUD,Dólar Australiano,3.5688,3.5716
2025-04-08,12:10:27,2025-04,AUD,Dólar Australiano,3.5903,3.593
2025-04-08,10:10:26,2025-04,AUD,Dólar Australiano,3.5773,3.5782
2025-04-07,11:03:26,2025-04,EUR,Euro,6.437,6.4406
2025-04-07,13:09:28,2025-04,GBP,Libra,7.4902,7.4945
2025-04-07,13:09:28,2025-04,AUD,Dólar Australiano,3.5187,3.522
2025-04-07,13:09:28,2025-04,AUD,Dólar Australiano,3.5429,3.5462
2025-04-07,12:11:45,2025-04,AUD,Dólar Australiano,3.5266,3.5281
2025-04-07,11:03:26,2025-04,AUD,Dólar Australiano,3.5627,3.5654
2025-04-07,10:03:08,2025-04,AUD,Dólar Australiano,3.5643,3.567
2025-04-07,13:09:28,2025-04,USD,Dólar,5.8871,5.8877
2025-04-07,13:09:28,2025-04,USD,Dólar,5.9275,5.9281
2025-04-07,12:11:45,2025-04,USD,Dólar,5.8708,5.8714
2025-04-07,11:03:26,2025-04,USD,Dólar,5.8839,5.8845
2025-04-07,10:03:08,2025-04,USD,Dólar,5.8662,5.8668
2025-04-07,10:03:08,2025-04,EUR,Euro,6.4376,6.4394
2025-04-07,13:09:28,2025-04,GBP,Libra,7.5416,7.5459
2025-04-07,12:11:45,2025-04,EUR,Euro,6.4121,6.4133
2025-04-07,13:09:28,2025-04,EUR,Euro,6.424,6.4252
2025-04-07,12:11:45,2025-04,GBP,Libra,7.4864,7.4907
2025-04-07,10:03:08,2025-04,GBP,Libra,7.531,7.5324
2025-04-07,13:09:28,2025-04,EUR,Euro,6.4681,6.4693
2025-04-07,11:03:26,2025-04,GBP,Libra,7.5314,7.5333
2025-04-04,10:05:27,2025-04,EUR,Euro,6.314,6.3164
2025-04-04,12:11:28,2025-04,EUR,Euro,6.3686,6.3698
2025-04-04,10:05:27,2025-04,USD,Dólar,5.7291,5.7297
2025-04-04,11:11:26,2025-04,USD,Dólar,5.778,5.7786
2025-04-04,12:11:28,2025-04,USD,Dólar,5.797,5.7976
2025-04-04,13:07:28,2025-04,USD,Dólar,5.8044,5.805
2025-04-04,13:07:28,2025-04,USD,Dólar,5.7771,5.7777
2025-04-04,13:07:28,2025-04,EUR,Euro,6.3623,6.3641
2025-04-04,13:07:28,2025-04,EUR,Euro,6.3924,6.3942
2025-04-04,13:07:28,2025-04,GBP,Libra,7.4669,7.4683
2025-04-04,13:07:28,2025-04,GBP,Libra,7.5022,7.5035
2025-04-04,11:11:26,2025-04,EUR,Euro,6.3587,6.3599
2025-04-04,10:05:27,2025-04,AUD,Dólar Australiano,3.5039,3.5049
2025-04-04,11:11:26,2025-04,AUD,Dólar Australiano,3.5153,3.5163
2025-04-04,12:11:28,2025-04,AUD,Dólar Australiano,3.5107,3.5133
2025-04-04,13:07:28,2025-04,AUD,Dólar Australiano,3.5059,3.5091
2025-04-04,13:07:28,2025-04,AUD,Dólar Australiano,3.4894,3.4926
2025-04-04,12:11:28,2025-04,GBP,Libra,7.5007,7.5021
2025-04-04,11:11:26,2025-04,GBP,Libra,7.4993,7.5012
2025-04-04,10:05:27,2025-04,GBP,Libra,7.4473,7.452
2025-04-03,12:11:26,2025-04,GBP,Libra,7.372,7.376
2025-04-03,10:08:26,2025-04,AUD,Dólar Australiano,3.5747,3.5773
2025-04-03,13:03:27,2025-04,USD,Dólar,5.6062,5.6067
2025-04-03,10:08:26,2025-04,GBP,Libra,7.3961,7.3986
2025-04-03,11:08:26,2025-04,GBP,Libra,7.366,7.369
2025-04-03,10:08:26,2025-04,USD,Dólar,5.6223,5.6229
2025-04-03,13:03:27,2025-04,GBP,Libra,7.3458,7.3477
2025-04-03,13:03:27,2025-04,GBP,Libra,7.3497,7.3515
2025-04-03,13:03:27,2025-04,AUD,Dólar Australiano,3.5594,3.5614
2025-04-03,11:08:26,2025-04,AUD,Dólar Australiano,3.5685,3.5722
2025-04-03,12:11:26,2025-04,AUD,Dólar Australiano,3.5676,3.5696
2025-04-03,13:03:27,2025-04,AUD,Dólar Australiano,3.5575,3.5595
2025-04-03,11:08:26,2025-04,USD,Dólar,5.5994,5.6
2025-04-03,13:03:27,2025-04,EUR,Euro,6.1915,6.1928
2025-04-03,10:08:26,2025-04,EUR,Euro,6.2289,6.2307
2025-04-03,11:08:26,2025-04,EUR,Euro,6.2075,6.2115
2025-04-03,12:11:26,2025-04,EUR,Euro,6.2252,6.2269
2025-04-03,13:03:27,2025-04,EUR,Euro,6.1949,6.196
2025-04-03,13:03:27,2025-04,USD,Dólar,5.6032,5.6038
2025-04-03,12:11:26,2025-04,USD,Dólar,5.5997,5.6002
2025-04-02,13:02:29,2025-04,EUR,Euro,6.1942,6.1954
2025-04-02,12:07:27,2025-04,USD,Dólar,5.7064,5.7069
2025-04-02,11:02:26,2025-04,USD,Dólar,5.6866,5.6872
2025-04-02,10:05:26,2025-04,USD,Dólar,5.674,5.6746
2025-04-02,13:02:29,2025-04,EUR,Euro,6.1853,6.1864
2025-04-02,13:02:29,2025-04,AUD,Dólar Australiano,3.5853,3.5861
2025-04-02,13:02:29,2025-04,AUD,Dólar Australiano,3.5904,3.5914
2025-04-02,12:07:27,2025-04,EUR,Euro,6.196,6.1971
2025-04-02,13:02:29,2025-04,USD,Dólar,5.6918,5.6923
2025-04-02,11:02:26,2025-04,EUR,Euro,6.1552,6.1592
2025-04-02,13:02:29,2025-04,GBP,Libra,7.3828,7.3858
2025-04-02,13:02:29,2025-04,GBP,Libra,7.3935,7.3965
2025-04-02,12:07:27,2025-04,GBP,Libra,7.3983,7.4013
2025-04-02,11:02:26,2025-04,GBP,Libra,7.3579,7.3592
2025-04-02,10:05:26,2025-04,GBP,Libra,7.3422,7.3452
2025-04-02,10:05:26,2025-04,EUR,Euro,6.1376,6.1393
2025-04-02,12:07:27,2025-04,AUD,Dólar Australiano,3.5956,3.5976
2025-04-02,11:02:26,2025-04,AUD,Dólar Australiano,3.5826,3.5841
2025-04-02,10:05:26,2025-04,AUD,Dólar Australiano,3.5775,3.5784
2025-04-02,13:02:29,2025-04,USD,Dólar,5.7,5.7006
2025-04-01,13:07:29,2025-04,EUR,Euro,6.1597,6.1615
2025-04-01,13:07:29,2025-04,EUR,Euro,6.1404,6.1422
2025-04-01,13:07:29,2025-04,AUD,Dólar Australiano,3.5807,3.5817
2025-04-01,10:06:26,2025-04,EUR,Euro,6.1786,6.1804
2025-04-01,10:06:26,2025-04,AUD,Dólar Australiano,3.581,3.5825
2025-04-01,11:07:28,2025-04,AUD,Dólar Australiano,3.5714,3.5746
2025-04-01,12:07:26,2025-04,AUD,Dólar Australiano,3.5683,3.5698
2025-04-01,13:07:29,2025-04,AUD,Dólar Australiano,3.5695,3.5704
2025-04-01,13:07:29,2025-04,GBP,Libra,7.3702,7.3716
2025-04-01,13:07:29,2025-04,GBP,Libra,7.3471,7.3484
2025-04-01,12:07:26,2025-04,GBP,Libra,7.3493,7.3523
2025-04-01,11:07:28,2025-04,GBP,Libra,7.3628,7.3653
2025-04-01,10:06:26,2025-04,GBP,Libra,7.3831,7.3845
2025-04-01,11:07:28,2025-04,EUR,Euro,6.1637,6.1655
2025-04-01,12:07:26,2025-04,EUR,Euro,6.1479,6.1491
2025-04-01,11:07:28,2025-04,USD,Dólar,5.7151,5.7157
2025-04-01,13:07:29,2025-04,USD,Dólar,5.7045,5.7051
2025-04-01,12:07:26,2025-04,USD,Dólar,5.6883,5.6889
2025-04-01,10:06:26,2025-04,USD,Dólar,5.7278,5.7284
2025-04-01,13:07:29,2025-04,USD,Dólar,5.6866,5.6872
2025-03-31,10:07:26,2025-03,USD,Dólar,5.7599,5.7605
2025-03-31,11:03:25,2025-03,USD,Dólar,5.7454,5.746
2025-03-31,13:11:27,2025-03,AUD,Dólar Australiano,3.5787,3.5808
2025-03-31,13:11:27,2025-03,AUD,Dólar Australiano,3.5734,3.5755
2025-03-31,11:03:25,2025-03,GBP,Libra,7.4294,7.4307
2025-03-31,10:07:26,2025-03,GBP,Libra,7.4481,7.4518
2025-03-31,10:07:26,2025-03,AUD,Dólar Australiano,3.5919,3.5928
2025-03-31,12:06:27,2025-03,USD,Dólar,5.728,5.7286
2025-03-31,13:11:27,2025-03,USD,Dólar,5.733,5.7336
2025-03-31,13:11:27,2025-03,USD,Dólar,5.7416,5.7422
2025-03-31,12:06:27,2025-03,GBP,Libra,7.3931,7.3968
2025-03-31,13:11:27,2025-03,GBP,Libra,7.3898,7.3935
2025-03-31,12:06:27,2025-03,AUD,Dólar Australiano,3.568,3.5701
2025-03-31,11:03:25,2025-03,AUD,Dólar Australiano,3.5788,3.5803
2025-03-31,13:11:27,2025-03,EUR,Euro,6.1888,6.19
2025-03-31,13:11:27,2025-03,EUR,Euro,6.1981,6.1993
2025-03-31,10:07:26,2025-03,EUR,Euro,6.223,6.2242
2025-03-31,11:03:25,2025-03,EUR,Euro,6.2096,6.2109
2025-03-31,12:06:27,2025-03,EUR,Euro,6.1874,6.1886
2025-03-31,13:11:27,2025-03,GBP,Libra,7.4009,7.4046
2025-03-28,13:02:32,2025-03,GBP,Libra,7.4599,7.4635
2025-03-28,11:09:04,2025-03,GBP,Libra,7.4561,7.458
2025-03-28,10:03:26,2025-03,EUR,Euro,6.2239,6.2251
2025-03-28,10:03:26,2025-03,USD,Dólar,5.7693,5.7699
2025-03-28,11:09:04,2025-03,USD,Dólar,5.7558,5.7564
2025-03-28,12:10:26,2025-03,USD,Dólar,5.769,5.7696
2025-03-28,11:09:04,2025-03,EUR,Euro,6.2214,6.2232
2025-03-28,13:02:32,2025-03,USD,Dólar,5.7673,5.7679
2025-03-28,13:02:32,2025-03,USD,Dólar,5.7654,5.766
2025-03-28,12:10:26,2025-03,EUR,Euro,6.2438,6.245
2025-03-28,13:02:32,2025-03,EUR,Euro,6.2425,6.2443
2025-03-28,13:02:32,2025-03,EUR,Euro,6.2405,6.2423
2025-03-28,12:10:26,2025-03,GBP,Libra,7.4685,7.4716
2025-03-28,10:03:26,2025-03,GBP,Libra,7.4666,7.4697
2025-03-28,13:02:32,2025-03,GBP,Libra,7.4623,7.466
2025-03-28,13:02:32,2025-03,AUD,Dólar Australiano,3.6305,3.6326
2025-03-28,13:02:32,2025-03,AUD,Dólar Australiano,3.6317,3.6338
2025-03-28,12:10:26,2025-03,AUD,Dólar Australiano,3.6299,3.632
2025-03-28,11:09:04,2025-03,AUD,Dólar Australiano,3.629,3.6329
2025-03-28,10:03:26,2025-03,AUD,Dólar Australiano,3.6358,3.6368
2025-03-27,13:04:05,2025-03,GBP,Libra,7.4342,7.4372
2025-03-27,13:04:05,2025-03,GBP,Libra,7.4484,7.4515
2025-03-27,11:11:25,2025-03,GBP,Libra,7.4365,7.4395
2025-03-27,12:05:27,2025-03,GBP,Libra,7.4323,7.4348
2025-03-27,10:02:27,2025-03,GBP,Libra,7.4521,7.4552
2025-03-27,11:11:25,2025-03,USD,Dólar,5.7531,5.7537
2025-03-27,12:05:27,2025-03,EUR,Euro,6.1945,6.1963
2025-03-27,11:11:25,2025-03,AUD,Dólar Australiano,3.6245,3.6266
2025-03-27,10:02:27,2025-03,EUR,Euro,6.2103,6.2115
2025-03-27,12:05:27,2025-03,USD,Dólar,5.741,5.7416
2025-03-27,13:04:05,2025-03,USD,Dólar,5.7358,5.7364
2025-03-27,13:04:05,2025-03,USD,Dólar,5.7468,5.7474
2025-03-27,10:02:27,2025-03,USD,Dólar,5.7572,5.7578
2025-03-27,13:04:05,2025-03,EUR,Euro,6.1941,6.1953
2025-03-27,13:04:05,2025-03,EUR,Euro,6.206,6.2072
2025-03-27,10:02:27,2025-03,AUD,Dólar Australiano,3.6322,3.6337
2025-03-27,11:11:25,2025-03,EUR,Euro,6.2013,6.2025
2025-03-27,12:05:27,2025-03,AUD,Dólar Australiano,3.6191,3.6207
2025-03-27,13:04:05,2025-03,AUD,Dólar Australiano,3.617,3.6185
2025-03-27,13:04:05,2025-03,AUD,Dólar Australiano,3.6239,3.6255
2025-03-26,13:05:51,2025-03,USD,Dólar,5.7364,5.737
2025-03-26,10:11:25,2025-03,USD,Dólar,5.725,5.7256
2025-03-26,11:03:24,2025-03,GBP,Libra,7.3791,7.3827
2025-03-26,11:03:24,2025-03,USD,Dólar,5.7291,5.7297
2025-03-26,11:03:24,2025-03,EUR,Euro,6.1725,6.1738
2025-03-26,12:07:25,2025-03,USD,Dólar,5.7261,5.7267
2025-03-26,10:11:25,2025-03,GBP,Libra,7.3801,7.3832
2025-03-26,12:07:25,2025-03,EUR,Euro,6.1785,6.1797
2025-03-26,12:07:25,2025-03,GBP,Libra,7.385,7.3863
2025-03-26,13:05:51,2025-03,GBP,Libra,7.3815,7.3851
2025-03-26,10:11:25,2025-03,EUR,Euro,6.1738,6.1751
2025-03-26,13:05:51,2025-03,GBP,Libra,7.3908,7.3944
2025-03-26,10:11:25,2025-03,AUD,Dólar Australiano,3.6148,3.6157
2025-03-26,11:03:24,2025-03,AUD,Dólar Australiano,3.6122,3.6137
2025-03-26,12:07:25,2025-03,AUD,Dólar Australiano,3.6137,3.6153
2025-03-26,13:05:51,2025-03,AUD,Dólar Australiano,3.6168,3.6178
2025-03-26,13:05:51,2025-03,AUD,Dólar Australiano,3.6123,3.6132
2025-03-26,13:05:51,2025-03,EUR,Euro,6.1838,6.1856
2025-03-26,13:05:51,2025-03,EUR,Euro,6.1761,6.1779
2025-03-26,13:05:51,2025-03,USD,Dólar,5.7292,5.7298
2025-03-25,12:09:25,2025-03,EUR,Euro,6.1397,6.1408
2025-03-25,11:03:25,2025-03,AUD,Dólar Australiano,3.6035,3.6068
2025-03-25,11:03:25,2025-03,EUR,Euro,6.1725,6.1737
2025-03-25,10:07:25,2025-03,USD,Dólar,5.727,5.7276
2025-03-25,11:03:25,2025-03,USD,Dólar,5.7063,5.7069
2025-03-25,12:09:25,2025-03,USD,Dólar,5.6781,5.6786
2025-03-25,13:04:31,2025-03,GBP,Libra,7.3585,7.3598
2025-03-25,13:04:31,2025-03,USD,Dólar,5.6831,5.6837
2025-03-25,13:04:31,2025-03,USD,Dólar,5.6986,5.6992
2025-03-25,10:07:25,2025-03,AUD,Dólar Australiano,3.6195,3.6204
2025-03-25,10:07:25,2025-03,EUR,Euro,6.1983,6.2001
2025-03-25,12:09:25,2025-03,AUD,Dólar Australiano,3.584,3.586
2025-03-25,13:04:31,2025-03,AUD,Dólar Australiano,3.5838,3.5858
2025-03-25,13:04:31,2025-03,AUD,Dólar Australiano,3.5935,3.5956
2025-03-25,12:09:25,2025-03,GBP,Libra,7.3514,7.3549
2025-03-25,11:03:25,2025-03,GBP,Libra,7.3862,7.3899
2025-03-25,10:07:25,2025-03,GBP,Libra,7.4182,7.4213
2025-03-25,13:04:31,2025-03,EUR,Euro,6.1395,6.1407
2025-03-25,13:04:31,2025-03,EUR,Euro,6.1562,6.1574
2025-03-25,13:04:31,2025-03,GBP,Libra,7.3785,7.3799
2025-03-24,13:06:25,2025-03,EUR,Euro,6.1954,6.1967
2025-03-24,13:06:25,2025-03,USD,Dólar,5.7397,5.7403
2025-03-24,13:06:25,2025-03,USD,Dólar,5.7299,5.7305
2025-03-24,12:12:58,2025-03,USD,Dólar,5.7345,5.7351
2025-03-24,11:02:27,2025-03,USD,Dólar,5.7369,5.7375
2025-03-24,10:04:26,2025-03,USD,Dólar,5.7574,5.758
2025-03-24,10:04:26,2025-03,GBP,Libra,7.4501,7.4555
2025-03-24,11:02:27,2025-03,AUD,Dólar Australiano,3.6028,3.6037
2025-03-24,13:06:25,2025-03,EUR,Euro,6.1849,6.1861
2025-03-24,13:06:25,2025-03,AUD,Dólar Australiano,3.6034,3.6049
2025-03-24,11:02:27,2025-03,EUR,Euro,6.1913,6.1931
2025-03-24,10:04:26,2025-03,EUR,Euro,6.2347,6.2365
2025-03-24,11:02:27,2025-03,GBP,Libra,7.4086,7.4134
2025-03-24,12:12:58,2025-03,GBP,Libra,7.4113,7.4166
2025-03-24,13:06:25,2025-03,GBP,Libra,7.3967,7.4015
2025-03-24,13:06:25,2025-03,GBP,Libra,7.4094,7.4142
2025-03-24,12:12:58,2025-03,EUR,Euro,6.1933,6.1945
2025-03-24,10:04:26,2025-03,AUD,Dólar Australiano,3.6174,3.6201
2025-03-24,12:12:58,2025-03,AUD,Dólar Australiano,3.6053,3.6074
2025-03-24,13:06:25,2025-03,AUD,Dólar Australiano,3.5972,3.5988
2025-03-21,13:03:25,2025-03,AUD,Dólar Australiano,3.5846,3.5856
2025-03-21,13:03:25,2025-03,AUD,Dólar Australiano,3.5841,3.585
2025-03-21,12:08:25,2025-03,AUD,Dólar Australiano,3.5961,3.5977
2025-03-21,11:07:27,2025-03,AUD,Dólar Australiano,3.5912,3.5933
2025-03-21,10:09:27,2025-03,AUD,Dólar Australiano,3.5929,3.5944
2025-03-21,11:07:27,2025-03,GBP,Libra,7.4051,7.4065
2025-03-21,13:03:25,2025-03,USD,Dólar,5.7235,5.7241
2025-03-21,12:08:25,2025-03,EUR,Euro,6.201,6.2028
2025-03-21,12:08:25,2025-03,USD,Dólar,5.73,5.7306
2025-03-21,11:07:27,2025-03,USD,Dólar,5.724,5.7246
2025-03-21,10:09:27,2025-03,USD,Dólar,5.7175,5.7181
2025-03-21,13:03:25,2025-03,USD,Dólar,5.7226,5.7232
2025-03-21,10:09:27,2025-03,GBP,Libra,7.3967,7.3981
2025-03-21,12:08:25,2025-03,GBP,Libra,7.4118,7.4131
2025-03-21,13:03:25,2025-03,GBP,Libra,7.3781,7.3795
2025-03-21,13:03:25,2025-03,GBP,Libra,7.3793,7.3807
2025-03-21,10:09:27,2025-03,EUR,Euro,6.1932,6.1944
2025-03-21,11:07:27,2025-03,EUR,Euro,6.1997,6.2015
2025-03-21,13:03:25,2025-03,EUR,Euro,6.1842,6.186
2025-03-21,13:03:25,2025-03,EUR,Euro,6.1833,6.1851
2025-03-20,13:05:28,2025-03,USD,Dólar,5.6622,5.6628
2025-03-20,13:05:28,2025-03,GBP,Libra,7.3613,7.3626
2025-03-20,13:05:28,2025-03,USD,Dólar,5.6743,5.6749
2025-03-20,12:04:25,2025-03,USD,Dólar,5.6603,5.6609
2025-03-20,11:08:26,2025-03,USD,Dólar,5.6644,5.665
2025-03-20,10:10:26,2025-03,USD,Dólar,5.6496,5.6502
2025-03-20,11:08:26,2025-03,EUR,Euro,6.1306,6.1324
2025-03-20,10:10:26,2025-03,EUR,Euro,6.1208,6.122
2025-03-20,13:05:28,2025-03,GBP,Libra,7.3456,7.3469
2025-03-20,11:08:26,2025-03,GBP,Libra,7.3365,7.3384
2025-03-20,12:04:25,2025-03,GBP,Libra,7.3386,7.3399
2025-03-20,13:05:28,2025-03,AUD,Dólar Australiano,3.5737,3.5758
2025-03-20,10:10:26,2025-03,GBP,Libra,7.3151,7.3181
2025-03-20,11:08:26,2025-03,AUD,Dólar Australiano,3.5572,3.5582
2025-03-20,12:04:25,2025-03,AUD,Dólar Australiano,3.5603,3.5618
2025-03-20,10:10:26,2025-03,AUD,Dólar Australiano,3.5508,3.5528
2025-03-20,13:05:28,2025-03,AUD,Dólar Australiano,3.5661,3.5681
2025-03-20,13:05:28,2025-03,EUR,Euro,6.1418,6.143
2025-03-20,13:05:28,2025-03,EUR,Euro,6.1549,6.1561
2025-03-20,12:04:25,2025-03,EUR,Euro,6.1301,6.1313
2025-03-19,13:08:27,2025-03,AUD,Dólar Australiano,3.5854,3.5875
2025-03-19,13:08:27,2025-03,AUD,Dólar Australiano,3.5756,3.5776
2025-03-19,13:08:27,2025-03,EUR,Euro,6.1625,6.1637
2025-03-19,13:08:27,2025-03,EUR,Euro,6.1455,6.1467
2025-03-19,12:10:25,2025-03,EUR,Euro,6.1552,6.1564
2025-03-19,11:09:26,2025-03,EUR,Euro,6.1845,6.1857
2025-03-19,10:05:28,2025-03,EUR,Euro,6.1896,6.1908
2025-03-19,10:05:28,2025-03,AUD,Dólar Australiano,3.5956,3.5977
2025-03-19,10:05:28,2025-03,USD,Dólar,5.6785,5.6791
2025-03-19,13:08:27,2025-03,USD,Dólar,5.6651,5.6657
2025-03-19,11:09:26,2025-03,AUD,Dólar Australiano,3.5913,3.5922
2025-03-19,10:05:28,2025-03,GBP,Libra,7.3622,7.3652
2025-03-19,11:09:26,2025-03,GBP,Libra,7.3597,7.3627
2025-03-19,12:10:25,2025-03,GBP,Libra,7.3332,7.3346
2025-03-19,13:08:27,2025-03,GBP,Libra,7.3251,7.3282
2025-03-19,13:08:27,2025-03,GBP,Libra,7.3454,7.3484
2025-03-19,13:08:27,2025-03,USD,Dólar,5.6495,5.6501
2025-03-19,12:10:25,2025-03,USD,Dólar,5.6553,5.6559
2025-03-19,11:09:26,2025-03,USD,Dólar,5.677,5.6776
2025-03-19,12:10:25,2025-03,AUD,Dólar Australiano,3.5798,3.5808
2025-03-18,13:05:31,2025-03,USD,Dólar,5.6693,5.6699
2025-03-18,13:05:31,2025-03,AUD,Dólar Australiano,3.6017,3.6038
2025-03-18,10:07:27,2025-03,AUD,Dólar Australiano,3.6167,3.6188
2025-03-18,11:06:25,2025-03,AUD,Dólar Australiano,3.6223,3.6232
2025-03-18,10:07:27,2025-03,GBP,Libra,7.3716,7.3729
2025-03-18,11:06:25,2025-03,GBP,Libra,7.3847,7.3883
2025-03-18,12:02:26,2025-03,GBP,Libra,7.3771,7.3802
2025-03-18,13:05:31,2025-03,GBP,Libra,7.3605,7.3635
2025-03-18,13:05:31,2025-03,GBP,Libra,7.3803,7.3834
2025-03-18,13:05:31,2025-03,USD,Dólar,5.6846,5.6852
2025-03-18,12:02:26,2025-03,AUD,Dólar Australiano,3.6118,3.6133
2025-03-18,13:05:31,2025-03,AUD,Dólar Australiano,3.6114,3.6135
2025-03-18,12:02:26,2025-03,USD,Dólar,5.6887,5.6893
2025-03-18,10:07:27,2025-03,EUR,Euro,6.2018,6.203
2025-03-18,11:06:25,2025-03,USD,Dólar,5.6963,5.6969
2025-03-18,11:06:25,2025-03,EUR,Euro,6.2147,6.2159
2025-03-18,12:02:26,2025-03,EUR,Euro,6.2104,6.2121
2025-03-18,13:05:31,2025-03,EUR,Euro,6.1943,6.1955
2025-03-18,13:05:31,2025-03,EUR,Euro,6.211,6.2122
2025-03-18,10:07:27,2025-03,USD,Dólar,5.684,5.6846
2025-03-17,13:11:28,2025-03,AUD,Dólar Australiano,3.6375,3.6384
2025-03-17,13:11:28,2025-03,AUD,Dólar Australiano,3.6267,3.6277
2025-03-17,12:11:27,2025-03,AUD,Dólar Australiano,3.63,3.6315
2025-03-17,10:04:28,2025-03,AUD,Dólar Australiano,3.6224,3.6245
2025-03-17,13:11:28,2025-03,EUR,Euro,6.2149,6.2161
2025-03-17,12:11:27,2025-03,EUR,Euro,6.2293,6.2306
2025-03-17,11:05:26,2025-03,EUR,Euro,6.2422,6.244
2025-03-17,10:04:28,2025-03,EUR,Euro,6.2225,6.2243
2025-03-17,13:11:28,2025-03,GBP,Libra,7.4096,7.4127
2025-03-17,13:11:28,2025-03,GBP,Libra,7.3878,7.3909
2025-03-17,12:11:27,2025-03,GBP,Libra,7.4083,7.4097
2025-03-17,11:05:26,2025-03,GBP,Libra,7.4289,7.4326
2025-03-17,10:04:28,2025-03,GBP,Libra,7.4041,7.4066
2025-03-17,11:05:26,2025-03,AUD,Dólar Australiano,3.6375,3.6401
2025-03-17,13:11:28,2025-03,EUR,Euro,6.2333,6.2345
2025-03-17,10:04:28,2025-03,USD,Dólar,5.7082,5.7088
2025-03-17,13:11:28,2025-03,USD,Dólar,5.7076,5.7082
2025-03-17,13:11:28,2025-03,USD,Dólar,5.6908,5.6914
2025-03-17,12:11:27,2025-03,USD,Dólar,5.7066,5.7072
2025-03-17,11:05:26,2025-03,USD,Dólar,5.7247,5.7253
2025-03-14,13:06:19,2025-03,GBP,Libra,7.402,7.4051
2025-03-14,12:11:25,2025-03,EUR,Euro,6.2365,6.2378
2025-03-14,13:06:19,2025-03,EUR,Euro,6.2309,6.2327
2025-03-14,13:06:19,2025-03,EUR,Euro,6.2408,6.2426
2025-03-14,13:06:19,2025-03,GBP,Libra,7.4137,7.4168
2025-03-14,13:06:19,2025-03,USD,Dólar,5.7322,5.7328
2025-03-14,10:08:27,2025-03,EUR,Euro,6.2699,6.2712
2025-03-14,12:11:25,2025-03,USD,Dólar,5.7337,5.7343
2025-03-14,11:04:26,2025-03,USD,Dólar,5.7439,5.7445
2025-03-14,10:08:27,2025-03,USD,Dólar,5.7554,5.756
2025-03-14,13:06:19,2025-03,AUD,Dólar Australiano,3.6268,3.6277
2025-03-14,13:06:19,2025-03,AUD,Dólar Australiano,3.621,3.622
2025-03-14,12:11:25,2025-03,AUD,Dólar Australiano,3.6243,3.6258
2025-03-14,11:04:26,2025-03,AUD,Dólar Australiano,3.6278,3.6294
2025-03-14,10:08:27,2025-03,AUD,Dólar Australiano,3.6368,3.6389
2025-03-14,11:04:26,2025-03,EUR,Euro,6.2442,6.2471
2025-03-14,13:06:19,2025-03,USD,Dólar,5.7413,5.7419
2025-03-14,10:08:27,2025-03,GBP,Libra,7.4481,7.4494
2025-03-14,11:04:26,2025-03,GBP,Libra,7.4309,7.4345
2025-03-14,12:11:25,2025-03,GBP,Libra,7.4102,7.4133
2025-03-13,11:03:27,2025-03,AUD,Dólar Australiano,3.6562,3.6572
2025-03-13,11:03:27,2025-03,EUR,Euro,6.3176,6.3194
2025-03-13,13:03:28,2025-03,GBP,Libra,7.522,7.5251
2025-03-13,13:03:28,2025-03,AUD,Dólar Australiano,3.6537,3.6553
2025-03-13,13:03:28,2025-03,AUD,Dólar Australiano,3.6484,3.6499
2025-03-13,12:04:25,2025-03,AUD,Dólar Australiano,3.6563,3.6579
2025-03-13,13:03:28,2025-03,EUR,Euro,6.3112,6.3124
2025-03-13,10:04:26,2025-03,AUD,Dólar Australiano,3.6476,3.6497
2025-03-13,13:03:28,2025-03,EUR,Euro,6.302,6.3032
2025-03-13,12:04:25,2025-03,EUR,Euro,6.3101,6.312
2025-03-13,10:04:26,2025-03,EUR,Euro,6.2977,6.2989
2025-03-13,10:04:26,2025-03,GBP,Libra,7.5161,7.5198
2025-03-13,11:03:27,2025-03,GBP,Libra,7.5338,7.5369
2025-03-13,12:04:25,2025-03,GBP,Libra,7.5252,7.5283
2025-03-13,13:03:28,2025-03,USD,Dólar,5.8125,5.8131
2025-03-13,13:03:28,2025-03,USD,Dólar,5.804,5.8046
2025-03-13,12:04:25,2025-03,USD,Dólar,5.8083,5.8089
2025-03-13,11:03:27,2025-03,USD,Dólar,5.8248,5.8254
2025-03-13,10:04:26,2025-03,USD,Dólar,5.8129,5.8135
2025-03-13,13:03:28,2025-03,GBP,Libra,7.511,7.5141
2025-03-12,10:10:26,2025-03,USD,Dólar,5.8411,5.8417
2025-03-12,13:08:28,2025-03,EUR,Euro,6.364,6.3658
2025-03-12,13:08:28,2025-03,EUR,Euro,6.3588,6.3606
2025-03-12,12:13:39,2025-03,EUR,Euro,6.3568,6.3581
2025-03-12,13:08:28,2025-03,USD,Dólar,5.8215,5.8221
2025-03-12,10:10:26,2025-03,EUR,Euro,6.3545,6.3558
2025-03-12,11:09:26,2025-03,USD,Dólar,5.8173,5.8179
2025-03-12,10:10:26,2025-03,GBP,Libra,7.5596,7.5632
2025-03-12,11:09:26,2025-03,GBP,Libra,7.5235,7.526
2025-03-12,12:13:39,2025-03,GBP,Libra,7.5405,7.5436
2025-03-12,13:08:28,2025-03,GBP,Libra,7.5476,7.5507
2025-03-12,12:13:39,2025-03,USD,Dólar,5.825,5.8256
2025-03-12,13:08:28,2025-03,GBP,Libra,7.5537,7.5568
2025-03-12,11:09:26,2025-03,EUR,Euro,6.3304,6.3316
2025-03-12,13:08:28,2025-03,USD,Dólar,5.8262,5.8268
2025-03-12,13:08:28,2025-03,AUD,Dólar Australiano,3.6728,3.6744
2025-03-12,10:10:26,2025-03,AUD,Dólar Australiano,3.6705,3.6727
2025-03-12,11:09:26,2025-03,AUD,Dólar Australiano,3.6573,3.6595
2025-03-12,12:13:39,2025-03,AUD,Dólar Australiano,3.6663,3.6672
2025-03-12,13:08:28,2025-03,AUD,Dólar Australiano,3.6699,3.6714
2025-03-11,12:04:26,2025-03,GBP,Libra,7.5469,7.5481
2025-03-11,10:03:27,2025-03,AUD,Dólar Australiano,3.6722,3.6737
2025-03-11,11:08:29,2025-03,AUD,Dólar Australiano,3.6693,3.6714
2025-03-11,12:04:26,2025-03,AUD,Dólar Australiano,3.6584,3.6599
2025-03-11,13:05:28,2025-03,AUD,Dólar Australiano,3.661,3.662
2025-03-11,13:05:28,2025-03,AUD,Dólar Australiano,3.6656,3.6665
2025-03-11,13:05:28,2025-03,GBP,Libra,7.5517,7.5529
2025-03-11,13:05:28,2025-03,GBP,Libra,7.5423,7.5437
2025-03-11,13:05:28,2025-03,USD,Dólar,5.8341,5.8346
2025-03-11,13:05:28,2025-03,EUR,Euro,6.3743,6.3755
2025-03-11,11:08:29,2025-03,GBP,Libra,7.5428,7.5454
2025-03-11,10:03:27,2025-03,GBP,Libra,7.5563,7.5594
2025-03-11,12:04:26,2025-03,EUR,Euro,6.3731,6.3742
2025-03-11,11:08:29,2025-03,EUR,Euro,6.3689,6.3702
2025-03-11,10:03:27,2025-03,EUR,Euro,6.374,6.3759
2025-03-11,11:08:29,2025-03,USD,Dólar,5.8345,5.8351
2025-03-11,10:03:27,2025-03,USD,Dólar,5.8381,5.8387
2025-03-11,12:04:26,2025-03,USD,Dólar,5.8367,5.8372
2025-03-11,13:05:28,2025-03,USD,Dólar,5.8269,5.8275
2025-03-11,13:05:28,2025-03,EUR,Euro,6.3665,6.3677
2025-03-10,12:03:26,2025-03,USD,Dólar,5.7796,5.7802
2025-03-10,13:03:01,2025-03,USD,Dólar,5.7967,5.7973
2025-03-10,13:03:01,2025-03,USD,Dólar,5.7924,5.793
2025-03-10,11:05:28,2025-03,USD,Dólar,5.7902,5.7908
2025-03-10,11:05:28,2025-03,GBP,Libra,7.4821,7.4858
2025-03-10,10:04:26,2025-03,USD,Dólar,5.8032,5.8038
2025-03-10,13:03:01,2025-03,AUD,Dólar Australiano,3.6521,3.6542
2025-03-10,13:03:01,2025-03,AUD,Dólar Australiano,3.6548,3.6569
2025-03-10,12:03:26,2025-03,AUD,Dólar Australiano,3.6452,3.6473
2025-03-10,11:05:28,2025-03,AUD,Dólar Australiano,3.6571,3.6586
2025-03-10,10:04:26,2025-03,AUD,Dólar Australiano,3.6699,3.6715
2025-03-10,12:03:26,2025-03,GBP,Libra,7.4649,7.468
2025-03-10,11:05:28,2025-03,EUR,Euro,6.2737,6.2749
2025-03-10,10:04:26,2025-03,GBP,Libra,7.5041,7.5066
2025-03-10,13:03:01,2025-03,GBP,Libra,7.4739,7.4764
2025-03-10,13:03:01,2025-03,GBP,Libra,7.4795,7.482
2025-03-10,13:03:01,2025-03,EUR,Euro,6.2772,6.2785
2025-03-10,13:03:01,2025-03,EUR,Euro,6.2819,6.2831
2025-03-10,12:03:26,2025-03,EUR,Euro,6.268,6.2692
2025-03-10,10:04:26,2025-03,EUR,Euro,6.2924,6.2936
2025-03-07,12:11:27,2025-03,GBP,Libra,7.4559,7.4572
2025-03-07,13:08:41,2025-03,AUD,Dólar Australiano,3.6403,3.6424
2025-03-07,13:08:41,2025-03,GBP,Libra,7.4542,7.4556
2025-03-07,13:08:41,2025-03,GBP,Libra,7.4501,7.4515
2025-03-07,11:04:25,2025-03,EUR,Euro,6.2555,6.2567
2025-03-07,11:04:25,2025-03,GBP,Libra,7.4409,7.4452
2025-03-07,10:06:26,2025-03,GBP,Libra,7.4457,7.4494
2025-03-07,12:11:27,2025-03,AUD,Dólar Australiano,3.6385,3.64
2025-03-07,12:11:27,2025-03,EUR,Euro,6.2636,6.2649
2025-03-07,10:06:26,2025-03,EUR,Euro,6.2609,6.2621
2025-03-07,13:08:41,2025-03,AUD,Dólar Australiano,3.6383,3.6404
2025-03-07,10:06:26,2025-03,AUD,Dólar Australiano,3.6288,3.6298
2025-03-07,11:04:25,2025-03,AUD,Dólar Australiano,3.625,3.6271
2025-03-07,13:08:41,2025-03,USD,Dólar,5.765,5.7656
2025-03-07,13:08:41,2025-03,EUR,Euro,6.266,6.2678
2025-03-07,13:08:41,2025-03,USD,Dólar,5.7682,5.7688
2025-03-07,13:08:41,2025-03,EUR,Euro,6.2695,6.2713
2025-03-07,12:11:27,2025-03,USD,Dólar,5.7708,5.7714
2025-03-07,11:04:25,2025-03,USD,Dólar,5.7686,5.7692
2025-03-07,10:06:26,2025-03,USD,Dólar,5.7683,5.7689
2025-03-06,10:06:28,2025-03,AUD,Dólar Australiano,3.6379,3.64
2025-03-06,13:11:00,2025-03,GBP,Libra,7.409,7.4121
2025-03-06,13:11:00,2025-03,GBP,Libra,7.4132,7.4163
2025-03-06,13:11:00,2025-03,AUD,Dólar Australiano,3.6502,3.6517
2025-03-06,12:02:25,2025-03,GBP,Libra,7.4273,7.4326
2025-03-06,13:11:00,2025-03,AUD,Dólar Australiano,3.6523,3.6538
2025-03-06,11:10:29,2025-03,GBP,Libra,7.3997,7.401
2025-03-06,10:06:28,2025-03,GBP,Libra,7.4021,7.4052
2025-03-06,10:06:28,2025-03,EUR,Euro,6.2042,6.206
2025-03-06,11:10:29,2025-03,EUR,Euro,6.2108,6.2126
2025-03-06,12:02:25,2025-03,EUR,Euro,6.2409,6.2421
2025-03-06,13:11:00,2025-03,EUR,Euro,6.2174,6.2192
2025-03-06,13:11:00,2025-03,USD,Dólar,5.7483,5.7489
2025-03-06,13:11:00,2025-03,USD,Dólar,5.7516,5.7522
2025-03-06,12:02:25,2025-03,USD,Dólar,5.7589,5.7595
2025-03-06,11:10:29,2025-03,USD,Dólar,5.7375,5.7381
2025-03-06,10:06:28,2025-03,USD,Dólar,5.7452,5.7458
2025-03-06,11:10:29,2025-03,AUD,Dólar Australiano,3.6324,3.6345
2025-03-06,12:02:25,2025-03,AUD,Dólar Australiano,3.65,3.6509
2025-03-06,13:11:00,2025-03,EUR,Euro,6.2209,6.2227
2025-03-05,15:36:28,2025-03,AUD,Dólar Australiano,3.6592,3.6607
2025-03-05,15:36:28,2025-03,EUR,Euro,6.226,6.2278
2025-03-05,14:41:27,2025-03,EUR,Euro,6.2566,6.2578
2025-03-05,14:41:27,2025-03,GBP,Libra,7.4674,7.4705
2025-03-05,15:36:28,2025-03,GBP,Libra,7.4415,7.4446
2025-03-05,15:36:28,2025-03,GBP,Libra,7.4557,7.4587
2025-03-05,15:36:28,2025-03,USD,Dólar,5.7908,5.7914
2025-03-05,15:36:28,2025-03,USD,Dólar,5.7798,5.7804
2025-03-05,14:41:27,2025-03,USD,Dólar,5.8017,5.8023
2025-03-05,15:36:28,2025-03,EUR,Euro,6.2378,6.2397
2025-03-05,14:41:27,2025-03,AUD,Dólar Australiano,3.6644,3.6659
2025-03-05,15:36:28,2025-03,AUD,Dólar Australiano,3.6523,3.6538
2025-02-28,13:04:29,2025-02,AUD,Dólar Australiano,3.6498,3.6507
2025-02-28,12:10:25,2025-02,AUD,Dólar Australiano,3.6308,3.6317
2025-02-28,11:09:25,2025-02,AUD,Dólar Australiano,3.6228,3.6249
2025-02-28,13:04:29,2025-02,AUD,Dólar Australiano,3.6364,3.6374
2025-02-28,13:04:29,2025-02,EUR,Euro,6.1039,6.105
2025-02-28,10:06:25,2025-02,EUR,Euro,6.0814,6.0826
2025-02-28,10:06:25,2025-02,USD,Dólar,5.8436,5.8442
2025-02-28,11:09:25,2025-02,USD,Dólar,5.8319,5.8325
2025-02-28,12:10:25,2025-02,USD,Dólar,5.8477,5.8482
2025-02-28,13:04:29,2025-02,USD,Dólar,5.8697,5.8702
2025-02-28,13:04:29,2025-02,USD,Dólar,5.8482,5.8488
2025-02-28,12:10:25,2025-02,EUR,Euro,6.0857,6.0874
2025-02-28,11:09:25,2025-02,EUR,Euro,6.0693,6.0705
2025-02-28,10:06:25,2025-02,AUD,Dólar Australiano,3.6324,3.6333
2025-02-28,13:04:29,2025-02,EUR,Euro,6.0815,6.0828
2025-02-28,13:04:29,2025-02,GBP,Libra,7.3635,7.3654
2025-02-28,13:04:29,2025-02,GBP,Libra,7.3905,7.3923
2025-02-28,12:10:25,2025-02,GBP,Libra,7.3699,7.3711
2025-02-28,11:09:25,2025-02,GBP,Libra,7.3488,7.3519
2025-02-28,10:06:25,2025-02,GBP,Libra,7.3629,7.3649
2025-02-27,13:02:27,2025-02,AUD,Dólar Australiano,3.6446,3.6467
2025-02-27,13:02:27,2025-02,EUR,Euro,6.0632,6.065
2025-02-27,12:05:21,2025-02,EUR,Euro,6.0741,6.0753
2025-02-27,11:08:22,2025-02,EUR,Euro,6.0706,6.0724
2025-02-27,10:06:25,2025-02,EUR,Euro,6.0829,6.0841
2025-02-27,13:02:27,2025-02,AUD,Dólar Australiano,3.6412,3.6433
2025-02-27,10:06:25,2025-02,USD,Dólar,5.8065,5.8071
2025-02-27,11:08:22,2025-02,USD,Dólar,5.8254,5.826
2025-02-27,12:05:21,2025-02,USD,Dólar,5.8293,5.8299
2025-02-27,13:02:27,2025-02,USD,Dólar,5.8276,5.8282
2025-02-27,13:02:27,2025-02,USD,Dólar,5.8222,5.8228
2025-02-27,13:02:27,2025-02,EUR,Euro,6.0689,6.0707
2025-02-27,13:02:27,2025-02,GBP,Libra,7.3511,7.3542
2025-02-27,13:02:27,2025-02,GBP,Libra,7.3579,7.361
2025-02-27,10:06:25,2025-02,AUD,Dólar Australiano,3.6534,3.6567
2025-02-27,11:08:22,2025-02,AUD,Dólar Australiano,3.649,3.6512
2025-02-27,12:05:21,2025-02,AUD,Dólar Australiano,3.6451,3.646
2025-02-27,10:06:25,2025-02,GBP,Libra,7.3539,7.3576
2025-02-27,12:05:21,2025-02,GBP,Libra,7.3607,7.362
2025-02-27,11:08:22,2025-02,GBP,Libra,7.3557,7.36
2025-02-26,10:08:26,2025-02,EUR,Euro,6.0203,6.0221
2025-02-26,13:06:28,2025-02,EUR,Euro,6.0673,6.0685
2025-02-26,13:06:28,2025-02,EUR,Euro,6.071,6.0722
2025-02-26,12:10:26,2025-02,EUR,Euro,6.0839,6.0857
2025-02-26,11:05:24,2025-02,EUR,Euro,6.0536,6.0548
2025-02-26,13:06:28,2025-02,AUD,Dólar Australiano,3.6492,3.6525
2025-02-26,10:08:26,2025-02,USD,Dólar,5.7468,5.7474
2025-02-26,12:10:26,2025-02,AUD,Dólar Australiano,3.6577,3.6586
2025-02-26,12:10:26,2025-02,USD,Dólar,5.8003,5.8009
2025-02-26,13:06:28,2025-02,USD,Dólar,5.7786,5.7792
2025-02-26,13:06:28,2025-02,USD,Dólar,5.7751,5.7757
2025-02-26,13:06:28,2025-02,AUD,Dólar Australiano,3.647,3.6502
2025-02-26,10:08:26,2025-02,AUD,Dólar Australiano,3.6239,3.6255
2025-02-26,11:05:24,2025-02,USD,Dólar,5.7747,5.7753
2025-02-26,11:05:24,2025-02,AUD,Dólar Australiano,3.6404,3.6419
2025-02-26,13:06:28,2025-02,GBP,Libra,7.3303,7.334
2025-02-26,13:06:28,2025-02,GBP,Libra,7.3348,7.3384
2025-02-26,12:10:26,2025-02,GBP,Libra,7.3461,7.348
2025-02-26,11:05:24,2025-02,GBP,Libra,7.3067,7.3081
2025-02-26,10:08:26,2025-02,GBP,Libra,7.2657,7.267
2025-02-25,10:09:26,2025-02,EUR,Euro,6.0783,6.0795
2025-02-25,11:10:25,2025-02,EUR,Euro,6.072,6.0733
2025-02-25,11:10:25,2025-02,AUD,Dólar Australiano,3.6693,3.6708
2025-02-25,12:06:25,2025-02,AUD,Dólar Australiano,3.6599,3.6614
2025-02-25,13:08:29,2025-02,AUD,Dólar Australiano,3.6451,3.6484
2025-02-25,13:08:29,2025-02,USD,Dólar,5.7773,5.7779
2025-02-25,13:08:29,2025-02,USD,Dólar,5.7585,5.7591
2025-02-25,12:06:25,2025-02,USD,Dólar,5.7754,5.776
2025-02-25,11:10:25,2025-02,USD,Dólar,5.7829,5.7835
2025-02-25,10:09:26,2025-02,USD,Dólar,5.7922,5.7928
2025-02-25,10:09:26,2025-02,GBP,Libra,7.33,7.3331
2025-02-25,12:06:25,2025-02,EUR,Euro,6.0653,6.0671
2025-02-25,13:08:29,2025-02,EUR,Euro,6.0447,6.0459
2025-02-25,13:08:29,2025-02,EUR,Euro,6.0644,6.0656
2025-02-25,11:10:25,2025-02,GBP,Libra,7.3264,7.33
2025-02-25,12:06:25,2025-02,GBP,Libra,7.3117,7.3147
2025-02-25,13:08:29,2025-02,AUD,Dólar Australiano,3.657,3.6603
2025-02-25,13:08:29,2025-02,GBP,Libra,7.2862,7.2876
2025-02-25,13:08:29,2025-02,GBP,Libra,7.31,7.3114
2025-02-25,10:09:26,2025-02,AUD,Dólar Australiano,3.6734,3.6755
2025-02-24,13:06:26,2025-02,AUD,Dólar Australiano,3.6378,3.6387
2025-02-24,13:06:26,2025-02,USD,Dólar,5.7295,5.7301
2025-02-24,13:06:26,2025-02,USD,Dólar,5.7252,5.7258
2025-02-24,10:02:29,2025-02,AUD,Dólar Australiano,3.6371,3.6386
2025-02-24,10:02:29,2025-02,USD,Dólar,5.7115,5.7121
2025-02-24,10:02:29,2025-02,EUR,Euro,5.9794,5.9806
2025-02-24,13:06:26,2025-02,AUD,Dólar Australiano,3.6405,3.6415
2025-02-24,10:02:29,2025-02,GBP,Libra,7.2176,7.2195
2025-02-24,11:11:27,2025-02,GBP,Libra,7.2423,7.2448
2025-02-24,12:11:26,2025-02,GBP,Libra,7.2314,7.2345
2025-02-24,13:06:26,2025-02,GBP,Libra,7.2295,7.2325
2025-02-24,13:06:26,2025-02,GBP,Libra,7.2241,7.2271
2025-02-24,12:11:26,2025-02,USD,Dólar,5.7315,5.7321
2025-02-24,11:11:27,2025-02,EUR,Euro,5.9952,5.997
2025-02-24,12:11:26,2025-02,AUD,Dólar Australiano,3.6378,3.6387
2025-02-24,12:11:26,2025-02,EUR,Euro,5.9951,5.9969
2025-02-24,13:06:26,2025-02,EUR,Euro,5.9976,5.9988
2025-02-24,13:06:26,2025-02,EUR,Euro,5.9931,5.9943
2025-02-24,11:11:27,2025-02,AUD,Dólar Australiano,3.6478,3.6487
2025-02-24,11:11:27,2025-02,USD,Dólar,5.7283,5.7289
2025-02-21,13:02:27,2025-02,GBP,Libra,7.2052,7.2088
2025-02-21,13:02:27,2025-02,GBP,Libra,7.2004,7.204
2025-02-21,13:02:27,2025-02,AUD,Dólar Australiano,3.6345,3.6355
2025-02-21,13:02:27,2025-02,USD,Dólar,5.7021,5.7027
2025-02-21,12:11:26,2025-02,EUR,Euro,5.9716,5.9751
2025-02-21,13:02:27,2025-02,AUD,Dólar Australiano,3.6321,3.633
2025-02-21,12:11:26,2025-02,AUD,Dólar Australiano,3.6393,3.6402
2025-02-21,11:02:27,2025-02,AUD,Dólar Australiano,3.6392,3.6407
2025-02-21,10:06:33,2025-02,AUD,Dólar Australiano,3.6441,3.645
2025-02-21,10:06:33,2025-02,GBP,Libra,7.2145,7.2181
2025-02-21,11:02:27,2025-02,GBP,Libra,7.2094,7.2107
2025-02-21,12:11:26,2025-02,GBP,Libra,7.2113,7.2143
2025-02-21,13:02:27,2025-02,USD,Dólar,5.6983,5.6989
2025-02-21,13:02:27,2025-02,EUR,Euro,5.957,5.9582
2025-02-21,13:02:27,2025-02,EUR,Euro,5.961,5.9622
2025-02-21,11:02:27,2025-02,EUR,Euro,5.9716,5.974
2025-02-21,10:06:33,2025-02,EUR,Euro,5.9728,5.974
2025-02-21,10:06:33,2025-02,USD,Dólar,5.709,5.7096
2025-02-21,11:02:27,2025-02,USD,Dólar,5.7014,5.702
2025-02-21,12:11:26,2025-02,USD,Dólar,5.6997,5.7003
2025-02-20,10:08:28,2025-02,USD,Dólar,5.701,5.7016
2025-02-20,11:05:26,2025-02,USD,Dólar,5.7101,5.7107
2025-02-20,13:11:27,2025-02,USD,Dólar,5.6969,5.6975
2025-02-20,10:08:28,2025-02,AUD,Dólar Australiano,3.631,3.6331
2025-02-20,11:05:26,2025-02,AUD,Dólar Australiano,3.6385,3.6417
2025-02-20,12:05:25,2025-02,AUD,Dólar Australiano,3.6349,3.6381
2025-02-20,13:11:27,2025-02,AUD,Dólar Australiano,3.6454,3.6464
2025-02-20,13:11:27,2025-02,USD,Dólar,5.7013,5.7019
2025-02-20,12:05:25,2025-02,USD,Dólar,5.6973,5.6979
2025-02-20,13:11:27,2025-02,AUD,Dólar Australiano,3.6426,3.6436
2025-02-20,10:08:28,2025-02,EUR,Euro,5.949,5.9508
2025-02-20,13:11:27,2025-02,EUR,Euro,5.9658,5.9676
2025-02-20,10:08:28,2025-02,GBP,Libra,7.181,7.1846
2025-02-20,11:05:26,2025-02,GBP,Libra,7.2004,7.2035
2025-02-20,12:05:25,2025-02,GBP,Libra,7.1837,7.189
2025-02-20,13:11:27,2025-02,GBP,Libra,7.2009,7.2022
2025-02-20,13:11:27,2025-02,EUR,Euro,5.9704,5.9722
2025-02-20,13:11:27,2025-02,GBP,Libra,7.2064,7.2078
2025-02-20,12:05:25,2025-02,EUR,Euro,5.9514,5.9532
2025-02-20,11:05:26,2025-02,EUR,Euro,5.9648,5.9665
2025-02-19,10:06:25,2025-02,GBP,Libra,7.2129,7.2159
2025-02-19,13:07:31,2025-02,EUR,Euro,5.9501,5.9513
2025-02-19,10:06:25,2025-02,EUR,Euro,5.9771,5.9783
2025-02-19,10:06:25,2025-02,USD,Dólar,5.7318,5.7324
2025-02-19,11:11:26,2025-02,EUR,Euro,5.957,5.9582
2025-02-19,12:04:19,2025-02,EUR,Euro,5.9373,5.9385
2025-02-19,13:07:31,2025-02,EUR,Euro,5.942,5.9432
2025-02-19,13:07:31,2025-02,USD,Dólar,5.7081,5.7087
2025-02-19,12:04:19,2025-02,USD,Dólar,5.6903,5.6909
2025-02-19,11:11:26,2025-02,GBP,Libra,7.1881,7.1894
2025-02-19,13:07:31,2025-02,AUD,Dólar Australiano,3.6186,3.6206
2025-02-19,13:07:31,2025-02,USD,Dólar,5.7003,5.7009
2025-02-19,12:04:19,2025-02,GBP,Libra,7.1641,7.1671
2025-02-19,10:06:25,2025-02,AUD,Dólar Australiano,3.6397,3.6412
2025-02-19,11:11:26,2025-02,AUD,Dólar Australiano,3.6252,3.6261
2025-02-19,12:04:19,2025-02,AUD,Dólar Australiano,3.6116,3.6132
2025-02-19,11:11:26,2025-02,USD,Dólar,5.7098,5.7104
2025-02-19,13:07:31,2025-02,AUD,Dólar Australiano,3.6235,3.6256
2025-02-19,13:07:31,2025-02,GBP,Libra,7.1854,7.1884
2025-02-19,13:07:31,2025-02,GBP,Libra,7.1755,7.1786
2025-02-18,13:09:27,2025-02,GBP,Libra,7.1871,7.1885
2025-02-18,13:09:27,2025-02,AUD,Dólar Australiano,3.6178,3.6199
2025-02-18,10:08:26,2025-02,USD,Dólar,5.704,5.7046
2025-02-18,11:02:25,2025-02,USD,Dólar,5.7114,5.712
2025-02-18,12:10:26,2025-02,AUD,Dólar Australiano,3.6133,3.6142
2025-02-18,11:02:25,2025-02,AUD,Dólar Australiano,3.6222,3.6237
2025-02-18,10:08:26,2025-02,AUD,Dólar Australiano,3.6198,3.6207
2025-02-18,10:08:26,2025-02,EUR,Euro,5.9635,5.9647
2025-02-18,11:02:25,2025-02,EUR,Euro,5.965,5.9662
2025-02-18,12:10:26,2025-02,EUR,Euro,5.9493,5.9505
2025-02-18,12:10:26,2025-02,USD,Dólar,5.692,5.6926
2025-02-18,13:09:27,2025-02,USD,Dólar,5.6816,5.6822
2025-02-18,13:09:27,2025-02,USD,Dólar,5.6973,5.6979
2025-02-18,13:09:27,2025-02,GBP,Libra,7.1673,7.1687
2025-02-18,13:09:27,2025-02,EUR,Euro,5.9464,5.9476
2025-02-18,13:09:27,2025-02,AUD,Dólar Australiano,3.6078,3.6099
2025-02-18,10:08:26,2025-02,GBP,Libra,7.1796,7.1827
2025-02-18,11:02:25,2025-02,GBP,Libra,7.1912,7.1937
2025-02-18,12:10:26,2025-02,GBP,Libra,7.1753,7.1772
2025-02-18,13:09:27,2025-02,EUR,Euro,5.9628,5.964
2025-02-17,12:08:25,2025-02,USD,Dólar,5.7064,5.707
2025-02-17,13:07:25,2025-02,USD,Dólar,5.7149,5.7155
2025-02-17,13:07:25,2025-02,AUD,Dólar Australiano,3.6332,3.6359
2025-02-17,12:08:25,2025-02,AUD,Dólar Australiano,3.6321,3.6342
2025-02-17,11:09:26,2025-02,USD,Dólar,5.7039,5.7045
2025-02-17,10:07:26,2025-02,USD,Dólar,5.7143,5.7149
2025-02-17,11:09:26,2025-02,AUD,Dólar Australiano,3.63,3.6321
2025-02-17,13:07:25,2025-02,AUD,Dólar Australiano,3.6364,3.6391
2025-02-17,13:07:25,2025-02,GBP,Libra,7.1956,7.2004
2025-02-17,13:07:25,2025-02,USD,Dólar,5.7099,5.7105
2025-02-17,10:07:26,2025-02,EUR,Euro,5.984,5.9858
2025-02-17,11:09:26,2025-02,EUR,Euro,5.9743,5.9755
2025-02-17,12:08:25,2025-02,EUR,Euro,5.9792,5.9804
2025-02-17,13:07:25,2025-02,EUR,Euro,5.9886,5.9898
2025-02-17,13:07:25,2025-02,EUR,Euro,5.9834,5.9846
2025-02-17,10:07:26,2025-02,GBP,Libra,7.196,7.1991
2025-02-17,11:09:26,2025-02,GBP,Libra,7.1818,7.1854
2025-02-17,12:08:25,2025-02,GBP,Libra,7.1866,7.1902
2025-02-17,13:07:25,2025-02,GBP,Libra,7.2019,7.2067
2025-02-17,10:07:26,2025-02,AUD,Dólar Australiano,3.6354,3.6375
2025-02-14,11:10:26,2025-02,EUR,Euro,6.0057,6.0069
2025-02-14,13:11:25,2025-02,AUD,Dólar Australiano,3.6434,3.6455
2025-02-14,11:10:26,2025-02,GBP,Libra,7.2163,7.2193
2025-02-14,13:11:25,2025-02,AUD,Dólar Australiano,3.6387,3.6408
2025-02-14,12:03:25,2025-02,AUD,Dólar Australiano,3.6429,3.6439
2025-02-14,13:11:25,2025-02,GBP,Libra,7.2255,7.2291
2025-02-14,13:11:25,2025-02,GBP,Libra,7.2162,7.2198
2025-02-14,12:03:25,2025-02,GBP,Libra,7.2246,7.2288
2025-02-14,10:04:27,2025-02,GBP,Libra,7.2242,7.2256
2025-02-14,13:11:25,2025-02,EUR,Euro,6.0187,6.0199
2025-02-14,13:11:25,2025-02,EUR,Euro,6.0109,6.0121
2025-02-14,10:04:27,2025-02,USD,Dólar,5.7408,5.7414
2025-02-14,11:10:26,2025-02,USD,Dólar,5.7263,5.7269
2025-02-14,12:03:25,2025-02,USD,Dólar,5.7234,5.724
2025-02-14,13:11:25,2025-02,USD,Dólar,5.7203,5.7209
2025-02-14,13:11:25,2025-02,USD,Dólar,5.7277,5.7283
2025-02-14,12:03:25,2025-02,EUR,Euro,6.0141,6.0159
2025-02-14,10:04:27,2025-02,AUD,Dólar Australiano,3.6408,3.6429
2025-02-14,11:10:26,2025-02,AUD,Dólar Australiano,3.6379,3.6394
2025-02-14,10:04:27,2025-02,EUR,Euro,6.0112,6.013
2025-02-13,13:03:25,2025-02,EUR,Euro,6.0284,6.0296
2025-02-13,11:06:24,2025-02,EUR,Euro,6.025,6.0262
2025-02-13,13:03:25,2025-02,EUR,Euro,6.0119,6.0131
2025-02-13,11:06:24,2025-02,GBP,Libra,7.2286,7.2322
2025-02-13,10:04:26,2025-02,AUD,Dólar Australiano,3.6121,3.6131
2025-02-13,11:06:24,2025-02,AUD,Dólar Australiano,3.6299,3.6321
2025-02-13,12:08:26,2025-02,AUD,Dólar Australiano,3.6257,3.6266
2025-02-13,13:03:25,2025-02,AUD,Dólar Australiano,3.628,3.6301
2025-02-13,13:03:25,2025-02,GBP,Libra,7.236,7.2374
2025-02-13,13:03:25,2025-02,GBP,Libra,7.2163,7.2176
2025-02-13,12:08:26,2025-02,EUR,Euro,6.0133,6.0151
2025-02-13,12:08:26,2025-02,GBP,Libra,7.2173,7.2203
2025-02-13,10:04:26,2025-02,GBP,Libra,7.1931,7.195
2025-02-13,10:04:26,2025-02,USD,Dólar,5.7702,5.7708
2025-02-13,11:06:24,2025-02,USD,Dólar,5.7977,5.7983
2025-02-13,12:08:26,2025-02,USD,Dólar,5.7826,5.7832
2025-02-13,13:03:25,2025-02,USD,Dólar,5.7624,5.763
2025-02-13,13:03:25,2025-02,AUD,Dólar Australiano,3.638,3.6401
2025-02-13,10:04:26,2025-02,EUR,Euro,5.9947,5.9959
2025-02-13,13:03:25,2025-02,USD,Dólar,5.7782,5.7788
2025-02-12,13:02:27,2025-02,USD,Dólar,5.7705,5.7711
2025-02-12,13:02:27,2025-02,USD,Dólar,5.7668,5.7673
2025-02-12,12:08:28,2025-02,USD,Dólar,5.7683,5.7689
2025-02-12,11:06:25,2025-02,USD,Dólar,5.7688,5.7694
2025-02-12,10:08:25,2025-02,USD,Dólar,5.7782,5.7788
2025-02-12,12:08:28,2025-02,EUR,Euro,5.9702,5.9714
2025-02-12,13:02:27,2025-02,GBP,Libra,7.1704,7.1716
2025-02-12,11:06:25,2025-02,AUD,Dólar Australiano,3.6003,3.6024
2025-02-12,12:08:28,2025-02,GBP,Libra,7.1533,7.1569
2025-02-12,11:06:25,2025-02,GBP,Libra,7.1441,7.1477
2025-02-12,10:08:25,2025-02,GBP,Libra,7.1939,7.1969
2025-02-12,13:02:27,2025-02,EUR,Euro,5.9863,5.9875
2025-02-12,13:02:27,2025-02,AUD,Dólar Australiano,3.6181,3.6196
2025-02-12,12:08:28,2025-02,AUD,Dólar Australiano,3.6092,3.6113
2025-02-12,13:02:27,2025-02,AUD,Dólar Australiano,3.6204,3.6219
2025-02-12,10:08:25,2025-02,AUD,Dólar Australiano,3.6276,3.6291
2025-02-12,10:08:25,2025-02,EUR,Euro,5.9937,5.9949
2025-02-12,11:06:25,2025-02,EUR,Euro,5.9592,5.9609
2025-02-12,13:02:27,2025-02,EUR,Euro,5.9825,5.9836
2025-02-12,13:02:27,2025-02,GBP,Libra,7.175,7.1764
2025-02-11,13:06:28,2025-02,AUD,Dólar Australiano,3.6333,3.6343
2025-02-11,13:06:28,2025-02,EUR,Euro,5.9603,5.9615
2025-02-11,11:06:25,2025-02,AUD,Dólar Australiano,3.6309,3.6342
2025-02-11,10:03:27,2025-02,AUD,Dólar Australiano,3.6404,3.6419
2025-02-11,10:03:27,2025-02,EUR,Euro,5.9825,5.9837
2025-02-11,11:06:25,2025-02,EUR,Euro,5.9711,5.9723
2025-02-11,13:06:28,2025-02,AUD,Dólar Australiano,3.625,3.6259
2025-02-11,12:07:19,2025-02,EUR,Euro,5.9584,5.9602
2025-02-11,12:07:19,2025-02,USD,Dólar,5.7664,5.767
2025-02-11,12:07:19,2025-02,AUD,Dólar Australiano,3.6242,3.6251
2025-02-11,11:06:25,2025-02,GBP,Libra,7.1716,7.1746
2025-02-11,11:06:25,2025-02,USD,Dólar,5.7854,5.786
2025-02-11,13:06:28,2025-02,EUR,Euro,5.9741,5.9753
2025-02-11,13:06:28,2025-02,USD,Dólar,5.7649,5.7655
2025-02-11,13:06:28,2025-02,USD,Dólar,5.7782,5.7788
2025-02-11,10:03:27,2025-02,GBP,Libra,7.1747,7.1778
2025-02-11,12:07:19,2025-02,GBP,Libra,7.1538,7.1568
2025-02-11,13:06:28,2025-02,GBP,Libra,7.1502,7.1533
2025-02-11,13:06:28,2025-02,GBP,Libra,7.1667,7.1698
2025-02-11,10:03:27,2025-02,USD,Dólar,5.7959,5.7965
2025-02-10,13:11:28,2025-02,AUD,Dólar Australiano,3.6317,3.6338
2025-02-10,13:11:28,2025-02,AUD,Dólar Australiano,3.6314,3.6335
2025-02-10,11:02:41,2025-02,AUD,Dólar Australiano,3.6314,3.6323
2025-02-10,10:10:29,2025-02,AUD,Dólar Australiano,3.6218,3.6228
2025-02-10,11:02:41,2025-02,USD,Dólar,5.7806,5.7812
2025-02-10,10:10:29,2025-02,USD,Dólar,5.7746,5.7752
2025-02-10,12:10:25,2025-02,AUD,Dólar Australiano,3.6335,3.6351
2025-02-10,13:11:28,2025-02,USD,Dólar,5.7802,5.7808
2025-02-10,12:10:25,2025-02,USD,Dólar,5.7859,5.7865
2025-02-10,10:10:29,2025-02,EUR,Euro,5.9559,5.9571
2025-02-10,11:02:41,2025-02,EUR,Euro,5.9662,5.9679
2025-02-10,12:10:25,2025-02,EUR,Euro,5.9658,5.967
2025-02-10,13:11:28,2025-02,EUR,Euro,5.9618,5.9635
2025-02-10,13:11:28,2025-02,USD,Dólar,5.7797,5.7803
2025-02-10,13:11:28,2025-02,GBP,Libra,7.1605,7.1636
2025-02-10,13:11:28,2025-02,GBP,Libra,7.1599,7.1629
2025-02-10,12:10:25,2025-02,GBP,Libra,7.1612,7.1643
2025-02-10,11:02:41,2025-02,GBP,Libra,7.1627,7.1641
2025-02-10,10:10:29,2025-02,GBP,Libra,7.153,7.1561
2025-02-10,13:11:28,2025-02,EUR,Euro,5.9623,5.9641
2025-02-07,11:08:28,2025-02,AUD,Dólar Australiano,3.6045,3.6078
2025-02-07,10:02:26,2025-02,USD,Dólar,5.7692,5.7698
2025-02-07,12:11:26,2025-02,AUD,Dólar Australiano,3.6102,3.6112
2025-02-07,12:11:26,2025-02,USD,Dólar,5.7405,5.7411
2025-02-07,10:02:26,2025-02,AUD,Dólar Australiano,3.6219,3.6246
2025-02-07,13:10:30,2025-02,AUD,Dólar Australiano,3.6107,3.6123
2025-02-07,13:10:30,2025-02,AUD,Dólar Australiano,3.6172,3.6187
2025-02-07,11:08:28,2025-02,USD,Dólar,5.7452,5.7458
2025-02-07,10:02:26,2025-02,GBP,Libra,7.1792,7.1834
2025-02-07,13:10:30,2025-02,USD,Dólar,5.7654,5.766
2025-02-07,12:11:26,2025-02,GBP,Libra,7.1481,7.1511
2025-02-07,13:10:30,2025-02,EUR,Euro,5.9583,5.9595
2025-02-07,13:10:30,2025-02,EUR,Euro,5.9689,5.9701
2025-02-07,12:11:26,2025-02,EUR,Euro,5.9604,5.9639
2025-02-07,11:08:28,2025-02,EUR,Euro,5.9532,5.9549
2025-02-07,10:02:26,2025-02,EUR,Euro,5.9844,5.9862
2025-02-07,13:10:30,2025-02,USD,Dólar,5.7551,5.7557
2025-02-07,13:10:30,2025-02,GBP,Libra,7.1501,7.1515
2025-02-07,13:10:30,2025-02,GBP,Libra,7.1629,7.1643
2025-02-07,11:08:28,2025-02,GBP,Libra,7.1407,7.142
2025-02-06,13:08:27,2025-02,AUD,Dólar Australiano,3.6324,3.6334
2025-02-06,10:08:26,2025-02,EUR,Euro,6.0061,6.0078
2025-02-06,12:11:26,2025-02,AUD,Dólar Australiano,3.6168,3.6189
2025-02-06,10:08:26,2025-02,USD,Dólar,5.7968,5.7974
2025-02-06,13:08:27,2025-02,AUD,Dólar Australiano,3.6251,3.6261
2025-02-06,13:08:27,2025-02,GBP,Libra,7.1798,7.1846
2025-02-06,13:08:27,2025-02,GBP,Libra,7.1654,7.1702
2025-02-06,12:11:26,2025-02,GBP,Libra,7.1586,7.1622
2025-02-06,11:11:29,2025-02,GBP,Libra,7.1704,7.1752
2025-02-06,10:08:26,2025-02,AUD,Dólar Australiano,3.6311,3.6338
2025-02-06,10:08:26,2025-02,GBP,Libra,7.1718,7.1766
2025-02-06,11:11:29,2025-02,EUR,Euro,5.9998,6.0016
2025-02-06,12:11:26,2025-02,EUR,Euro,5.9863,5.9881
2025-02-06,13:08:27,2025-02,EUR,Euro,5.9859,5.9876
2025-02-06,13:08:27,2025-02,EUR,Euro,5.9979,5.9997
2025-02-06,11:11:29,2025-02,USD,Dólar,5.7919,5.7925
2025-02-06,12:11:26,2025-02,USD,Dólar,5.7777,5.7783
2025-02-06,13:08:27,2025-02,USD,Dólar,5.7734,5.774
2025-02-06,13:08:27,2025-02,USD,Dólar,5.785,5.7856
2025-02-06,11:11:29,2025-02,AUD,Dólar Australiano,3.6269,3.6296
2025-02-05,13:11:27,2025-02,EUR,Euro,6.0432,6.045
2025-02-05,13:11:27,2025-02,EUR,Euro,6.0433,6.0451
2025-02-05,12:04:26,2025-02,EUR,Euro,6.0375,6.0398
2025-02-05,11:10:26,2025-02,EUR,Euro,6.0522,6.054
2025-02-05,10:03:26,2025-02,EUR,Euro,6.0305,6.0322
2025-02-05,11:10:26,2025-02,USD,Dólar,5.8155,5.8161
2025-02-05,13:11:27,2025-02,AUD,Dólar Australiano,3.6488,3.6509
2025-02-05,11:10:26,2025-02,AUD,Dólar Australiano,3.6498,3.6525
2025-02-05,10:03:26,2025-02,AUD,Dólar Australiano,3.6358,3.6384
2025-02-05,10:03:26,2025-02,GBP,Libra,7.2553,7.2595
2025-02-05,11:10:26,2025-02,GBP,Libra,7.2775,7.2794
2025-02-05,12:04:26,2025-02,GBP,Libra,7.2488,7.2524
2025-02-05,10:03:26,2025-02,USD,Dólar,5.7885,5.7891
2025-02-05,13:11:27,2025-02,GBP,Libra,7.2593,7.2606
2025-02-05,13:11:27,2025-02,GBP,Libra,7.2594,7.2608
2025-02-05,12:04:26,2025-02,USD,Dólar,5.793,5.7936
2025-02-05,13:11:27,2025-02,USD,Dólar,5.7992,5.7998
2025-02-05,13:11:27,2025-02,USD,Dólar,5.7991,5.7997
2025-02-05,12:04:26,2025-02,AUD,Dólar Australiano,3.638,3.6401
2025-02-05,13:11:27,2025-02,AUD,Dólar Australiano,3.6489,3.651
2025-02-04,13:05:40,2025-02,GBP,Libra,7.1897,7.1916
2025-02-04,12:03:26,2025-02,GBP,Libra,7.2019,7.2049
2025-02-04,13:05:40,2025-02,AUD,Dólar Australiano,3.6177,3.621
2025-02-04,13:05:40,2025-02,AUD,Dólar Australiano,3.5998,3.603
2025-02-04,12:03:26,2025-02,AUD,Dólar Australiano,3.6061,3.6082
2025-02-04,11:08:26,2025-02,AUD,Dólar Australiano,3.612,3.6147
2025-02-04,10:03:25,2025-02,AUD,Dólar Australiano,3.6084,3.6094
2025-02-04,12:03:26,2025-02,EUR,Euro,5.9913,5.9931
2025-02-04,13:05:40,2025-02,GBP,Libra,7.2256,7.2276
2025-02-04,10:03:25,2025-02,GBP,Libra,7.2104,7.2152
2025-02-04,11:08:26,2025-02,GBP,Libra,7.2223,7.2248
2025-02-04,13:05:40,2025-02,USD,Dólar,5.7921,5.7927
2025-02-04,13:05:40,2025-02,USD,Dólar,5.7633,5.7639
2025-02-04,12:03:26,2025-02,USD,Dólar,5.7837,5.7843
2025-02-04,11:08:26,2025-02,USD,Dólar,5.8118,5.8124
2025-02-04,13:05:40,2025-02,EUR,Euro,6.0116,6.0134
2025-02-04,10:03:25,2025-02,USD,Dólar,5.8097,5.8103
2025-02-04,10:03:25,2025-02,EUR,Euro,5.9979,5.9997
2025-02-04,11:08:26,2025-02,EUR,Euro,6.0094,6.0112
2025-02-04,13:05:40,2025-02,EUR,Euro,5.9817,5.9835
2025-02-03,10:04:27,2025-02,AUD,Dólar Australiano,3.6011,3.6021
2025-02-03,13:06:26,2025-02,GBP,Libra,7.28,7.2848
2025-02-03,13:06:26,2025-02,GBP,Libra,7.237,7.2419
2025-02-03,10:04:27,2025-02,GBP,Libra,7.2233,7.2252
2025-02-03,13:06:26,2025-02,AUD,Dólar Australiano,3.6324,3.6357
2025-02-03,13:06:26,2025-02,AUD,Dólar Australiano,3.6109,3.6142
2025-02-03,12:08:25,2025-02,AUD,Dólar Australiano,3.63,3.631
2025-02-03,11:03:48,2025-02,AUD,Dólar Australiano,3.625,3.626
2025-02-03,11:03:48,2025-02,GBP,Libra,7.2736,7.2785
2025-02-03,10:04:27,2025-02,EUR,Euro,6.0027,6.0039
2025-02-03,12:08:25,2025-02,USD,Dólar,5.9025,5.9031
2025-02-03,11:03:48,2025-02,EUR,Euro,6.0396,6.0408
2025-02-03,13:06:26,2025-02,EUR,Euro,6.0512,6.053
2025-02-03,13:06:26,2025-02,EUR,Euro,6.0155,6.0173
2025-02-03,13:06:26,2025-02,USD,Dólar,5.8681,5.8687
2025-02-03,13:06:26,2025-02,USD,Dólar,5.8335,5.8341
2025-02-03,12:08:25,2025-02,GBP,Libra,7.2908,7.2933
2025-02-03,11:03:48,2025-02,USD,Dólar,5.8848,5.8854
2025-02-03,10:04:27,2025-02,USD,Dólar,5.8517,5.8523
2025-02-03,12:08:25,2025-02,EUR,Euro,6.0471,6.0495
2025-01-31,13:03:54,2025-01,USD,Dólar,5.8295,5.8301
2025-01-31,13:03:54,2025-01,USD,Dólar,5.8435,5.8441
2025-01-31,10:10:26,2025-01,EUR,Euro,6.0561,6.0579
2025-01-31,11:11:37,2025-01,EUR,Euro,6.039,6.0402
2025-01-31,12:04:27,2025-01,EUR,Euro,6.0368,6.0386
2025-01-31,13:03:54,2025-01,EUR,Euro,6.0749,6.0761
2025-01-31,13:03:54,2025-01,EUR,Euro,6.0603,6.0616
2025-01-31,11:11:37,2025-01,USD,Dólar,5.8174,5.818
2025-01-31,12:04:27,2025-01,USD,Dólar,5.8231,5.8237
2025-01-31,10:10:26,2025-01,USD,Dólar,5.8338,5.8344
2025-01-31,10:10:26,2025-01,AUD,Dólar Australiano,3.6269,3.6278
2025-01-31,11:11:37,2025-01,GBP,Libra,7.22,7.2242
2025-01-31,11:11:37,2025-01,AUD,Dólar Australiano,3.6184,3.6194
2025-01-31,12:04:27,2025-01,AUD,Dólar Australiano,3.6191,3.6218
2025-01-31,13:03:54,2025-01,AUD,Dólar Australiano,3.6434,3.6461
2025-01-31,13:03:54,2025-01,GBP,Libra,7.2414,7.2456
2025-01-31,13:03:54,2025-01,GBP,Libra,7.2588,7.263
2025-01-31,12:04:27,2025-01,GBP,Libra,7.2166,7.2179
2025-01-31,13:03:54,2025-01,AUD,Dólar Australiano,3.6347,3.6374
2025-01-31,10:10:26,2025-01,GBP,Libra,7.2462,7.2475
2025-01-30,10:08:17,2025-01,USD,Dólar,5.9102,5.9108
2025-01-30,11:05:25,2025-01,AUD,Dólar Australiano,3.6814,3.6823
2025-01-30,11:05:25,2025-01,EUR,Euro,6.1734,6.1752
2025-01-30,12:03:25,2025-01,AUD,Dólar Australiano,3.6732,3.676
2025-01-30,13:10:28,2025-01,AUD,Dólar Australiano,3.6686,3.6695
2025-01-30,10:08:17,2025-01,AUD,Dólar Australiano,3.6803,3.6812
2025-01-30,10:08:17,2025-01,EUR,Euro,6.1478,6.1502
2025-01-30,10:08:17,2025-01,GBP,Libra,7.3511,7.3524
2025-01-30,12:03:25,2025-01,EUR,Euro,6.1508,6.1526
2025-01-30,13:10:28,2025-01,EUR,Euro,6.1394,6.1406
2025-01-30,13:10:28,2025-01,AUD,Dólar Australiano,3.6775,3.6784
2025-01-30,13:10:28,2025-01,GBP,Libra,7.3555,7.3569
2025-01-30,13:10:28,2025-01,GBP,Libra,7.3377,7.339
2025-01-30,12:03:25,2025-01,GBP,Libra,7.3518,7.3555
2025-01-30,11:05:25,2025-01,GBP,Libra,7.3621,7.3635
2025-01-30,11:05:25,2025-01,USD,Dólar,5.9053,5.9059
2025-01-30,12:03:25,2025-01,USD,Dólar,5.8989,5.8995
2025-01-30,13:10:28,2025-01,USD,Dólar,5.8857,5.8863
2025-01-30,13:10:28,2025-01,USD,Dólar,5.9,5.9006
2025-01-30,13:10:28,2025-01,EUR,Euro,6.1543,6.1555
2025-01-29,13:06:27,2025-01,EUR,Euro,6.1045,6.1063
2025-01-29,10:03:26,2025-01,EUR,Euro,6.0813,6.0826
2025-01-29,11:07:26,2025-01,EUR,Euro,6.101,6.1022
2025-01-29,12:04:26,2025-01,EUR,Euro,6.0919,6.0931
2025-01-29,13:06:27,2025-01,GBP,Libra,7.2839,7.2882
2025-01-29,10:03:26,2025-01,GBP,Libra,7.2627,7.264
2025-01-29,11:07:26,2025-01,GBP,Libra,7.2805,7.2847
2025-01-29,12:04:26,2025-01,GBP,Libra,7.265,7.2693
2025-01-29,13:06:27,2025-01,GBP,Libra,7.2854,7.2897
2025-01-29,13:06:27,2025-01,AUD,Dólar Australiano,3.6478,3.6499
2025-01-29,13:06:27,2025-01,EUR,Euro,6.1057,6.1075
2025-01-29,13:06:27,2025-01,USD,Dólar,5.859,5.8596
2025-01-29,13:06:27,2025-01,AUD,Dólar Australiano,3.6486,3.6507
2025-01-29,10:03:26,2025-01,AUD,Dólar Australiano,3.6369,3.639
2025-01-29,11:07:26,2025-01,AUD,Dólar Australiano,3.6487,3.6515
2025-01-29,12:04:26,2025-01,AUD,Dólar Australiano,3.6419,3.6446
2025-01-29,10:03:26,2025-01,USD,Dólar,5.8452,5.8458
2025-01-29,11:07:26,2025-01,USD,Dólar,5.8737,5.8743
2025-01-29,12:04:26,2025-01,USD,Dólar,5.857,5.8576
2025-01-29,13:06:27,2025-01,USD,Dólar,5.8602,5.8608
2025-01-28,13:08:29,2025-01,AUD,Dólar Australiano,3.6655,3.6682
2025-01-28,12:05:26,2025-01,AUD,Dólar Australiano,3.671,3.672
2025-01-28,10:07:25,2025-01,AUD,Dólar Australiano,3.6896,3.6918
2025-01-28,11:08:27,2025-01,AUD,Dólar Australiano,3.6849,3.6858
2025-01-28,10:07:25,2025-01,GBP,Libra,7.3474,7.3493
2025-01-28,10:07:25,2025-01,USD,Dólar,5.9129,5.9135
2025-01-28,13:08:29,2025-01,EUR,Euro,6.1416,6.1435
2025-01-28,13:08:29,2025-01,EUR,Euro,6.1207,6.1225
2025-01-28,12:05:26,2025-01,EUR,Euro,6.1317,6.1335
2025-01-28,11:08:27,2025-01,EUR,Euro,6.1572,6.159
2025-01-28,10:07:25,2025-01,EUR,Euro,6.1607,6.1625
2025-01-28,12:05:26,2025-01,GBP,Libra,7.3067,7.3086
2025-01-28,11:08:27,2025-01,GBP,Libra,7.3379,7.3392
2025-01-28,11:08:27,2025-01,USD,Dólar,5.9062,5.9068
2025-01-28,13:08:29,2025-01,USD,Dólar,5.8924,5.893
2025-01-28,13:08:29,2025-01,USD,Dólar,5.8723,5.8729
2025-01-28,12:05:26,2025-01,USD,Dólar,5.8783,5.8789
2025-01-28,13:08:29,2025-01,AUD,Dólar Australiano,3.678,3.6808
2025-01-28,13:08:29,2025-01,GBP,Libra,7.3254,7.3268
2025-01-28,13:08:29,2025-01,GBP,Libra,7.3004,7.3018
2025-01-27,12:10:27,2025-01,AUD,Dólar Australiano,3.7253,3.7262
2025-01-27,13:07:48,2025-01,AUD,Dólar Australiano,3.7288,3.7298
2025-01-27,13:07:48,2025-01,GBP,Libra,7.3911,7.3948
2025-01-27,12:10:27,2025-01,GBP,Libra,7.4079,7.4092
2025-01-27,11:03:26,2025-01,GBP,Libra,7.3933,7.3952
2025-01-27,10:03:30,2025-01,GBP,Libra,7.4197,7.4251
2025-01-27,11:03:26,2025-01,AUD,Dólar Australiano,3.7203,3.7225
2025-01-27,10:03:30,2025-01,AUD,Dólar Australiano,3.7386,3.7396
2025-01-27,13:07:48,2025-01,GBP,Libra,7.4,7.4038
2025-01-27,13:07:48,2025-01,AUD,Dólar Australiano,3.7243,3.7252
2025-01-27,13:07:48,2025-01,USD,Dólar,5.9338,5.9344
2025-01-27,13:07:48,2025-01,EUR,Euro,6.2217,6.2236
2025-01-27,13:07:48,2025-01,EUR,Euro,6.2293,6.2311
2025-01-27,12:10:27,2025-01,USD,Dólar,5.9263,5.9269
2025-01-27,11:03:26,2025-01,USD,Dólar,5.9137,5.9143
2025-01-27,12:10:27,2025-01,EUR,Euro,6.2274,6.2286
2025-01-27,11:03:26,2025-01,EUR,Euro,6.2206,6.2224
2025-01-27,10:03:30,2025-01,EUR,Euro,6.2415,6.2427
2025-01-27,13:07:48,2025-01,USD,Dólar,5.9266,5.9272
2025-01-27,10:03:30,2025-01,USD,Dólar,5.9324,5.933
2025-01-24,13:03:26,2025-01,EUR,Euro,6.1953,6.1971
2025-01-24,13:03:26,2025-01,AUD,Dólar Australiano,3.7249,3.7264
2025-01-24,13:03:26,2025-01,EUR,Euro,6.1848,6.1866
2025-01-24,12:03:28,2025-01,EUR,Euro,6.179,6.1802
2025-01-24,11:09:26,2025-01,EUR,Euro,6.1636,6.1648
2025-01-24,10:13:20,2025-01,EUR,Euro,6.1874,6.1887
2025-01-24,13:03:26,2025-01,AUD,Dólar Australiano,3.7185,3.7201
2025-01-24,10:13:20,2025-01,USD,Dólar,5.908,5.9086
2025-01-24,11:09:26,2025-01,USD,Dólar,5.888,5.8886
2025-01-24,13:03:26,2025-01,GBP,Libra,7.3531,7.3568
2025-01-24,13:03:26,2025-01,GBP,Libra,7.3406,7.3443
2025-01-24,12:03:28,2025-01,GBP,Libra,7.3257,7.3277
2025-01-24,11:09:26,2025-01,GBP,Libra,7.3094,7.3113
2025-01-24,10:13:20,2025-01,GBP,Libra,7.3306,7.3338
2025-01-24,12:03:28,2025-01,AUD,Dólar Australiano,3.7165,3.7174
2025-01-24,11:09:26,2025-01,AUD,Dólar Australiano,3.7124,3.7134
2025-01-24,10:13:20,2025-01,AUD,Dólar Australiano,3.7274,3.7283
2025-01-24,13:03:26,2025-01,USD,Dólar,5.8819,5.8825
2025-01-24,12:03:28,2025-01,USD,Dólar,5.8898,5.8904
2025-01-24,13:03:26,2025-01,USD,Dólar,5.8919,5.8925
2025-01-23,13:08:28,2025-01,USD,Dólar,5.9393,5.9399
2025-01-23,10:07:26,2025-01,USD,Dólar,5.9539,5.9545
2025-01-23,11:08:25,2025-01,USD,Dólar,5.9473,5.9479
2025-01-23,12:10:25,2025-01,USD,Dólar,5.9345,5.9351
2025-01-23,13:08:28,2025-01,USD,Dólar,5.9216,5.9222
2025-01-23,13:08:28,2025-01,EUR,Euro,6.1745,6.1757
2025-01-23,13:08:28,2025-01,EUR,Euro,6.1561,6.1573
2025-01-23,12:10:25,2025-01,EUR,Euro,6.1766,6.1778
2025-01-23,11:08:25,2025-01,EUR,Euro,6.1923,6.1935
2025-01-23,10:07:26,2025-01,EUR,Euro,6.1944,6.1957
2025-01-23,10:07:26,2025-01,GBP,Libra,7.3328,7.3342
2025-01-23,13:08:28,2025-01,GBP,Libra,7.3184,7.3209
2025-01-23,12:10:25,2025-01,GBP,Libra,7.3166,7.3192
2025-01-23,11:08:25,2025-01,GBP,Libra,7.3289,7.332
2025-01-23,13:08:28,2025-01,AUD,Dólar Australiano,3.7239,3.7261
2025-01-23,13:08:28,2025-01,AUD,Dólar Australiano,3.7128,3.715
2025-01-23,12:10:25,2025-01,AUD,Dólar Australiano,3.7245,3.7261
2025-01-23,11:08:25,2025-01,AUD,Dólar Australiano,3.7307,3.7323
2025-01-23,10:07:26,2025-01,AUD,Dólar Australiano,3.7319,3.7341
2025-01-23,13:08:28,2025-01,GBP,Libra,7.2966,7.2991
2025-01-22,11:11:26,2025-01,AUD,Dólar Australiano,3.7606,3.7628
2025-01-22,12:04:26,2025-01,USD,Dólar,5.9363,5.9369
2025-01-22,13:03:29,2025-01,USD,Dólar,5.941,5.9416
2025-01-22,13:03:29,2025-01,USD,Dólar,5.9668,5.9674
2025-01-22,13:03:29,2025-01,AUD,Dólar Australiano,3.7412,3.7434
2025-01-22,13:03:29,2025-01,AUD,Dólar Australiano,3.725,3.7272
2025-01-22,12:04:26,2025-01,AUD,Dólar Australiano,3.7232,3.7272
2025-01-22,12:04:26,2025-01,EUR,Euro,6.1874,6.1898
2025-01-22,10:08:27,2025-01,AUD,Dólar Australiano,3.7727,3.7748
2025-01-22,10:08:27,2025-01,EUR,Euro,6.2666,6.2678
2025-01-22,11:11:26,2025-01,EUR,Euro,6.2443,6.2461
2025-01-22,10:08:27,2025-01,USD,Dólar,6.0036,6.0042
2025-01-22,13:03:29,2025-01,EUR,Euro,6.2168,6.218
2025-01-22,10:08:27,2025-01,GBP,Libra,7.4168,7.4206
2025-01-22,11:11:26,2025-01,GBP,Libra,7.3895,7.3926
2025-01-22,12:04:26,2025-01,GBP,Libra,7.323,7.3244
2025-01-22,13:03:29,2025-01,GBP,Libra,7.3169,7.3201
2025-01-22,11:11:26,2025-01,USD,Dólar,5.9863,5.9869
2025-01-22,13:03:29,2025-01,EUR,Euro,6.1899,6.1911
2025-01-22,13:03:29,2025-01,GBP,Libra,7.3487,7.3518
2025-01-21,13:11:47,2025-01,USD,Dólar,6.0434,6.044
2025-01-21,10:05:27,2025-01,AUD,Dólar Australiano,3.766,3.7682
2025-01-21,11:08:26,2025-01,AUD,Dólar Australiano,3.7731,3.7759
2025-01-21,12:11:30,2025-01,AUD,Dólar Australiano,3.7742,3.777
2025-01-21,13:11:47,2025-01,AUD,Dólar Australiano,3.772,3.7742
2025-01-21,13:11:47,2025-01,AUD,Dólar Australiano,3.7814,3.7835
2025-01-21,13:11:47,2025-01,EUR,Euro,6.2851,6.2864
2025-01-21,12:11:30,2025-01,USD,Dólar,6.0435,6.0441
2025-01-21,10:05:27,2025-01,USD,Dólar,6.0518,6.0524
2025-01-21,11:08:26,2025-01,USD,Dólar,6.0496,6.0502
2025-01-21,13:11:47,2025-01,USD,Dólar,6.0285,6.0291
2025-01-21,10:05:27,2025-01,GBP,Libra,7.4098,7.4118
2025-01-21,11:08:26,2025-01,GBP,Libra,7.4271,7.4315
2025-01-21,10:05:27,2025-01,EUR,Euro,6.2654,6.2667
2025-01-21,11:08:26,2025-01,EUR,Euro,6.2783,6.2801
2025-01-21,12:11:30,2025-01,EUR,Euro,6.278,6.2792
2025-01-21,13:11:47,2025-01,EUR,Euro,6.2696,6.2709
2025-01-21,13:11:47,2025-01,GBP,Libra,7.4322,7.4353
2025-01-21,13:11:47,2025-01,GBP,Libra,7.4138,7.417
2025-01-21,12:11:30,2025-01,GBP,Libra,7.4208,7.424
2025-01-20,13:07:31,2025-01,EUR,Euro,6.2866,6.2878
2025-01-20,10:10:29,2025-01,USD,Dólar,6.0775,6.0781
2025-01-20,11:06:32,2025-01,USD,Dólar,6.0415,6.0421
2025-01-20,12:02:29,2025-01,USD,Dólar,6.033,6.0336
2025-01-20,13:07:31,2025-01,USD,Dólar,6.0448,6.0454
2025-01-20,13:07:31,2025-01,USD,Dólar,6.0492,6.0498
2025-01-20,13:07:31,2025-01,AUD,Dólar Australiano,3.7838,3.7866
2025-01-20,13:07:31,2025-01,AUD,Dólar Australiano,3.781,3.7838
2025-01-20,12:02:29,2025-01,AUD,Dólar Australiano,3.7863,3.7873
2025-01-20,11:06:32,2025-01,AUD,Dólar Australiano,3.785,3.7878
2025-01-20,13:07:31,2025-01,EUR,Euro,6.2912,6.2924
2025-01-20,10:10:29,2025-01,AUD,Dólar Australiano,3.7729,3.7739
2025-01-20,13:07:31,2025-01,GBP,Libra,7.4339,7.4376
2025-01-20,13:07:31,2025-01,GBP,Libra,7.4285,7.4322
2025-01-20,12:02:29,2025-01,GBP,Libra,7.4236,7.4249
2025-01-20,10:10:29,2025-01,EUR,Euro,6.2714,6.2732
2025-01-20,11:06:32,2025-01,EUR,Euro,6.2826,6.2838
2025-01-20,12:02:29,2025-01,EUR,Euro,6.2834,6.2846
2025-01-20,11:06:32,2025-01,GBP,Libra,7.4286,7.433
2025-01-20,10:10:29,2025-01,GBP,Libra,7.4133,7.4147
2025-01-17,13:11:29,2025-01,USD,Dólar,6.0458,6.0464
2025-01-17,10:03:27,2025-01,EUR,Euro,6.2328,6.234
2025-01-17,13:11:29,2025-01,GBP,Libra,7.3905,7.3943
2025-01-17,13:11:29,2025-01,GBP,Libra,7.3729,7.3766
2025-01-17,12:04:27,2025-01,GBP,Libra,7.3777,7.3815
2025-01-17,11:10:25,2025-01,GBP,Libra,7.4155,7.4187
2025-01-17,13:11:29,2025-01,USD,Dólar,6.0603,6.0609
2025-01-17,13:11:29,2025-01,AUD,Dólar Australiano,3.7677,3.7699
2025-01-17,12:04:27,2025-01,USD,Dólar,6.0518,6.0524
2025-01-17,13:11:29,2025-01,AUD,Dólar Australiano,3.7587,3.7609
2025-01-17,10:03:27,2025-01,USD,Dólar,6.0554,6.056
2025-01-17,10:03:27,2025-01,GBP,Libra,7.3791,7.3829
2025-01-17,11:10:25,2025-01,EUR,Euro,6.2649,6.2661
2025-01-17,12:04:27,2025-01,EUR,Euro,6.2315,6.2328
2025-01-17,13:11:29,2025-01,EUR,Euro,6.226,6.2278
2025-01-17,13:11:29,2025-01,EUR,Euro,6.2409,6.2427
2025-01-17,10:03:27,2025-01,AUD,Dólar Australiano,3.7453,3.7487
2025-01-17,11:10:25,2025-01,AUD,Dólar Australiano,3.7601,3.7623
2025-01-17,12:04:27,2025-01,AUD,Dólar Australiano,3.7551,3.7561
2025-01-17,11:10:25,2025-01,USD,Dólar,6.0883,6.0889
2025-01-16,13:06:28,2025-01,USD,Dólar,6.0316,6.0322
2025-01-16,13:06:28,2025-01,USD,Dólar,6.0273,6.0279
2025-01-16,13:06:28,2025-01,EUR,Euro,6.2132,6.2144
2025-01-16,12:05:25,2025-01,USD,Dólar,6.0155,6.0161
2025-01-16,10:05:25,2025-01,AUD,Dólar Australiano,3.7425,3.7446
2025-01-16,13:06:28,2025-01,GBP,Libra,7.3791,7.3804
2025-01-16,11:08:26,2025-01,AUD,Dólar Australiano,3.7525,3.7534
2025-01-16,12:05:25,2025-01,AUD,Dólar Australiano,3.7332,3.7342
2025-01-16,13:06:28,2025-01,AUD,Dólar Australiano,3.7478,3.75
2025-01-16,13:06:28,2025-01,AUD,Dólar Australiano,3.7504,3.7526
2025-01-16,13:06:28,2025-01,EUR,Euro,6.2087,6.2099
2025-01-16,11:08:26,2025-01,USD,Dólar,6.0465,6.0471
2025-01-16,10:05:25,2025-01,USD,Dólar,6.0372,6.0378
2025-01-16,13:06:28,2025-01,GBP,Libra,7.3738,7.3751
2025-01-16,12:05:25,2025-01,GBP,Libra,7.3365,7.3402
2025-01-16,11:08:26,2025-01,GBP,Libra,7.3743,7.3756
2025-01-16,10:05:25,2025-01,GBP,Libra,7.3636,7.3673
2025-01-16,10:05:25,2025-01,EUR,Euro,6.2014,6.2026
2025-01-16,11:08:26,2025-01,EUR,Euro,6.2158,6.217
2025-01-16,12:05:25,2025-01,EUR,Euro,6.1833,6.1846
2025-01-15,11:04:26,2025-01,EUR,Euro,6.2223,6.2242
2025-01-15,10:09:27,2025-01,EUR,Euro,6.2275,6.2293
2025-01-15,13:06:07,2025-01,EUR,Euro,6.2244,6.2256
2025-01-15,13:06:07,2025-01,EUR,Euro,6.2218,6.2231
2025-01-15,13:06:07,2025-01,AUD,Dólar Australiano,3.7575,3.7609
2025-01-15,13:06:07,2025-01,AUD,Dólar Australiano,3.759,3.7624
2025-01-15,12:03:28,2025-01,AUD,Dólar Australiano,3.77,3.771
2025-01-15,12:03:28,2025-01,EUR,Euro,6.2427,6.2439
2025-01-15,11:04:26,2025-01,AUD,Dólar Australiano,3.7552,3.7574
2025-01-15,12:03:28,2025-01,GBP,Libra,7.4149,7.4163
2025-01-15,10:09:27,2025-01,USD,Dólar,6.0473,6.0479
2025-01-15,10:09:27,2025-01,GBP,Libra,7.385,7.3881
2025-01-15,11:04:26,2025-01,GBP,Libra,7.3991,7.4004
2025-01-15,13:06:07,2025-01,GBP,Libra,7.4027,7.4065
2025-01-15,13:06:07,2025-01,GBP,Libra,7.3997,7.4034
2025-01-15,13:06:07,2025-01,USD,Dólar,6.0371,6.0377
2025-01-15,13:06:07,2025-01,USD,Dólar,6.0396,6.0402
2025-01-15,12:03:28,2025-01,USD,Dólar,6.0456,6.0462
2025-01-15,11:04:26,2025-01,USD,Dólar,6.016,6.0166
2025-01-15,10:09:27,2025-01,AUD,Dólar Australiano,3.7469,3.7491
2025-01-14,13:07:27,2025-01,USD,Dólar,6.0665,6.0671
2025-01-14,11:06:26,2025-01,GBP,Libra,7.3686,7.3724
2025-01-14,13:07:27,2025-01,USD,Dólar,6.0526,6.0532
2025-01-14,12:03:49,2025-01,USD,Dólar,6.0701,6.0707
2025-01-14,11:06:26,2025-01,USD,Dólar,6.0642,6.0648
2025-01-14,10:05:29,2025-01,USD,Dólar,6.0792,6.0798
2025-01-14,12:03:49,2025-01,AUD,Dólar Australiano,3.7507,3.7517
2025-01-14,11:06:26,2025-01,EUR,Euro,6.2176,6.2188
2025-01-14,10:05:29,2025-01,EUR,Euro,6.23,6.2312
2025-01-14,13:07:27,2025-01,GBP,Libra,7.3999,7.4037
2025-01-14,13:07:27,2025-01,GBP,Libra,7.383,7.3867
2025-01-14,12:03:49,2025-01,GBP,Libra,7.3788,7.3808
2025-01-14,13:07:27,2025-01,AUD,Dólar Australiano,3.7496,3.7506
2025-01-14,10:05:29,2025-01,GBP,Libra,7.3929,7.3967
2025-01-14,10:05:29,2025-01,AUD,Dólar Australiano,3.7527,3.7537
2025-01-14,13:07:27,2025-01,AUD,Dólar Australiano,3.7582,3.7592
2025-01-14,12:03:49,2025-01,EUR,Euro,6.2328,6.234
2025-01-14,13:07:27,2025-01,EUR,Euro,6.2299,6.2318
2025-01-14,13:07:27,2025-01,EUR,Euro,6.2442,6.2461
2025-01-14,11:06:26,2025-01,AUD,Dólar Australiano,3.7434,3.7456
2025-01-13,13:03:30,2025-01,USD,Dólar,6.105,6.1056
2025-01-13,12:09:28,2025-01,USD,Dólar,6.1132,6.1138
2025-01-13,11:09:26,2025-01,USD,Dólar,6.1167,6.1173
2025-01-13,10:03:28,2025-01,USD,Dólar,6.0942,6.0948
2025-01-13,13:03:30,2025-01,EUR,Euro,6.2276,6.2288
2025-01-13,13:03:30,2025-01,GBP,Libra,7.421,7.4223
2025-01-13,13:03:30,2025-01,EUR,Euro,6.2253,6.2265
2025-01-13,12:09:28,2025-01,EUR,Euro,6.2404,6.2422
2025-01-13,11:09:26,2025-01,EUR,Euro,6.2439,6.2452
2025-01-13,10:03:28,2025-01,EUR,Euro,6.2173,6.2185
2025-01-13,13:03:30,2025-01,USD,Dólar,6.1073,6.1079
2025-01-13,13:03:30,2025-01,AUD,Dólar Australiano,3.7554,3.7576
2025-01-13,13:03:30,2025-01,AUD,Dólar Australiano,3.754,3.7562
2025-01-13,12:09:28,2025-01,AUD,Dólar Australiano,3.7633,3.7649
2025-01-13,13:03:30,2025-01,GBP,Libra,7.4182,7.4195
2025-01-13,12:09:28,2025-01,GBP,Libra,7.4269,7.4301
2025-01-13,11:09:26,2025-01,GBP,Libra,7.4257,7.4295
2025-01-13,10:03:28,2025-01,GBP,Libra,7.3868,7.3899
2025-01-13,10:03:28,2025-01,AUD,Dólar Australiano,3.7492,3.7513
2025-01-13,11:09:26,2025-01,AUD,Dólar Australiano,3.7612,3.7628
2025-01-10,11:04:25,2025-01,AUD,Dólar Australiano,3.7534,3.7562
2025-01-10,10:07:27,2025-01,AUD,Dólar Australiano,3.7481,3.7515
2025-01-10,12:07:24,2025-01,AUD,Dólar Australiano,3.7639,3.7667
2025-01-10,13:04:30,2025-01,AUD,Dólar Australiano,3.7627,3.7637
2025-01-10,13:04:30,2025-01,AUD,Dólar Australiano,3.752,3.753
2025-01-10,13:04:30,2025-01,EUR,Euro,6.2489,6.2501
2025-01-10,12:07:24,2025-01,EUR,Euro,6.2611,6.2642
2025-01-10,11:04:25,2025-01,EUR,Euro,6.2577,6.2589
2025-01-10,10:07:27,2025-01,EUR,Euro,6.2428,6.244
2025-01-10,13:04:30,2025-01,EUR,Euro,6.2667,6.268
2025-01-10,13:04:30,2025-01,GBP,Libra,7.4547,7.4578
2025-01-10,11:04:25,2025-01,USD,Dólar,6.1021,6.1027
2025-01-10,12:07:24,2025-01,GBP,Libra,7.4758,7.479
2025-01-10,13:04:30,2025-01,GBP,Libra,7.476,7.4791
2025-01-10,11:04:25,2025-01,GBP,Libra,7.4623,7.466
2025-01-10,10:07:27,2025-01,GBP,Libra,7.4604,7.4636
2025-01-10,13:04:30,2025-01,USD,Dólar,6.0959,6.0965
2025-01-10,13:04:30,2025-01,USD,Dólar,6.1133,6.1139
2025-01-10,12:07:24,2025-01,USD,Dólar,6.1102,6.1108
2025-01-10,10:07:27,2025-01,USD,Dólar,6.058,6.0586
2025-01-09,11:05:26,2025-01,AUD,Dólar Australiano,3.7826,3.7836
2025-01-09,13:03:27,2025-01,USD,Dólar,6.089,6.0896
2025-01-09,13:03:27,2025-01,EUR,Euro,6.2498,6.2511
2025-01-09,13:03:27,2025-01,USD,Dólar,6.0684,6.069
2025-01-09,12:02:28,2025-01,USD,Dólar,6.0758,6.0764
2025-01-09,13:03:27,2025-01,EUR,Euro,6.2711,6.2723
2025-01-09,11:05:26,2025-01,USD,Dólar,6.104,6.1046
2025-01-09,10:04:26,2025-01,AUD,Dólar Australiano,3.7826,3.786
2025-01-09,12:02:28,2025-01,AUD,Dólar Australiano,3.7658,3.768
2025-01-09,13:03:27,2025-01,AUD,Dólar Australiano,3.7569,3.7579
2025-01-09,13:03:27,2025-01,AUD,Dólar Australiano,3.7697,3.7707
2025-01-09,13:03:27,2025-01,GBP,Libra,7.4901,7.4933
2025-01-09,13:03:27,2025-01,GBP,Libra,7.4647,7.4679
2025-01-09,12:02:28,2025-01,GBP,Libra,7.4805,7.4843
2025-01-09,11:05:26,2025-01,GBP,Libra,7.5079,7.5099
2025-01-09,10:04:26,2025-01,GBP,Libra,7.5071,7.5109
2025-01-09,12:02:28,2025-01,EUR,Euro,6.2623,6.2636
2025-01-09,11:05:26,2025-01,EUR,Euro,6.2914,6.2932
2025-01-09,10:04:26,2025-01,EUR,Euro,6.2929,6.2941
2025-01-09,10:04:26,2025-01,USD,Dólar,6.1078,6.1084
2025-01-08,13:08:59,2025-01,USD,Dólar,6.1315,6.1321
2025-01-08,13:08:59,2025-01,EUR,Euro,6.3161,6.3179
2025-01-08,13:08:59,2025-01,EUR,Euro,6.3065,6.3083
2025-01-08,12:02:27,2025-01,EUR,Euro,6.3111,6.3123
2025-01-08,10:06:25,2025-01,EUR,Euro,6.2981,6.3
2025-01-08,12:02:27,2025-01,USD,Dólar,6.1326,6.1332
2025-01-08,10:06:25,2025-01,USD,Dólar,6.126,6.1266
2025-01-08,13:08:59,2025-01,GBP,Libra,7.5669,7.5701
2025-01-08,13:08:59,2025-01,GBP,Libra,7.5554,7.5586
2025-01-08,12:02:27,2025-01,GBP,Libra,7.5597,7.5616
2025-01-08,11:10:27,2025-01,GBP,Libra,7.5929,7.5973
2025-01-08,10:06:25,2025-01,GBP,Libra,7.5564,7.5596
2025-01-08,11:10:27,2025-01,USD,Dólar,6.1451,6.1457
2025-01-08,11:10:27,2025-01,EUR,Euro,6.3313,6.3325
2025-01-08,13:08:59,2025-01,USD,Dólar,6.1222,6.1228
2025-01-08,13:08:59,2025-01,AUD,Dólar Australiano,3.8058,3.808
2025-01-08,13:08:59,2025-01,AUD,Dólar Australiano,3.8,3.8023
2025-01-08,12:02:27,2025-01,AUD,Dólar Australiano,3.7998,3.8032
2025-01-08,11:10:27,2025-01,AUD,Dólar Australiano,3.8124,3.8153
2025-01-08,10:06:25,2025-01,AUD,Dólar Australiano,3.792,3.7954
2025-01-07,11:11:26,2025-01,EUR,Euro,6.3091,6.311
2025-01-07,13:03:28,2025-01,USD,Dólar,6.0621,6.0627
2025-01-07,12:04:29,2025-01,EUR,Euro,6.311,6.3153
2025-01-07,10:05:26,2025-01,USD,Dólar,6.089,6.0896
2025-01-07,13:03:28,2025-01,AUD,Dólar Australiano,3.7935,3.7957
2025-01-07,13:03:28,2025-01,AUD,Dólar Australiano,3.7864,3.7886
2025-01-07,12:04:29,2025-01,AUD,Dólar Australiano,3.8066,3.8076
2025-01-07,11:11:26,2025-01,AUD,Dólar Australiano,3.8051,3.8073
2025-01-07,10:05:26,2025-01,AUD,Dólar Australiano,3.8202,3.8218
2025-01-07,11:11:26,2025-01,USD,Dólar,6.0688,6.0694
2025-01-07,12:04:29,2025-01,USD,Dólar,6.0741,6.0747
2025-01-07,13:03:28,2025-01,USD,Dólar,6.0735,6.0741
2025-01-07,11:11:26,2025-01,GBP,Libra,7.6109,7.6141
2025-01-07,13:03:28,2025-01,EUR,Euro,6.2876,6.2894
2025-01-07,13:03:28,2025-01,EUR,Euro,6.2994,6.3013
2025-01-07,10:05:26,2025-01,EUR,Euro,6.3253,6.3265
2025-01-07,13:03:28,2025-01,GBP,Libra,7.5894,7.5932
2025-01-07,13:03:28,2025-01,GBP,Libra,7.5752,7.579
2025-01-07,12:04:29,2025-01,GBP,Libra,7.6102,7.6116
2025-01-07,10:05:26,2025-01,GBP,Libra,7.6265,7.6297
2025-01-06,10:06:27,2025-01,USD,Dólar,6.1088,6.1094
2025-01-06,13:06:28,2025-01,GBP,Libra,7.6434,7.6466
2025-01-06,13:06:28,2025-01,GBP,Libra,7.6473,7.6505
2025-01-06,12:05:42,2025-01,GBP,Libra,7.6527,7.6541
2025-01-06,11:06:27,2025-01,GBP,Libra,7.652,7.6552
2025-01-06,13:06:28,2025-01,USD,Dólar,6.1113,6.1119
2025-01-06,13:06:28,2025-01,USD,Dólar,6.1144,6.115
2025-01-06,10:06:27,2025-01,GBP,Libra,7.6574,7.6587
2025-01-06,11:06:27,2025-01,USD,Dólar,6.1055,6.1061
2025-01-06,12:05:42,2025-01,USD,Dólar,6.1163,6.1169
2025-01-06,10:06:27,2025-01,EUR,Euro,6.3593,6.3617
2025-01-06,10:06:27,2025-01,AUD,Dólar Australiano,3.8406,3.8428
2025-01-06,13:06:28,2025-01,AUD,Dólar Australiano,3.8165,3.8193
2025-01-06,13:06:28,2025-01,AUD,Dólar Australiano,3.8184,3.8213
2025-01-06,11:06:27,2025-01,EUR,Euro,6.3595,6.3613
2025-01-06,11:06:27,2025-01,AUD,Dólar Australiano,3.8397,3.8426
2025-01-06,12:05:42,2025-01,AUD,Dólar Australiano,3.8319,3.8328
2025-01-06,13:06:28,2025-01,EUR,Euro,6.3553,6.3565
2025-01-06,13:06:28,2025-01,EUR,Euro,6.3521,6.3533
2025-01-06,12:05:42,2025-01,EUR,Euro,6.3567,6.3579
2025-01-03,13:07:30,2025-01,GBP,Libra,7.6343,7.6375
2025-01-03,12:06:27,2025-01,GBP,Libra,7.6428,7.6467
2025-01-03,11:02:27,2025-01,GBP,Libra,7.6173,7.6205
2025-01-03,10:11:26,2025-01,AUD,Dólar Australiano,3.832,3.8342
2025-01-03,13:07:30,2025-01,AUD,Dólar Australiano,3.819,3.8212
2025-01-03,13:07:30,2025-01,AUD,Dólar Australiano,3.8194,3.8216
2025-01-03,12:06:27,2025-01,AUD,Dólar Australiano,3.8282,3.8317
2025-01-03,11:02:27,2025-01,AUD,Dólar Australiano,3.8185,3.8201
2025-01-03,13:07:30,2025-01,GBP,Libra,7.6352,7.6384
2025-01-03,11:02:27,2025-01,EUR,Euro,6.3224,6.3236
2025-01-03,10:11:26,2025-01,EUR,Euro,6.3442,6.3454
2025-01-03,13:07:30,2025-01,EUR,Euro,6.333,6.3342
2025-01-03,13:07:30,2025-01,EUR,Euro,6.3337,6.3349
2025-01-03,12:06:27,2025-01,EUR,Euro,6.3471,6.3483
2025-01-03,13:07:30,2025-01,USD,Dólar,6.1557,6.1563
2025-01-03,10:11:26,2025-01,GBP,Libra,7.6437,7.6469
2025-01-03,10:11:26,2025-01,USD,Dólar,6.1618,6.1624
2025-01-03,11:02:27,2025-01,USD,Dólar,6.143,6.1436
2025-01-03,12:06:27,2025-01,USD,Dólar,6.1616,6.1622
2025-01-03,13:07:30,2025-01,USD,Dólar,6.1564,6.157
2025-01-02,13:09:42,2025-01,USD,Dólar,6.1902,6.1908
2025-01-02,13:09:42,2025-01,USD,Dólar,6.208,6.2086
2025-01-02,10:10:25,2025-01,GBP,Libra,7.7311,7.7349
2025-01-02,11:10:26,2025-01,GBP,Libra,7.7078,7.7111
2025-01-02,12:10:12,2025-01,GBP,Libra,7.6891,7.693
2025-01-02,13:09:42,2025-01,GBP,Libra,7.6591,7.6624
2025-01-02,12:10:12,2025-01,USD,Dólar,6.2024,6.203
2025-01-02,13:09:42,2025-01,GBP,Libra,7.6812,7.6844
2025-01-02,10:10:25,2025-01,USD,Dólar,6.2252,6.2258
2025-01-02,11:10:26,2025-01,USD,Dólar,6.214,6.2146
2025-01-02,11:10:26,2025-01,AUD,Dólar Australiano,3.862,3.8642
2025-01-02,13:09:42,2025-01,EUR,Euro,6.3781,6.3793
2025-01-02,13:09:42,2025-01,EUR,Euro,6.3598,6.361
2025-01-02,12:10:12,2025-01,EUR,Euro,6.3903,6.3922
2025-01-02,11:10:26,2025-01,EUR,Euro,6.4091,6.4104
2025-01-02,10:10:25,2025-01,EUR,Euro,6.4232,6.425
2025-01-02,13:09:42,2025-01,AUD,Dólar Australiano,3.8539,3.8562
2025-01-02,13:09:42,2025-01,AUD,Dólar Australiano,3.8429,3.8451
2025-01-02,12:10:12,2025-01,AUD,Dólar Australiano,3.8523,3.8545
2025-01-02,10:10:25,2025-01,AUD,Dólar Australiano,3.8646,3.8668
2024-12-31,10:04:09,2024-12,EUR,Euro,6.4344,6.4363
2024-12-31,10:04:09,2024-12,USD,Dólar,6.1917,6.1923
2024-12-31,10:04:09,2024-12,USD,Dólar,6.1917,6.1923
2024-12-31,10:04:09,2024-12,AUD,Dólar Australiano,3.8382,3.8392
2024-12-31,10:04:09,2024-12,AUD,Dólar Australiano,3.8382,3.8392
2024-12-31,10:04:09,2024-12,GBP,Libra,7.757,7.762
2024-12-31,10:04:09,2024-12,EUR,Euro,6.4344,6.4363
2024-12-31,10:04:09,2024-12,GBP,Libra,7.757,7.762
2024-12-30,13:06:26,2024-12,GBP,Libra,7.7471,7.7484
2024-12-30,10:08:40,2024-12,EUR,Euro,6.4724,6.4743
2024-12-30,10:08:40,2024-12,GBP,Libra,7.8019,7.8057
2024-12-30,10:08:40,2024-12,USD,Dólar,6.1949,6.1955
2024-12-30,12:05:26,2024-12,USD,Dólar,6.175,6.1756
2024-12-30,13:06:26,2024-12,GBP,Libra,7.7933,7.7947
2024-12-30,12:05:26,2024-12,GBP,Libra,7.7515,7.7553
2024-12-30,11:06:47,2024-12,GBP,Libra,7.7443,7.7457
2024-12-30,12:05:26,2024-12,EUR,Euro,6.4251,6.4269
2024-12-30,11:06:47,2024-12,EUR,Euro,6.4076,6.4089
2024-12-30,11:06:47,2024-12,USD,Dólar,6.1683,6.1689
2024-12-30,10:08:40,2024-12,AUD,Dólar Australiano,3.8631,3.8654
2024-12-30,13:06:26,2024-12,USD,Dólar,6.1917,6.1923
2024-12-30,13:06:26,2024-12,EUR,Euro,6.427,6.4282
2024-12-30,13:06:26,2024-12,USD,Dólar,6.2287,6.2293
2024-12-30,11:06:47,2024-12,AUD,Dólar Australiano,3.8342,3.8352
2024-12-30,12:05:26,2024-12,AUD,Dólar Australiano,3.8409,3.8431
2024-12-30,13:06:26,2024-12,AUD,Dólar Australiano,3.8711,3.8734
2024-12-30,13:06:26,2024-12,EUR,Euro,6.4654,6.4666
2024-12-30,13:06:26,2024-12,AUD,Dólar Australiano,3.8481,3.8504
2024-12-27,13:03:30,2024-12,USD,Dólar,6.1985,6.1991
2024-12-27,13:03:30,2024-12,AUD,Dólar Australiano,3.8505,3.8527
2024-12-27,12:05:26,2024-12,GBP,Libra,7.7878,7.7916
2024-12-27,13:03:30,2024-12,GBP,Libra,7.7979,7.7992
2024-12-27,13:03:30,2024-12,GBP,Libra,7.7952,7.7966
2024-12-27,10:11:26,2024-12,AUD,Dólar Australiano,3.8486,3.8496
2024-12-27,11:05:26,2024-12,AUD,Dólar Australiano,3.8616,3.8626
2024-12-27,12:05:26,2024-12,AUD,Dólar Australiano,3.848,3.849
2024-12-27,13:03:30,2024-12,AUD,Dólar Australiano,3.8518,3.854
2024-12-27,10:11:26,2024-12,USD,Dólar,6.1875,6.1881
2024-12-27,13:03:30,2024-12,USD,Dólar,6.2006,6.2012
2024-12-27,11:05:26,2024-12,USD,Dólar,6.2094,6.21
2024-12-27,10:11:26,2024-12,EUR,Euro,6.4548,6.456
2024-12-27,11:05:26,2024-12,EUR,Euro,6.4814,6.4832
2024-12-27,10:11:26,2024-12,GBP,Libra,7.7666,7.7704
2024-12-27,12:05:26,2024-12,EUR,Euro,6.4605,6.4617
2024-12-27,13:03:30,2024-12,EUR,Euro,6.4623,6.4635
2024-12-27,12:05:26,2024-12,USD,Dólar,6.1965,6.1971
2024-12-27,11:05:26,2024-12,GBP,Libra,7.8071,7.8097
2024-12-27,13:03:30,2024-12,EUR,Euro,6.4601,6.4613
2024-12-26,13:09:30,2024-12,GBP,Libra,7.713,7.7144
2024-12-26,13:09:30,2024-12,AUD,Dólar Australiano,3.8315,3.8344
2024-12-26,10:06:26,2024-12,USD,Dólar,6.1725,6.1731
2024-12-26,11:07:25,2024-12,USD,Dólar,6.17,6.1706
2024-12-26,12:05:28,2024-12,USD,Dólar,6.166,6.1666
2024-12-26,13:09:29,2024-12,USD,Dólar,6.1514,6.152
2024-12-26,13:09:30,2024-12,USD,Dólar,6.165,6.1656
2024-12-26,10:06:26,2024-12,EUR,Euro,6.4188,6.42
2024-12-26,11:07:25,2024-12,EUR,Euro,6.418,6.4199
2024-12-26,12:05:28,2024-12,EUR,Euro,6.4139,6.4151
2024-12-26,13:09:29,2024-12,EUR,Euro,6.4024,6.4042
2024-12-26,13:09:30,2024-12,EUR,Euro,6.4165,6.4184
2024-12-26,13:09:29,2024-12,GBP,Libra,7.696,7.6974
2024-12-26,13:09:29,2024-12,AUD,Dólar Australiano,3.8231,3.8259
2024-12-26,12:05:28,2024-12,GBP,Libra,7.7106,7.7144
2024-12-26,10:06:26,2024-12,AUD,Dólar Australiano,3.8418,3.844
2024-12-26,11:07:25,2024-12,AUD,Dólar Australiano,3.8396,3.8424
2024-12-26,12:05:28,2024-12,AUD,Dólar Australiano,3.8359,3.8381
2024-12-26,10:06:26,2024-12,GBP,Libra,7.728,7.7293
2024-12-26,11:07:25,2024-12,GBP,Libra,7.7255,7.7293
2024-12-24,11:10:05,2024-12,GBP,Libra,7.7431,7.7463
2024-12-24,10:08:37,2024-12,EUR,Euro,6.3826,6.3851
2024-12-24,11:10:05,2024-12,EUR,Euro,6.3994,6.4027
2024-12-24,11:10:05,2024-12,AUD,Dólar Australiano,3.8435,3.8451
2024-12-24,11:10:05,2024-12,AUD,Dólar Australiano,3.8374,3.8389
2024-12-24,10:08:37,2024-12,GBP,Libra,7.707,7.7134
2024-12-24,10:08:37,2024-12,AUD,Dólar Australiano,3.8259,3.8272
2024-12-24,11:10:05,2024-12,GBP,Libra,7.7309,7.7339
2024-12-24,11:10:05,2024-12,EUR,Euro,6.4095,6.413
2024-12-24,11:10:05,2024-12,USD,Dólar,6.1527,6.1541
2024-12-24,11:10:05,2024-12,USD,Dólar,6.1624,6.164
2024-12-24,10:08:37,2024-12,USD,Dólar,6.143,6.1442
2024-12-23,10:09:29,2024-12,GBP,Libra,7.7029,7.7067
2024-12-23,12:04:26,2024-12,GBP,Libra,7.7165,7.7191
2024-12-23,12:04:26,2024-12,USD,Dólar,6.1599,6.1605
2024-12-23,13:03:27,2024-12,USD,Dólar,6.1649,6.1655
2024-12-23,13:03:27,2024-12,USD,Dólar,6.1606,6.1612
2024-12-23,13:03:27,2024-12,GBP,Libra,7.716,7.7192
2024-12-23,13:03:27,2024-12,AUD,Dólar Australiano,3.8374,3.8403
2024-12-23,13:03:27,2024-12,EUR,Euro,6.4009,6.4027
2024-12-23,11:07:28,2024-12,GBP,Libra,7.7223,7.7261
2024-12-23,12:04:26,2024-12,EUR,Euro,6.402,6.4038
2024-12-23,11:07:28,2024-12,EUR,Euro,6.4125,6.4138
2024-12-23,10:09:29,2024-12,EUR,Euro,6.394,6.3958
2024-12-23,11:07:28,2024-12,USD,Dólar,6.1665,6.1671
2024-12-23,10:09:29,2024-12,USD,Dólar,6.151,6.1516
2024-12-23,13:03:27,2024-12,EUR,Euro,6.4053,6.4072
2024-12-23,10:09:29,2024-12,AUD,Dólar Australiano,3.8376,3.8404
2024-12-23,13:03:27,2024-12,GBP,Libra,7.7106,7.7138
2024-12-23,13:03:27,2024-12,AUD,Dólar Australiano,3.8401,3.843
2024-12-23,12:04:26,2024-12,AUD,Dólar Australiano,3.8352,3.8386
2024-12-23,11:07:28,2024-12,AUD,Dólar Australiano,3.8405,3.8427
2024-12-20,13:08:36,2024-12,GBP,Libra,7.6198,7.6236
2024-12-20,12:06:27,2024-12,GBP,Libra,7.6286,7.6342
2024-12-20,13:08:36,2024-12,GBP,Libra,7.6252,7.629
2024-12-20,13:08:36,2024-12,AUD,Dólar Australiano,3.798,3.8002
2024-12-20,13:08:36,2024-12,AUD,Dólar Australiano,3.7953,3.7975
2024-12-20,12:06:27,2024-12,USD,Dólar,6.0805,6.0811
2024-12-20,13:08:36,2024-12,USD,Dólar,6.0774,6.078
2024-12-20,13:08:36,2024-12,USD,Dólar,6.0817,6.0823
2024-12-20,10:02:51,2024-12,GBP,Libra,7.5753,7.5791
2024-12-20,11:09:27,2024-12,USD,Dólar,6.0894,6.09
2024-12-20,10:02:51,2024-12,USD,Dólar,6.0578,6.0584
2024-12-20,11:09:27,2024-12,GBP,Libra,7.644,7.6454
2024-12-20,11:09:27,2024-12,EUR,Euro,6.3372,6.3385
2024-12-20,13:08:36,2024-12,EUR,Euro,6.3225,6.3244
2024-12-20,12:06:27,2024-12,AUD,Dólar Australiano,3.7912,3.7952
2024-12-20,10:02:51,2024-12,AUD,Dólar Australiano,3.7758,3.7768
2024-12-20,11:09:27,2024-12,AUD,Dólar Australiano,3.7961,3.7983
2024-12-20,13:08:36,2024-12,EUR,Euro,6.3181,6.3199
2024-12-20,12:06:27,2024-12,EUR,Euro,6.3195,6.3219
2024-12-20,10:02:51,2024-12,EUR,Euro,6.2934,6.2947
2024-12-19,10:10:29,2024-12,AUD,Dólar Australiano,3.9206,3.9234
2024-12-19,10:10:29,2024-12,USD,Dólar,6.2759,6.2764
2024-12-19,11:10:39,2024-12,USD,Dólar,6.173,6.1736
2024-12-19,12:08:28,2024-12,USD,Dólar,6.1499,6.1505
2024-12-19,13:03:32,2024-12,USD,Dólar,6.1351,6.1357
2024-12-19,13:03:32,2024-12,USD,Dólar,6.1835,6.1841
2024-12-19,12:08:28,2024-12,GBP,Libra,7.7366,7.7379
2024-12-19,11:10:39,2024-12,GBP,Libra,7.7743,7.7756
2024-12-19,13:03:32,2024-12,EUR,Euro,6.4179,6.4197
2024-12-19,13:03:32,2024-12,EUR,Euro,6.3676,6.3695
2024-12-19,13:03:32,2024-12,GBP,Libra,7.6983,7.7021
2024-12-19,10:10:29,2024-12,GBP,Libra,7.9145,7.9183
2024-12-19,11:10:39,2024-12,AUD,Dólar Australiano,3.8594,3.8616
2024-12-19,12:08:28,2024-12,AUD,Dólar Australiano,3.8505,3.8514
2024-12-19,13:03:32,2024-12,AUD,Dólar Australiano,3.8357,3.8379
2024-12-19,10:10:29,2024-12,EUR,Euro,6.5225,6.5243
2024-12-19,13:03:32,2024-12,AUD,Dólar Australiano,3.8659,3.8682
2024-12-19,13:03:32,2024-12,GBP,Libra,7.7591,7.7629
2024-12-19,11:10:39,2024-12,EUR,Euro,6.4187,6.4212
2024-12-19,12:08:28,2024-12,EUR,Euro,6.3934,6.3947
2024-12-18,13:05:29,2024-12,USD,Dólar,6.1618,6.1624
2024-12-18,12:09:29,2024-12,USD,Dólar,6.1564,6.157
2024-12-18,11:05:33,2024-12,USD,Dólar,6.1587,6.1593
2024-12-18,10:03:27,2024-12,USD,Dólar,6.1445,6.1451
2024-12-18,13:05:29,2024-12,USD,Dólar,6.1875,6.1881
2024-12-18,12:09:29,2024-12,GBP,Libra,7.8168,7.8206
2024-12-18,12:09:29,2024-12,EUR,Euro,6.4618,6.4636
2024-12-18,11:05:33,2024-12,EUR,Euro,6.4617,6.4636
2024-12-18,13:05:29,2024-12,AUD,Dólar Australiano,3.8844,3.8866
2024-12-18,13:05:29,2024-12,AUD,Dólar Australiano,3.9006,3.9028
2024-12-18,12:09:29,2024-12,AUD,Dólar Australiano,3.8927,3.8949
2024-12-18,11:05:33,2024-12,AUD,Dólar Australiano,3.8935,3.8958
2024-12-18,10:03:27,2024-12,AUD,Dólar Australiano,3.8827,3.8849
2024-12-18,11:05:33,2024-12,GBP,Libra,7.816,7.8174
2024-12-18,10:03:27,2024-12,GBP,Libra,7.8066,7.8098
2024-12-18,13:05:29,2024-12,EUR,Euro,6.4539,6.4551
2024-12-18,13:05:29,2024-12,EUR,Euro,6.4808,6.482
2024-12-18,13:05:29,2024-12,GBP,Libra,7.8206,7.8219
2024-12-18,13:05:29,2024-12,GBP,Libra,7.8532,7.8546
2024-12-18,10:03:27,2024-12,EUR,Euro,6.4456,6.4468
2024-12-17,13:02:29,2024-12,EUR,Euro,6.4757,6.4769
2024-12-17,13:02:29,2024-12,EUR,Euro,6.4757,6.4769
2024-12-17,13:02:29,2024-12,GBP,Libra,7.8394,7.8408
2024-12-17,13:02:29,2024-12,GBP,Libra,7.8394,7.8408
2024-12-17,12:10:26,2024-12,EUR,Euro,6.5006,6.5025
2024-12-17,10:09:27,2024-12,EUR,Euro,6.459,6.4614
2024-12-17,13:02:29,2024-12,USD,Dólar,6.1679,6.1685
2024-12-17,13:02:29,2024-12,USD,Dólar,6.1679,6.1685
2024-12-17,12:10:26,2024-12,USD,Dólar,6.1887,6.1893
2024-12-17,11:10:28,2024-12,USD,Dólar,6.1634,6.164
2024-12-17,10:09:27,2024-12,USD,Dólar,6.1514,6.152
2024-12-17,12:10:26,2024-12,GBP,Libra,7.8535,7.8579
2024-12-17,11:10:28,2024-12,EUR,Euro,6.474,6.4759
2024-12-17,11:10:28,2024-12,GBP,Libra,7.8281,7.8307
2024-12-17,10:09:27,2024-12,GBP,Libra,7.8154,7.818
2024-12-17,13:02:29,2024-12,AUD,Dólar Australiano,3.9104,3.9127
2024-12-17,12:10:26,2024-12,AUD,Dólar Australiano,3.9249,3.9277
2024-12-17,11:10:28,2024-12,AUD,Dólar Australiano,3.915,3.916
2024-12-17,10:09:27,2024-12,AUD,Dólar Australiano,3.9024,3.9059
2024-12-17,13:02:29,2024-12,AUD,Dólar Australiano,3.9104,3.9127
2024-12-16,12:06:27,2024-12,GBP,Libra,7.6623,7.6667
2024-12-16,10:10:28,2024-12,GBP,Libra,7.6356,7.637
2024-12-16,13:11:37,2024-12,GBP,Libra,7.6913,7.6945
2024-12-16,13:11:37,2024-12,GBP,Libra,7.6774,7.6804
2024-12-16,13:11:37,2024-12,USD,Dólar,6.0614,6.062
2024-12-16,13:11:37,2024-12,USD,Dólar,6.0504,6.0509
2024-12-16,11:05:28,2024-12,EUR,Euro,6.3539,6.355
2024-12-16,12:06:27,2024-12,USD,Dólar,6.0576,6.0582
2024-12-16,11:05:28,2024-12,USD,Dólar,6.0473,6.0478
2024-12-16,10:10:28,2024-12,USD,Dólar,6.0351,6.0357
2024-12-16,10:10:28,2024-12,EUR,Euro,6.3314,6.3327
2024-12-16,11:05:28,2024-12,GBP,Libra,7.6571,7.6601
2024-12-16,12:06:27,2024-12,EUR,Euro,6.3508,6.3526
2024-12-16,13:11:37,2024-12,EUR,Euro,6.3681,6.3693
2024-12-16,13:11:37,2024-12,EUR,Euro,6.3566,6.3577
2024-12-16,13:11:37,2024-12,AUD,Dólar Australiano,3.8535,3.8556
2024-12-16,13:11:37,2024-12,AUD,Dólar Australiano,3.8605,3.8627
2024-12-16,12:06:27,2024-12,AUD,Dólar Australiano,3.8478,3.8506
2024-12-16,11:05:28,2024-12,AUD,Dólar Australiano,3.8455,3.8476
2024-12-16,10:10:28,2024-12,AUD,Dólar Australiano,3.8365,3.8375
2024-12-13,13:11:29,2024-12,EUR,Euro,6.3341,6.336
2024-12-13,10:04:27,2024-12,USD,Dólar,6.0395,6.0401
2024-12-13,11:03:26,2024-12,USD,Dólar,6.0241,6.0247
2024-12-13,12:02:29,2024-12,USD,Dólar,6.0276,6.0282
2024-12-13,13:11:29,2024-12,USD,Dólar,6.0664,6.067
2024-12-13,13:11:29,2024-12,USD,Dólar,6.0394,6.04
2024-12-13,13:11:29,2024-12,AUD,Dólar Australiano,3.8392,3.8414
2024-12-13,13:11:29,2024-12,AUD,Dólar Australiano,3.8564,3.8586
2024-12-13,10:04:27,2024-12,AUD,Dólar Australiano,3.8532,3.856
2024-12-13,11:03:26,2024-12,AUD,Dólar Australiano,3.8428,3.845
2024-12-13,13:11:29,2024-12,GBP,Libra,7.6509,7.6541
2024-12-13,13:11:29,2024-12,EUR,Euro,6.3624,6.3643
2024-12-13,12:02:29,2024-12,EUR,Euro,6.3223,6.3236
2024-12-13,11:03:26,2024-12,EUR,Euro,6.3301,6.332
2024-12-13,10:04:27,2024-12,EUR,Euro,6.3511,6.353
2024-12-13,12:02:29,2024-12,AUD,Dólar Australiano,3.8354,3.8388
2024-12-13,13:11:29,2024-12,GBP,Libra,7.6169,7.6201
2024-12-13,12:02:29,2024-12,GBP,Libra,7.6159,7.6196
2024-12-13,11:03:26,2024-12,GBP,Libra,7.6289,7.6315
2024-12-13,10:04:27,2024-12,GBP,Libra,7.6472,7.6498
2024-12-12,10:06:27,2024-12,USD,Dólar,5.903,5.9036
2024-12-12,13:10:28,2024-12,GBP,Libra,7.5363,7.5401
2024-12-12,13:10:27,2024-12,GBP,Libra,7.6037,7.6075
2024-12-12,12:03:27,2024-12,GBP,Libra,7.5677,7.572
2024-12-12,11:02:27,2024-12,GBP,Libra,7.5348,7.5385
2024-12-12,10:06:27,2024-12,GBP,Libra,7.5122,7.5135
2024-12-12,10:06:27,2024-12,AUD,Dólar Australiano,3.7738,3.7759
2024-12-12,11:02:27,2024-12,USD,Dólar,5.9203,5.9209
2024-12-12,13:10:27,2024-12,USD,Dólar,5.9933,5.9939
2024-12-12,12:03:27,2024-12,AUD,Dólar Australiano,3.8026,3.8053
2024-12-12,13:10:27,2024-12,AUD,Dólar Australiano,3.8231,3.8259
2024-12-12,13:10:28,2024-12,AUD,Dólar Australiano,3.7893,3.792
2024-12-12,13:10:28,2024-12,EUR,Euro,6.2206,6.2224
2024-12-12,13:10:27,2024-12,EUR,Euro,6.2762,6.278
2024-12-12,11:02:27,2024-12,AUD,Dólar Australiano,3.7872,3.7882
2024-12-12,11:02:27,2024-12,EUR,Euro,6.2063,6.2075
2024-12-12,10:06:27,2024-12,EUR,Euro,6.1917,6.1929
2024-12-12,13:10:28,2024-12,USD,Dólar,5.9402,5.9408
2024-12-12,12:03:27,2024-12,EUR,Euro,6.2528,6.2546
2024-12-12,12:03:27,2024-12,USD,Dólar,5.9443,5.9449
2024-12-11,13:05:29,2024-12,USD,Dólar,6.0314,6.032
2024-12-11,10:11:13,2024-12,EUR,Euro,6.3414,6.3432
2024-12-11,11:10:29,2024-12,EUR,Euro,6.3401,6.342
2024-12-11,12:07:28,2024-12,EUR,Euro,6.3311,6.3329
2024-12-11,13:05:29,2024-12,EUR,Euro,6.3263,6.3282
2024-12-11,13:05:29,2024-12,GBP,Libra,7.6858,7.6872
2024-12-11,13:05:29,2024-12,GBP,Libra,7.6909,7.6923
2024-12-11,12:07:28,2024-12,GBP,Libra,7.69,7.6932
2024-12-11,11:10:29,2024-12,GBP,Libra,7.6924,7.6961
2024-12-11,10:11:13,2024-12,USD,Dólar,6.0377,6.0383
2024-12-11,11:10:29,2024-12,USD,Dólar,6.0233,6.0239
2024-12-11,12:07:28,2024-12,USD,Dólar,6.029,6.0296
2024-12-11,13:05:29,2024-12,USD,Dólar,6.0354,6.036
2024-12-11,10:11:13,2024-12,GBP,Libra,7.692,7.6952
2024-12-11,13:05:29,2024-12,EUR,Euro,6.3305,6.3324
2024-12-11,10:11:13,2024-12,AUD,Dólar Australiano,3.8376,3.8398
2024-12-11,13:05:29,2024-12,AUD,Dólar Australiano,3.8384,3.84
2024-12-11,11:10:29,2024-12,AUD,Dólar Australiano,3.8356,3.8384
2024-12-11,12:07:28,2024-12,AUD,Dólar Australiano,3.8363,3.8384
2024-12-11,13:05:29,2024-12,AUD,Dólar Australiano,3.8409,3.8425
2024-12-10,11:11:25,2024-12,EUR,Euro,6.3683,6.3696
2024-12-10,10:03:27,2024-12,USD,Dólar,6.0542,6.0548
2024-12-10,12:05:25,2024-12,USD,Dólar,6.043,6.0436
2024-12-10,13:11:51,2024-12,USD,Dólar,6.0596,6.0602
2024-12-10,10:03:27,2024-12,AUD,Dólar Australiano,3.8735,3.8757
2024-12-10,11:11:25,2024-12,AUD,Dólar Australiano,3.8693,3.8715
2024-12-10,12:05:25,2024-12,AUD,Dólar Australiano,3.8572,3.8594
2024-12-10,13:11:51,2024-12,AUD,Dólar Australiano,3.8581,3.8616
2024-12-10,13:11:51,2024-12,AUD,Dólar Australiano,3.8535,3.8569
2024-12-10,13:11:51,2024-12,USD,Dólar,6.0523,6.0529
2024-12-10,13:11:51,2024-12,EUR,Euro,6.3567,6.3586
2024-12-10,13:11:51,2024-12,EUR,Euro,6.3644,6.3662
2024-12-10,10:03:27,2024-12,EUR,Euro,6.3757,6.3769
2024-12-10,12:05:25,2024-12,EUR,Euro,6.3566,6.3585
2024-12-10,13:11:51,2024-12,GBP,Libra,7.7094,7.7108
2024-12-10,13:11:51,2024-12,GBP,Libra,7.7187,7.7201
2024-12-10,12:05:25,2024-12,GBP,Libra,7.7,7.7032
2024-12-10,11:11:25,2024-12,GBP,Libra,7.7168,7.7194
2024-12-10,10:03:27,2024-12,GBP,Libra,7.7215,7.7247
2024-12-10,11:11:25,2024-12,USD,Dólar,6.0524,6.053
2024-12-09,10:02:31,2024-12,USD,Dólar,6.0546,6.0552
2024-12-09,11:07:26,2024-12,USD,Dólar,6.0609,6.0615
2024-12-09,12:08:28,2024-12,USD,Dólar,6.0495,6.0501
2024-12-09,13:10:28,2024-12,USD,Dólar,6.0606,6.0612
2024-12-09,13:10:28,2024-12,USD,Dólar,6.0564,6.057
2024-12-09,13:10:28,2024-12,EUR,Euro,6.4188,6.42
2024-12-09,13:10:28,2024-12,EUR,Euro,6.4143,6.4156
2024-12-09,10:02:31,2024-12,AUD,Dólar Australiano,3.9022,3.9044
2024-12-09,12:08:28,2024-12,EUR,Euro,6.3986,6.401
2024-12-09,11:07:26,2024-12,EUR,Euro,6.4094,6.4112
2024-12-09,10:02:31,2024-12,GBP,Libra,7.7226,7.7264
2024-12-09,11:07:26,2024-12,GBP,Libra,7.7434,7.7472
2024-12-09,12:08:28,2024-12,GBP,Libra,7.7276,7.7332
2024-12-09,13:10:28,2024-12,GBP,Libra,7.7527,7.7577
2024-12-09,13:10:28,2024-12,GBP,Libra,7.7473,7.7524
2024-12-09,13:10:28,2024-12,AUD,Dólar Australiano,3.9161,3.9183
2024-12-09,13:10:28,2024-12,AUD,Dólar Australiano,3.9188,3.921
2024-12-09,12:08:28,2024-12,AUD,Dólar Australiano,3.9062,3.9102
2024-12-09,11:07:26,2024-12,AUD,Dólar Australiano,3.9178,3.9188
2024-12-09,10:02:31,2024-12,EUR,Euro,6.3967,6.3979
2024-12-06,12:02:28,2024-12,GBP,Libra,7.7135,7.7148
2024-12-06,10:11:26,2024-12,EUR,Euro,6.3551,6.3563
2024-12-06,13:07:27,2024-12,EUR,Euro,6.403,6.4048
2024-12-06,13:07:27,2024-12,EUR,Euro,6.3681,6.37
2024-12-06,13:07:27,2024-12,GBP,Libra,7.7232,7.7264
2024-12-06,10:11:26,2024-12,GBP,Libra,7.668,7.6712
2024-12-06,11:05:25,2024-12,GBP,Libra,7.6782,7.6796
2024-12-06,13:07:27,2024-12,GBP,Libra,7.6812,7.6843
2024-12-06,11:05:25,2024-12,AUD,Dólar Australiano,3.8601,3.8629
2024-12-06,12:02:28,2024-12,EUR,Euro,6.3937,6.3956
2024-12-06,13:07:27,2024-12,AUD,Dólar Australiano,3.8511,3.8533
2024-12-06,13:07:27,2024-12,AUD,Dólar Australiano,3.8722,3.8744
2024-12-06,12:02:28,2024-12,AUD,Dólar Australiano,3.8758,3.8792
2024-12-06,10:11:26,2024-12,USD,Dólar,6.0061,6.0067
2024-12-06,11:05:25,2024-12,USD,Dólar,6.0014,6.002
2024-12-06,12:02:28,2024-12,USD,Dólar,6.0455,6.0461
2024-12-06,13:07:27,2024-12,USD,Dólar,6.0617,6.0623
2024-12-06,13:07:27,2024-12,USD,Dólar,6.0287,6.0293
2024-12-06,11:05:25,2024-12,EUR,Euro,6.3633,6.3651
2024-12-06,10:11:26,2024-12,AUD,Dólar Australiano,3.8523,3.8533
2024-12-05,11:03:27,2024-12,AUD,Dólar Australiano,3.8593,3.8615
2024-12-05,13:06:30,2024-12,AUD,Dólar Australiano,3.8503,3.8525
2024-12-05,13:06:30,2024-12,AUD,Dólar Australiano,3.8421,3.8443
2024-12-05,12:22:46,2024-12,AUD,Dólar Australiano,3.8477,3.8499
2024-12-05,11:03:27,2024-12,GBP,Libra,7.6389,7.6427
2024-12-05,12:22:46,2024-12,GBP,Libra,7.6172,7.621
2024-12-05,13:06:30,2024-12,GBP,Libra,7.6168,7.6199
2024-12-05,13:06:30,2024-12,GBP,Libra,7.633,7.6361
2024-12-05,10:02:27,2024-12,AUD,Dólar Australiano,3.8615,3.8637
2024-12-05,10:02:27,2024-12,GBP,Libra,7.6384,7.6416
2024-12-05,13:06:30,2024-12,EUR,Euro,6.3266,6.3278
2024-12-05,13:06:30,2024-12,USD,Dólar,5.9716,5.9722
2024-12-05,10:02:27,2024-12,USD,Dólar,6.0027,6.0033
2024-12-05,11:03:27,2024-12,USD,Dólar,5.9918,5.9924
2024-12-05,12:22:46,2024-12,USD,Dólar,5.971,5.9716
2024-12-05,13:06:30,2024-12,USD,Dólar,5.9843,5.9849
2024-12-05,11:03:27,2024-12,EUR,Euro,6.3315,6.3328
2024-12-05,13:06:30,2024-12,EUR,Euro,6.3132,6.3144
2024-12-05,10:02:27,2024-12,EUR,Euro,6.3244,6.3263
2024-12-05,12:22:46,2024-12,EUR,Euro,6.3143,6.3156
2024-12-04,13:02:28,2024-12,GBP,Libra,7.6967,7.6998
2024-12-04,13:02:28,2024-12,USD,Dólar,6.0353,6.0359
2024-12-04,10:04:26,2024-12,GBP,Libra,7.6818,7.6856
2024-12-04,11:08:26,2024-12,GBP,Libra,7.6829,7.6861
2024-12-04,12:05:26,2024-12,GBP,Libra,7.6902,7.6946
2024-12-04,13:02:28,2024-12,GBP,Libra,7.6685,7.6716
2024-12-04,10:04:26,2024-12,AUD,Dólar Australiano,3.8828,3.8856
2024-12-04,11:08:26,2024-12,AUD,Dólar Australiano,3.8851,3.8873
2024-12-04,11:08:26,2024-12,USD,Dólar,6.0648,6.0654
2024-12-04,13:02:28,2024-12,AUD,Dólar Australiano,3.8962,3.899
2024-12-04,13:02:28,2024-12,AUD,Dólar Australiano,3.8819,3.8847
2024-12-04,12:05:26,2024-12,AUD,Dólar Australiano,3.8869,3.8879
2024-12-04,12:05:26,2024-12,USD,Dólar,6.0629,6.0635
2024-12-04,13:02:28,2024-12,USD,Dólar,6.0575,6.0581
2024-12-04,10:04:26,2024-12,USD,Dólar,6.0668,6.0674
2024-12-04,13:02:28,2024-12,EUR,Euro,6.3779,6.3792
2024-12-04,13:02:28,2024-12,EUR,Euro,6.3546,6.3558
2024-12-04,12:05:26,2024-12,EUR,Euro,6.3624,6.3642
2024-12-04,11:08:26,2024-12,EUR,Euro,6.3577,6.359
2024-12-04,10:04:26,2024-12,EUR,Euro,6.3635,6.3653
2024-12-03,11:02:28,2024-12,EUR,Euro,6.391,6.3923
2024-12-03,12:02:28,2024-12,AUD,Dólar Australiano,3.9394,3.9404
2024-12-03,13:06:28,2024-12,AUD,Dólar Australiano,3.9223,3.9245
2024-12-03,13:06:28,2024-12,AUD,Dólar Australiano,3.931,3.9332
2024-12-03,13:06:28,2024-12,EUR,Euro,6.3833,6.3852
2024-12-03,13:06:28,2024-12,EUR,Euro,6.3692,6.3711
2024-12-03,12:02:28,2024-12,EUR,Euro,6.3965,6.4008
2024-12-03,13:06:28,2024-12,USD,Dólar,6.0701,6.0707
2024-12-03,10:02:28,2024-12,EUR,Euro,6.3764,6.3776
2024-12-03,10:02:28,2024-12,USD,Dólar,6.0687,6.0693
2024-12-03,11:02:28,2024-12,USD,Dólar,6.0728,6.0734
2024-12-03,12:02:28,2024-12,USD,Dólar,6.0821,6.0827
2024-12-03,13:06:28,2024-12,GBP,Libra,7.6847,7.6879
2024-12-03,13:06:28,2024-12,GBP,Libra,7.6678,7.671
2024-12-03,12:02:28,2024-12,GBP,Libra,7.6969,7.6995
2024-12-03,11:02:28,2024-12,GBP,Libra,7.693,7.6962
2024-12-03,10:02:28,2024-12,GBP,Libra,7.6727,7.6758
2024-12-03,10:02:28,2024-12,AUD,Dólar Australiano,3.9313,3.9335
2024-12-03,13:06:28,2024-12,USD,Dólar,6.0567,6.0573
2024-12-03,11:02:28,2024-12,AUD,Dólar Australiano,3.9382,3.9416
2024-12-02,13:08:27,2024-12,USD,Dólar,6.087,6.0876
2024-12-02,12:04:27,2024-12,USD,Dólar,6.068,6.0686
2024-12-02,11:04:25,2024-12,USD,Dólar,6.0693,6.0699
2024-12-02,13:08:27,2024-12,USD,Dólar,6.0628,6.0634
2024-12-02,10:04:02,2024-12,USD,Dólar,6.0267,6.0273
2024-12-02,10:04:02,2024-12,AUD,Dólar Australiano,3.9029,3.9057
2024-12-02,13:08:27,2024-12,AUD,Dólar Australiano,3.9081,3.9103
2024-12-02,10:04:02,2024-12,EUR,Euro,6.328,6.3299
2024-12-02,10:04:02,2024-12,GBP,Libra,7.6328,7.6342
2024-12-02,11:04:25,2024-12,GBP,Libra,7.7007,7.7021
2024-12-02,12:04:27,2024-12,GBP,Libra,7.6651,7.6701
2024-12-02,13:08:27,2024-12,AUD,Dólar Australiano,3.9237,3.9259
2024-12-02,13:08:27,2024-12,GBP,Libra,7.6549,7.6587
2024-12-02,13:08:27,2024-12,EUR,Euro,6.3471,6.349
2024-12-02,13:08:27,2024-12,EUR,Euro,6.3725,6.3743
2024-12-02,12:04:27,2024-12,EUR,Euro,6.3526,6.355
2024-12-02,11:04:25,2024-12,EUR,Euro,6.3758,6.3776
2024-12-02,13:08:27,2024-12,GBP,Libra,7.6854,7.6892
2024-12-02,12:04:27,2024-12,AUD,Dólar Australiano,3.9145,3.9155
2024-12-02,11:04:25,2024-12,AUD,Dólar Australiano,3.9262,3.929
2024-11-29,11:09:25,2024-11,EUR,Euro,6.4293,6.4312
2024-11-29,10:09:26,2024-11,USD,Dólar,6.0923,6.0929
2024-11-29,11:09:25,2024-11,USD,Dólar,6.0872,6.0878
2024-11-29,12:04:27,2024-11,USD,Dólar,6.0526,6.0532
2024-11-29,13:07:34,2024-11,USD,Dólar,5.9794,5.98
2024-11-29,13:07:34,2024-11,USD,Dólar,6.0529,6.0535
2024-11-29,10:09:26,2024-11,GBP,Libra,7.736,7.7374
2024-11-29,11:09:25,2024-11,GBP,Libra,7.721,7.7248
2024-11-29,10:09:26,2024-11,EUR,Euro,6.4359,6.4378
2024-11-29,13:07:34,2024-11,GBP,Libra,7.5974,7.6012
2024-11-29,13:07:34,2024-11,GBP,Libra,7.6908,7.6946
2024-11-29,12:04:27,2024-11,GBP,Libra,7.6783,7.6821
2024-11-29,13:07:34,2024-11,AUD,Dólar Australiano,3.9429,3.9439
2024-11-29,12:04:27,2024-11,AUD,Dólar Australiano,3.9427,3.9449
2024-11-29,11:09:25,2024-11,AUD,Dólar Australiano,3.9585,3.9607
2024-11-29,10:09:26,2024-11,AUD,Dólar Australiano,3.9606,3.9628
2024-11-29,13:07:34,2024-11,AUD,Dólar Australiano,3.895,3.896
2024-11-29,13:07:34,2024-11,EUR,Euro,6.3931,6.3943
2024-11-29,13:07:34,2024-11,EUR,Euro,6.3154,6.3167
2024-11-29,12:04:27,2024-11,EUR,Euro,6.3867,6.3885
2024-11-28,13:05:32,2024-11,EUR,Euro,6.3266,6.3278
2024-11-28,10:11:02,2024-11,EUR,Euro,6.2973,6.2992
2024-11-28,11:08:26,2024-11,EUR,Euro,6.3057,6.3075
2024-11-28,12:05:29,2024-11,EUR,Euro,6.3192,6.321
2024-11-28,13:05:32,2024-11,EUR,Euro,6.317,6.3182
2024-11-28,11:08:26,2024-11,USD,Dólar,5.9866,5.9872
2024-11-28,10:11:02,2024-11,GBP,Libra,7.5648,7.5668
2024-11-28,11:08:26,2024-11,GBP,Libra,7.5814,7.5828
2024-11-28,12:05:29,2024-11,GBP,Libra,7.5935,7.5954
2024-11-28,13:05:32,2024-11,GBP,Libra,7.5921,7.5934
2024-11-28,10:11:02,2024-11,USD,Dólar,5.973,5.9736
2024-11-28,13:05:32,2024-11,GBP,Libra,7.6036,7.605
2024-11-28,13:05:32,2024-11,AUD,Dólar Australiano,3.89,3.8934
2024-11-28,13:05:32,2024-11,AUD,Dólar Australiano,3.8959,3.8993
2024-11-28,10:11:02,2024-11,AUD,Dólar Australiano,3.8795,3.8805
2024-11-28,11:08:26,2024-11,AUD,Dólar Australiano,3.8907,3.8935
2024-11-28,12:05:29,2024-11,AUD,Dólar Australiano,3.8941,3.8951
2024-11-28,13:05:32,2024-11,USD,Dólar,5.9956,5.9962
2024-11-28,13:05:32,2024-11,USD,Dólar,5.9865,5.9871
2024-11-28,12:05:29,2024-11,USD,Dólar,5.9909,5.9915
2024-11-27,11:03:26,2024-11,EUR,Euro,6.1548,6.156
2024-11-27,10:09:26,2024-11,AUD,Dólar Australiano,3.7737,3.777
2024-11-27,10:09:26,2024-11,EUR,Euro,6.1305,6.1323
2024-11-27,13:02:27,2024-11,GBP,Libra,7.3876,7.3907
2024-11-27,13:02:27,2024-11,GBP,Libra,7.4036,7.4067
2024-11-27,12:09:26,2024-11,GBP,Libra,7.3727,7.3763
2024-11-27,11:03:26,2024-11,GBP,Libra,7.3708,7.3721
2024-11-27,10:09:26,2024-11,GBP,Libra,7.3535,7.3548
2024-11-27,13:02:27,2024-11,EUR,Euro,6.174,6.1758
2024-11-27,13:02:27,2024-11,EUR,Euro,6.1607,6.1625
2024-11-27,12:09:26,2024-11,EUR,Euro,6.1511,6.1529
2024-11-27,11:03:26,2024-11,AUD,Dólar Australiano,3.7809,3.783
2024-11-27,11:03:26,2024-11,USD,Dólar,5.8212,5.8218
2024-11-27,13:02:27,2024-11,AUD,Dólar Australiano,3.792,3.7942
2024-11-27,13:02:27,2024-11,AUD,Dólar Australiano,3.7839,3.786
2024-11-27,13:02:27,2024-11,USD,Dólar,5.8285,5.8291
2024-11-27,13:02:27,2024-11,USD,Dólar,5.8411,5.8417
2024-11-27,12:09:26,2024-11,USD,Dólar,5.8282,5.8288
2024-11-27,12:09:26,2024-11,AUD,Dólar Australiano,3.7843,3.7858
2024-11-27,10:09:26,2024-11,USD,Dólar,5.8236,5.8242
2024-11-26,11:07:25,2024-11,USD,Dólar,5.8036,5.8042
2024-11-26,12:08:27,2024-11,USD,Dólar,5.7948,5.7954
2024-11-26,13:12:53,2024-11,USD,Dólar,5.8067,5.8073
2024-11-26,13:12:53,2024-11,USD,Dólar,5.7984,5.799
2024-11-26,12:08:27,2024-11,EUR,Euro,6.0857,6.0875
2024-11-26,11:07:25,2024-11,GBP,Libra,7.3009,7.304
2024-11-26,10:02:30,2024-11,GBP,Libra,7.2969,7.2982
2024-11-26,11:07:25,2024-11,EUR,Euro,6.0955,6.0973
2024-11-26,13:12:53,2024-11,EUR,Euro,6.0848,6.0861
2024-11-26,13:12:53,2024-11,EUR,Euro,6.0761,6.0774
2024-11-26,12:08:27,2024-11,GBP,Libra,7.2875,7.29
2024-11-26,13:12:53,2024-11,GBP,Libra,7.2932,7.2969
2024-11-26,13:12:53,2024-11,GBP,Libra,7.2828,7.2864
2024-11-26,10:02:30,2024-11,AUD,Dólar Australiano,3.7625,3.7634
2024-11-26,10:02:30,2024-11,EUR,Euro,6.0911,6.0929
2024-11-26,13:12:53,2024-11,AUD,Dólar Australiano,3.7487,3.7508
2024-11-26,13:12:53,2024-11,AUD,Dólar Australiano,3.754,3.7562
2024-11-26,12:08:27,2024-11,AUD,Dólar Australiano,3.7487,3.7502
2024-11-26,11:07:25,2024-11,AUD,Dólar Australiano,3.7619,3.7634
2024-11-26,10:02:30,2024-11,USD,Dólar,5.7884,5.789
2024-11-25,13:08:26,2024-11,AUD,Dólar Australiano,3.7697,3.773
2024-11-25,12:10:27,2024-11,GBP,Libra,7.2882,7.2919
2024-11-25,13:08:26,2024-11,USD,Dólar,5.7996,5.8002
2024-11-25,13:08:26,2024-11,USD,Dólar,5.8071,5.8077
2024-11-25,12:10:27,2024-11,USD,Dólar,5.7921,5.7927
2024-11-25,11:10:26,2024-11,USD,Dólar,5.7953,5.7959
2024-11-25,10:02:31,2024-11,USD,Dólar,5.804,5.8046
2024-11-25,10:02:31,2024-11,EUR,Euro,6.0878,6.0896
2024-11-25,13:08:26,2024-11,AUD,Dólar Australiano,3.7746,3.7779
2024-11-25,13:08:26,2024-11,GBP,Libra,7.2768,7.2816
2024-11-25,13:08:26,2024-11,GBP,Libra,7.2862,7.291
2024-11-25,11:10:26,2024-11,GBP,Libra,7.3079,7.3109
2024-11-25,10:02:31,2024-11,AUD,Dólar Australiano,3.7772,3.7794
2024-11-25,12:10:27,2024-11,AUD,Dólar Australiano,3.7707,3.7728
2024-11-25,11:10:26,2024-11,EUR,Euro,6.1013,6.1031
2024-11-25,13:08:26,2024-11,EUR,Euro,6.0832,6.085
2024-11-25,11:10:26,2024-11,AUD,Dólar Australiano,3.7803,3.783
2024-11-25,13:08:26,2024-11,EUR,Euro,6.0911,6.0929
2024-11-25,12:10:27,2024-11,EUR,Euro,6.0858,6.0875
2024-11-25,10:02:31,2024-11,GBP,Libra,7.2956,7.2993
2024-11-22,10:06:28,2024-11,GBP,Libra,7.2563,7.2599
2024-11-22,11:04:25,2024-11,GBP,Libra,7.2916,7.2952
2024-11-22,11:04:25,2024-11,EUR,Euro,6.0743,6.0755
2024-11-22,10:06:28,2024-11,EUR,Euro,6.036,6.0377
2024-11-22,12:09:26,2024-11,EUR,Euro,6.0539,6.0551
2024-11-22,13:09:34,2024-11,EUR,Euro,6.041,6.0422
2024-11-22,13:09:34,2024-11,EUR,Euro,6.0501,6.0513
2024-11-22,10:06:28,2024-11,AUD,Dólar Australiano,3.7676,3.7703
2024-11-22,13:09:34,2024-11,AUD,Dólar Australiano,3.7674,3.7701
2024-11-22,13:09:34,2024-11,GBP,Libra,7.2793,7.2829
2024-11-22,12:09:26,2024-11,AUD,Dólar Australiano,3.7812,3.7851
2024-11-22,11:04:25,2024-11,AUD,Dólar Australiano,3.7876,3.7886
2024-11-22,13:09:34,2024-11,USD,Dólar,5.8118,5.8124
2024-11-22,13:09:34,2024-11,USD,Dólar,5.8031,5.8037
2024-11-22,13:09:34,2024-11,GBP,Libra,7.2684,7.272
2024-11-22,13:09:34,2024-11,AUD,Dólar Australiano,3.773,3.7757
2024-11-22,12:09:26,2024-11,GBP,Libra,7.2848,7.2902
2024-11-22,12:09:26,2024-11,USD,Dólar,5.8199,5.8205
2024-11-22,11:04:25,2024-11,USD,Dólar,5.8244,5.825
2024-11-22,10:06:28,2024-11,USD,Dólar,5.7999,5.8005
2024-11-21,13:11:27,2024-11,USD,Dólar,5.8167,5.8173
2024-11-21,12:09:27,2024-11,AUD,Dólar Australiano,3.793,3.7957
2024-11-21,13:11:27,2024-11,EUR,Euro,6.1134,6.1146
2024-11-21,13:11:27,2024-11,EUR,Euro,6.1098,6.111
2024-11-21,12:09:27,2024-11,EUR,Euro,6.123,6.1243
2024-11-21,11:06:28,2024-11,EUR,Euro,6.1252,6.127
2024-11-21,10:07:27,2024-11,EUR,Euro,6.1321,6.1333
2024-11-21,11:06:28,2024-11,GBP,Libra,7.3552,7.3572
2024-11-21,13:11:27,2024-11,USD,Dólar,5.8133,5.8139
2024-11-21,12:09:27,2024-11,GBP,Libra,7.3448,7.3461
2024-11-21,10:07:27,2024-11,AUD,Dólar Australiano,3.8001,3.8022
2024-11-21,11:06:28,2024-11,AUD,Dólar Australiano,3.7954,3.7975
2024-11-21,13:11:27,2024-11,GBP,Libra,7.3341,7.3371
2024-11-21,13:11:27,2024-11,AUD,Dólar Australiano,3.7868,3.7889
2024-11-21,12:09:27,2024-11,USD,Dólar,5.8121,5.8127
2024-11-21,11:06:28,2024-11,USD,Dólar,5.8158,5.8164
2024-11-21,13:11:27,2024-11,GBP,Libra,7.3383,7.3414
2024-11-21,10:07:27,2024-11,USD,Dólar,5.8257,5.8263
2024-11-21,10:07:27,2024-11,GBP,Libra,7.3625,7.3656
2024-11-21,13:11:27,2024-11,AUD,Dólar Australiano,3.789,3.7911
2024-11-19,13:06:31,2024-11,EUR,Euro,6.1128,6.1146
2024-11-19,10:06:26,2024-11,GBP,Libra,7.3038,7.3069
2024-11-19,11:06:29,2024-11,GBP,Libra,7.2871,7.2902
2024-11-19,12:09:27,2024-11,GBP,Libra,7.2972,7.2985
2024-11-19,13:06:31,2024-11,GBP,Libra,7.3121,7.3152
2024-11-19,13:06:31,2024-11,USD,Dólar,5.7737,5.7743
2024-11-19,13:06:31,2024-11,USD,Dólar,5.7744,5.775
2024-11-19,12:09:27,2024-11,USD,Dólar,5.774,5.7746
2024-11-19,13:06:31,2024-11,EUR,Euro,6.112,6.1138
2024-11-19,11:06:29,2024-11,EUR,Euro,6.1005,6.1017
2024-11-19,12:09:27,2024-11,EUR,Euro,6.1043,6.1055
2024-11-19,10:06:26,2024-11,EUR,Euro,6.1079,6.1091
2024-11-19,11:06:29,2024-11,USD,Dólar,5.7688,5.7694
2024-11-19,10:06:26,2024-11,USD,Dólar,5.7774,5.778
2024-11-19,13:06:31,2024-11,GBP,Libra,7.3112,7.3143
2024-11-19,10:06:26,2024-11,AUD,Dólar Australiano,3.7553,3.7574
2024-11-19,11:06:29,2024-11,AUD,Dólar Australiano,3.7497,3.7518
2024-11-19,12:09:27,2024-11,AUD,Dólar Australiano,3.7554,3.7575
2024-11-19,13:06:31,2024-11,AUD,Dólar Australiano,3.7643,3.7665
2024-11-19,13:06:31,2024-11,AUD,Dólar Australiano,3.7639,3.766
2024-11-18,11:06:27,2024-11,GBP,Libra,7.2793,7.2824
2024-11-18,13:10:28,2024-11,GBP,Libra,7.2657,7.267
2024-11-18,12:06:27,2024-11,GBP,Libra,7.2495,7.2543
2024-11-18,11:06:27,2024-11,EUR,Euro,6.0937,6.0955
2024-11-18,13:10:28,2024-11,GBP,Libra,7.2797,7.281
2024-11-18,13:10:28,2024-11,EUR,Euro,6.0897,6.0909
2024-11-18,13:10:28,2024-11,EUR,Euro,6.078,6.0792
2024-11-18,12:06:27,2024-11,EUR,Euro,6.0669,6.0687
2024-11-18,10:11:28,2024-11,EUR,Euro,6.0983,6.0995
2024-11-18,10:11:28,2024-11,USD,Dólar,5.7826,5.7832
2024-11-18,11:06:27,2024-11,USD,Dólar,5.7667,5.7673
2024-11-18,13:10:28,2024-11,AUD,Dólar Australiano,3.734,3.7361
2024-11-18,13:10:28,2024-11,USD,Dólar,5.7597,5.7603
2024-11-18,10:11:28,2024-11,AUD,Dólar Australiano,3.7304,3.7325
2024-11-18,10:11:28,2024-11,GBP,Libra,7.3005,7.3019
2024-11-18,13:10:28,2024-11,AUD,Dólar Australiano,3.7268,3.7289
2024-11-18,11:06:27,2024-11,AUD,Dólar Australiano,3.727,3.7291
2024-11-18,12:06:27,2024-11,AUD,Dólar Australiano,3.7149,3.7158
2024-11-18,12:06:27,2024-11,USD,Dólar,5.7408,5.7414
2024-11-18,13:10:28,2024-11,USD,Dólar,5.7486,5.7492
2024-11-14,13:06:28,2024-11,GBP,Libra,7.345,7.3487
2024-11-14,13:06:28,2024-11,GBP,Libra,7.3535,7.3572
2024-11-14,13:06:28,2024-11,USD,Dólar,5.7879,5.7885
2024-11-14,13:06:28,2024-11,EUR,Euro,6.1201,6.1213
2024-11-14,11:10:27,2024-11,GBP,Libra,7.3228,7.3241
2024-11-14,10:10:27,2024-11,AUD,Dólar Australiano,3.7542,3.7552
2024-11-14,11:10:27,2024-11,AUD,Dólar Australiano,3.7395,3.7405
2024-11-14,12:10:32,2024-11,AUD,Dólar Australiano,3.7396,3.7406
2024-11-14,13:06:28,2024-11,AUD,Dólar Australiano,3.7468,3.7478
2024-11-14,12:10:32,2024-11,GBP,Libra,7.3324,7.336
2024-11-14,13:06:28,2024-11,EUR,Euro,6.113,6.1143
2024-11-14,10:10:27,2024-11,GBP,Libra,7.3534,7.3548
2024-11-14,12:10:32,2024-11,EUR,Euro,6.0986,6.0998
2024-11-14,11:10:27,2024-11,EUR,Euro,6.0917,6.0935
2024-11-14,10:10:27,2024-11,EUR,Euro,6.1173,6.1185
2024-11-14,10:10:27,2024-11,USD,Dólar,5.8061,5.8067
2024-11-14,11:10:27,2024-11,USD,Dólar,5.7851,5.7857
2024-11-14,12:10:32,2024-11,USD,Dólar,5.779,5.7796
2024-11-14,13:06:28,2024-11,USD,Dólar,5.7812,5.7818
2024-11-14,13:06:28,2024-11,AUD,Dólar Australiano,3.7511,3.7521
2024-11-13,13:02:28,2024-11,EUR,Euro,6.1094,6.1112
2024-11-13,13:02:28,2024-11,EUR,Euro,6.142,6.1438
2024-11-13,12:08:25,2024-11,EUR,Euro,6.1238,6.1256
2024-11-13,11:06:26,2024-11,EUR,Euro,6.118,6.1204
2024-11-13,10:05:28,2024-11,EUR,Euro,6.1057,6.1069
2024-11-13,12:08:25,2024-11,AUD,Dólar Australiano,3.7599,3.7609
2024-11-13,13:02:28,2024-11,AUD,Dólar Australiano,3.7504,3.7513
2024-11-13,13:02:28,2024-11,AUD,Dólar Australiano,3.7704,3.7714
2024-11-13,11:06:26,2024-11,AUD,Dólar Australiano,3.7571,3.7581
2024-11-13,13:02:28,2024-11,GBP,Libra,7.3426,7.344
2024-11-13,13:02:28,2024-11,GBP,Libra,7.3818,7.3832
2024-11-13,12:08:25,2024-11,GBP,Libra,7.3521,7.3534
2024-11-13,11:06:26,2024-11,GBP,Libra,7.3358,7.3395
2024-11-13,10:05:28,2024-11,GBP,Libra,7.3193,7.3217
2024-11-13,10:05:28,2024-11,USD,Dólar,5.7433,5.7439
2024-11-13,11:06:26,2024-11,USD,Dólar,5.7527,5.7533
2024-11-13,12:08:25,2024-11,USD,Dólar,5.7854,5.786
2024-11-13,13:02:28,2024-11,USD,Dólar,5.8015,5.8021
2024-11-13,13:02:28,2024-11,USD,Dólar,5.7707,5.7713
2024-11-13,10:05:28,2024-11,AUD,Dólar Australiano,3.7464,3.7473
2024-11-12,10:03:26,2024-11,GBP,Libra,7.3875,7.3888
2024-11-12,13:06:27,2024-11,GBP,Libra,7.37,7.3713
2024-11-12,12:15:56,2024-11,GBP,Libra,7.3693,7.3706
2024-11-12,11:05:25,2024-11,GBP,Libra,7.3989,7.4002
2024-11-12,13:06:27,2024-11,GBP,Libra,7.3627,7.3641
2024-11-12,13:06:27,2024-11,AUD,Dólar Australiano,3.7739,3.7749
2024-11-12,10:03:26,2024-11,AUD,Dólar Australiano,3.7753,3.7762
2024-11-12,12:15:56,2024-11,AUD,Dólar Australiano,3.7679,3.7689
2024-11-12,13:06:27,2024-11,AUD,Dólar Australiano,3.7777,3.7786
2024-11-12,13:06:27,2024-11,USD,Dólar,5.7688,5.7694
2024-11-12,13:06:27,2024-11,USD,Dólar,5.7745,5.7751
2024-11-12,12:15:56,2024-11,USD,Dólar,5.7622,5.7628
2024-11-12,11:05:25,2024-11,USD,Dólar,5.7763,5.7769
2024-11-12,10:03:26,2024-11,USD,Dólar,5.762,5.7626
2024-11-12,11:05:25,2024-11,AUD,Dólar Australiano,3.7835,3.7844
2024-11-12,13:06:27,2024-11,EUR,Euro,6.1201,6.1213
2024-11-12,13:06:27,2024-11,EUR,Euro,6.1262,6.1274
2024-11-12,12:15:56,2024-11,EUR,Euro,6.1177,6.1189
2024-11-12,11:05:25,2024-11,EUR,Euro,6.1356,6.1368
2024-11-12,10:03:26,2024-11,EUR,Euro,6.1192,6.1205
2024-11-11,13:02:29,2024-11,GBP,Libra,7.4465,7.4479
2024-11-11,13:02:29,2024-11,GBP,Libra,7.4607,7.462
2024-11-11,11:10:26,2024-11,AUD,Dólar Australiano,3.8116,3.8125
2024-11-11,12:07:27,2024-11,AUD,Dólar Australiano,3.8057,3.8067
2024-11-11,13:02:29,2024-11,AUD,Dólar Australiano,3.8011,3.8021
2024-11-11,12:07:27,2024-11,GBP,Libra,7.4533,7.4547
2024-11-11,13:02:29,2024-11,AUD,Dólar Australiano,3.8083,3.8093
2024-11-11,11:10:26,2024-11,GBP,Libra,7.4602,7.4656
2024-11-11,10:04:28,2024-11,GBP,Libra,7.483,7.4879
2024-11-11,10:04:28,2024-11,AUD,Dólar Australiano,3.824,3.825
2024-11-11,12:07:27,2024-11,EUR,Euro,6.1651,6.1663
2024-11-11,11:10:26,2024-11,EUR,Euro,6.1755,6.1767
2024-11-11,10:04:28,2024-11,USD,Dólar,5.8107,5.8113
2024-11-11,13:02:29,2024-11,USD,Dólar,5.7864,5.787
2024-11-11,12:07:27,2024-11,USD,Dólar,5.7926,5.7932
2024-11-11,11:10:26,2024-11,USD,Dólar,5.7997,5.8003
2024-11-11,10:04:28,2024-11,EUR,Euro,6.1896,6.1908
2024-11-11,13:02:29,2024-11,EUR,Euro,6.1602,6.1614
2024-11-11,13:02:29,2024-11,EUR,Euro,6.1719,6.1731
2024-11-11,13:02:29,2024-11,USD,Dólar,5.7974,5.798
2024-11-08,13:05:28,2024-11,GBP,Libra,7.4824,7.4838
2024-11-08,12:09:27,2024-11,AUD,Dólar Australiano,3.8123,3.8144
2024-11-08,10:10:29,2024-11,AUD,Dólar Australiano,3.8126,3.8136
2024-11-08,11:11:25,2024-11,AUD,Dólar Australiano,3.7963,3.7996
2024-11-08,13:05:28,2024-11,AUD,Dólar Australiano,3.817,3.818
2024-11-08,10:10:29,2024-11,GBP,Libra,7.4497,7.4511
2024-11-08,13:05:28,2024-11,AUD,Dólar Australiano,3.8044,3.8053
2024-11-08,13:05:28,2024-11,GBP,Libra,7.4577,7.4591
2024-11-08,11:11:25,2024-11,GBP,Libra,7.438,7.4393
2024-11-08,11:11:25,2024-11,USD,Dólar,5.7476,5.7482
2024-11-08,13:05:28,2024-11,USD,Dólar,5.7642,5.7648
2024-11-08,13:05:28,2024-11,EUR,Euro,6.1954,6.1966
2024-11-08,13:05:28,2024-11,EUR,Euro,6.2159,6.2171
2024-11-08,12:09:27,2024-11,EUR,Euro,6.2034,6.2047
2024-11-08,11:11:25,2024-11,EUR,Euro,6.1798,6.1816
2024-11-08,10:10:29,2024-11,EUR,Euro,6.199,6.2002
2024-11-08,10:10:29,2024-11,USD,Dólar,5.7558,5.7564
2024-11-08,12:09:27,2024-11,USD,Dólar,5.7701,5.7707
2024-11-08,13:05:28,2024-11,USD,Dólar,5.7833,5.7839
2024-11-08,12:09:27,2024-11,GBP,Libra,7.463,7.4667
2024-11-07,11:30:30,2024-11,USD,Dólar,5.6388,5.6394
2024-11-07,10:10:29,2024-11,USD,Dólar,5.6728,5.6734
2024-11-07,10:10:29,2024-11,AUD,Dólar Australiano,3.7707,3.7717
2024-11-07,13:02:27,2024-11,GBP,Libra,7.3581,7.3594
2024-11-07,11:30:30,2024-11,AUD,Dólar Australiano,3.7566,3.7575
2024-11-07,12:11:26,2024-11,AUD,Dólar Australiano,3.7765,3.778
2024-11-07,13:02:27,2024-11,AUD,Dólar Australiano,3.7963,3.7972
2024-11-07,13:02:27,2024-11,AUD,Dólar Australiano,3.7849,3.7859
2024-11-07,13:02:27,2024-11,EUR,Euro,6.1204,6.1216
2024-11-07,13:02:27,2024-11,EUR,Euro,6.1388,6.14
2024-11-07,12:11:26,2024-11,EUR,Euro,6.1144,6.1156
2024-11-07,11:30:30,2024-11,EUR,Euro,6.0854,6.0866
2024-11-07,10:10:29,2024-11,EUR,Euro,6.113,6.1142
2024-11-07,13:02:27,2024-11,GBP,Libra,7.3802,7.3815
2024-11-07,12:11:26,2024-11,USD,Dólar,5.6568,5.6574
2024-11-07,13:02:27,2024-11,USD,Dólar,5.6788,5.6794
2024-11-07,13:02:27,2024-11,USD,Dólar,5.6618,5.6624
2024-11-07,12:11:26,2024-11,GBP,Libra,7.3487,7.3507
2024-11-07,11:30:30,2024-11,GBP,Libra,7.3141,7.3154
2024-11-07,10:10:29,2024-11,GBP,Libra,7.3508,7.3522
2024-11-06,11:12:34,2024-11,EUR,Euro,6.1783,6.1807
2024-11-06,13:03:27,2024-11,AUD,Dólar Australiano,3.7592,3.7602
2024-11-06,13:03:27,2024-11,GBP,Libra,7.4301,7.4314
2024-11-06,13:03:27,2024-11,EUR,Euro,6.1896,6.1908
2024-11-06,13:03:27,2024-11,EUR,Euro,6.1403,6.1415
2024-11-06,12:07:26,2024-11,EUR,Euro,6.184,6.1852
2024-11-06,10:11:26,2024-11,EUR,Euro,6.199,6.2003
2024-11-06,13:03:27,2024-11,AUD,Dólar Australiano,3.7894,3.7904
2024-11-06,13:03:27,2024-11,USD,Dólar,5.7642,5.7648
2024-11-06,13:03:27,2024-11,USD,Dólar,5.7183,5.7189
2024-11-06,12:07:26,2024-11,AUD,Dólar Australiano,3.7811,3.7821
2024-11-06,11:12:34,2024-11,AUD,Dólar Australiano,3.7824,3.7833
2024-11-06,10:11:26,2024-11,GBP,Libra,7.4542,7.4555
2024-11-06,11:12:34,2024-11,GBP,Libra,7.4216,7.4241
2024-11-06,12:07:26,2024-11,GBP,Libra,7.4192,7.4205
2024-11-06,10:11:26,2024-11,AUD,Dólar Australiano,3.8083,3.8093
2024-11-06,13:03:27,2024-11,GBP,Libra,7.3709,7.3722
2024-11-06,10:11:26,2024-11,USD,Dólar,5.8,5.8006
2024-11-06,11:12:34,2024-11,USD,Dólar,5.7693,5.7699
2024-11-06,12:07:26,2024-11,USD,Dólar,5.7692,5.7698
2024-11-05,13:08:29,2024-11,EUR,Euro,6.3083,6.3096
2024-11-05,12:09:26,2024-11,EUR,Euro,6.3081,6.3099
2024-11-05,10:02:27,2024-11,EUR,Euro,6.3036,6.3048
2024-11-05,11:09:26,2024-11,EUR,Euro,6.2952,6.2965
2024-11-05,13:08:29,2024-11,AUD,Dólar Australiano,3.8381,3.8391
2024-11-05,13:08:29,2024-11,AUD,Dólar Australiano,3.8365,3.8375
2024-11-05,13:08:29,2024-11,EUR,Euro,6.3057,6.3069
2024-11-05,13:08:29,2024-11,GBP,Libra,7.5204,7.5217
2024-11-05,12:09:26,2024-11,AUD,Dólar Australiano,3.8369,3.8391
2024-11-05,11:09:26,2024-11,AUD,Dólar Australiano,3.8285,3.8318
2024-11-05,10:02:27,2024-11,AUD,Dólar Australiano,3.831,3.8337
2024-11-05,13:08:29,2024-11,GBP,Libra,7.5235,7.5248
2024-11-05,13:08:29,2024-11,USD,Dólar,5.784,5.7846
2024-11-05,13:08:29,2024-11,USD,Dólar,5.7864,5.787
2024-11-05,12:09:26,2024-11,USD,Dólar,5.7846,5.7852
2024-11-05,11:09:26,2024-11,USD,Dólar,5.7797,5.7803
2024-11-05,11:09:26,2024-11,GBP,Libra,7.5032,7.5046
2024-11-05,12:09:26,2024-11,GBP,Libra,7.5246,7.5265
2024-11-05,10:02:27,2024-11,USD,Dólar,5.7852,5.7858
2024-11-05,10:02:27,2024-11,GBP,Libra,7.5127,7.514
2024-11-04,13:02:46,2024-11,EUR,Euro,6.2845,6.2864
2024-11-04,13:02:46,2024-11,AUD,Dólar Australiano,3.806,3.807
2024-11-04,11:02:27,2024-11,EUR,Euro,6.3287,6.33
2024-11-04,10:04:28,2024-11,EUR,Euro,6.327,6.3283
2024-11-04,13:02:46,2024-11,USD,Dólar,5.7892,5.7898
2024-11-04,13:02:46,2024-11,USD,Dólar,5.7667,5.7673
2024-11-04,12:10:27,2024-11,USD,Dólar,5.7842,5.7848
2024-11-04,11:02:27,2024-11,USD,Dólar,5.8035,5.8041
2024-11-04,10:04:28,2024-11,USD,Dólar,5.8025,5.8031
2024-11-04,10:04:28,2024-11,AUD,Dólar Australiano,3.8297,3.8306
2024-11-04,11:02:27,2024-11,AUD,Dólar Australiano,3.8274,3.8284
2024-11-04,12:10:27,2024-11,AUD,Dólar Australiano,3.8187,3.8203
2024-11-04,13:02:46,2024-11,AUD,Dólar Australiano,3.8209,3.8218
2024-11-04,10:04:28,2024-11,GBP,Libra,7.5253,7.5266
2024-11-04,11:02:27,2024-11,GBP,Libra,7.5271,7.5285
2024-11-04,12:10:27,2024-11,GBP,Libra,7.505,7.5064
2024-11-04,13:02:46,2024-11,GBP,Libra,7.484,7.4888
2024-11-04,13:02:46,2024-11,GBP,Libra,7.5132,7.5181
2024-11-04,13:02:46,2024-11,EUR,Euro,6.3091,6.3109
2024-11-04,12:10:27,2024-11,EUR,Euro,6.3036,6.3049
2024-11-01,13:03:27,2024-11,USD,Dólar,5.8259,5.8265
2024-11-01,12:02:28,2024-11,EUR,Euro,6.3217,6.3235
2024-11-01,12:02:28,2024-11,USD,Dólar,5.8248,5.8254
2024-11-01,11:07:25,2024-11,USD,Dólar,5.8062,5.8068
2024-11-01,10:07:27,2024-11,USD,Dólar,5.77,5.7706
2024-11-01,13:03:27,2024-11,EUR,Euro,6.3199,6.3212
2024-11-01,13:03:27,2024-11,USD,Dólar,5.8067,5.8073
2024-11-01,13:03:27,2024-11,EUR,Euro,6.2991,6.3003
2024-11-01,10:07:27,2024-11,EUR,Euro,6.2806,6.283
2024-11-01,11:07:25,2024-11,EUR,Euro,6.3108,6.3137
2024-11-01,11:07:25,2024-11,GBP,Libra,7.5306,7.5355
2024-11-01,10:07:27,2024-11,AUD,Dólar Australiano,3.7978,3.8011
2024-11-01,13:03:27,2024-11,GBP,Libra,7.5492,7.5506
2024-11-01,12:02:28,2024-11,GBP,Libra,7.5524,7.5544
2024-11-01,10:07:27,2024-11,GBP,Libra,7.4739,7.4758
2024-11-01,13:03:27,2024-11,AUD,Dólar Australiano,3.8214,3.8224
2024-11-01,13:03:27,2024-11,AUD,Dólar Australiano,3.834,3.835
2024-11-01,12:02:28,2024-11,AUD,Dólar Australiano,3.8304,3.8314
2024-11-01,11:07:25,2024-11,AUD,Dólar Australiano,3.8216,3.8232
2024-11-01,13:03:27,2024-11,GBP,Libra,7.5243,7.5257
2024-10-31,12:09:28,2024-10,EUR,Euro,6.2783,6.2795
2024-10-31,11:02:28,2024-10,GBP,Libra,7.4739,7.4758
2024-10-31,10:07:18,2024-10,USD,Dólar,5.7596,5.7602
2024-10-31,11:02:28,2024-10,USD,Dólar,5.7798,5.7804
2024-10-31,12:09:28,2024-10,USD,Dólar,5.779,5.7796
2024-10-31,13:09:27,2024-10,USD,Dólar,5.7906,5.7912
2024-10-31,13:09:27,2024-10,USD,Dólar,5.7773,5.7779
2024-10-31,13:09:27,2024-10,EUR,Euro,6.2713,6.2725
2024-10-31,13:09:27,2024-10,GBP,Libra,7.4267,7.4281
2024-10-31,11:02:28,2024-10,EUR,Euro,6.2763,6.2775
2024-10-31,12:09:28,2024-10,GBP,Libra,7.448,7.4493
2024-10-31,13:09:27,2024-10,GBP,Libra,7.4438,7.4452
2024-10-31,10:07:18,2024-10,GBP,Libra,7.4742,7.4756
2024-10-31,13:09:27,2024-10,EUR,Euro,6.2857,6.2869
2024-10-31,13:09:27,2024-10,AUD,Dólar Australiano,3.7923,3.7932
2024-10-31,12:09:28,2024-10,AUD,Dólar Australiano,3.7829,3.7839
2024-10-31,11:02:28,2024-10,AUD,Dólar Australiano,3.784,3.785
2024-10-31,10:07:18,2024-10,AUD,Dólar Australiano,3.7869,3.7879
2024-10-31,10:07:18,2024-10,EUR,Euro,6.2653,6.2665
2024-10-31,13:09:27,2024-10,AUD,Dólar Australiano,3.7836,3.7845
2024-10-30,10:05:25,2024-10,USD,Dólar,5.7843,5.7849
2024-10-30,13:05:35,2024-10,EUR,Euro,6.2763,6.2775
2024-10-30,10:05:25,2024-10,GBP,Libra,7.4895,7.4914
2024-10-30,13:05:35,2024-10,EUR,Euro,6.2783,6.2795
2024-10-30,12:08:39,2024-10,EUR,Euro,6.2678,6.2696
2024-10-30,11:07:27,2024-10,EUR,Euro,6.2652,6.2665
2024-10-30,10:05:25,2024-10,EUR,Euro,6.2546,6.2569
2024-10-30,13:05:35,2024-10,AUD,Dólar Australiano,3.8017,3.8044
2024-10-30,11:07:27,2024-10,USD,Dólar,5.7776,5.7782
2024-10-30,12:08:39,2024-10,USD,Dólar,5.7784,5.779
2024-10-30,13:05:35,2024-10,USD,Dólar,5.7777,5.7783
2024-10-30,13:05:35,2024-10,USD,Dólar,5.7795,5.7801
2024-10-30,12:08:39,2024-10,AUD,Dólar Australiano,3.8005,3.8037
2024-10-30,11:07:27,2024-10,GBP,Libra,7.508,7.5099
2024-10-30,12:08:39,2024-10,GBP,Libra,7.5079,7.5115
2024-10-30,13:05:35,2024-10,GBP,Libra,7.5162,7.5199
2024-10-30,13:05:35,2024-10,AUD,Dólar Australiano,3.8029,3.8056
2024-10-30,13:05:35,2024-10,GBP,Libra,7.5186,7.5222
2024-10-30,10:05:25,2024-10,AUD,Dólar Australiano,3.8014,3.8024
2024-10-30,11:07:27,2024-10,AUD,Dólar Australiano,3.8069,3.8078
2024-10-29,13:09:32,2024-10,EUR,Euro,6.1841,6.1853
2024-10-29,11:07:26,2024-10,GBP,Libra,7.3997,7.4033
2024-10-29,11:07:26,2024-10,USD,Dólar,5.7017,5.7023
2024-10-29,10:06:27,2024-10,USD,Dólar,5.7183,5.7189
2024-10-29,10:06:27,2024-10,GBP,Libra,7.4206,7.422
2024-10-29,13:09:32,2024-10,USD,Dólar,5.7276,5.7282
2024-10-29,12:08:26,2024-10,GBP,Libra,7.4158,7.4172
2024-10-29,13:09:32,2024-10,GBP,Libra,7.4482,7.4495
2024-10-29,13:09:32,2024-10,GBP,Libra,7.4297,7.4311
2024-10-29,12:08:26,2024-10,USD,Dólar,5.7058,5.7064
2024-10-29,13:09:32,2024-10,EUR,Euro,6.1688,6.17
2024-10-29,13:09:32,2024-10,USD,Dólar,5.7134,5.714
2024-10-29,12:08:26,2024-10,EUR,Euro,6.1623,6.1635
2024-10-29,11:07:26,2024-10,EUR,Euro,6.1504,6.1528
2024-10-29,10:06:27,2024-10,EUR,Euro,6.1626,6.1638
2024-10-29,13:09:32,2024-10,AUD,Dólar Australiano,3.7457,3.7467
2024-10-29,13:09:32,2024-10,AUD,Dólar Australiano,3.755,3.756
2024-10-29,12:08:26,2024-10,AUD,Dólar Australiano,3.743,3.744
2024-10-29,11:07:26,2024-10,AUD,Dólar Australiano,3.7392,3.7401
2024-10-29,10:06:27,2024-10,AUD,Dólar Australiano,3.7495,3.7505
2024-10-28,13:02:32,2024-10,USD,Dólar,5.7061,5.7067
2024-10-28,10:02:28,2024-10,EUR,Euro,6.1501,6.1513
2024-10-28,12:06:26,2024-10,EUR,Euro,6.1753,6.1765
2024-10-28,13:02:32,2024-10,EUR,Euro,6.1723,6.1741
2024-10-28,13:02:32,2024-10,EUR,Euro,6.1637,6.1655
2024-10-28,10:02:28,2024-10,GBP,Libra,7.3852,7.3877
2024-10-28,13:02:32,2024-10,USD,Dólar,5.6982,5.6988
2024-10-28,12:06:26,2024-10,USD,Dólar,5.7052,5.7058
2024-10-28,11:03:28,2024-10,USD,Dólar,5.6949,5.6955
2024-10-28,13:02:32,2024-10,AUD,Dólar Australiano,3.7528,3.7538
2024-10-28,13:02:32,2024-10,AUD,Dólar Australiano,3.758,3.759
2024-10-28,12:06:26,2024-10,AUD,Dólar Australiano,3.7666,3.7693
2024-10-28,11:03:28,2024-10,AUD,Dólar Australiano,3.7609,3.7636
2024-10-28,10:02:28,2024-10,USD,Dólar,5.6866,5.6872
2024-10-28,10:02:28,2024-10,AUD,Dólar Australiano,3.7566,3.7592
2024-10-28,13:02:32,2024-10,GBP,Libra,7.3968,7.3982
2024-10-28,13:02:32,2024-10,GBP,Libra,7.4071,7.4084
2024-10-28,12:06:26,2024-10,GBP,Libra,7.4128,7.4164
2024-10-28,11:03:28,2024-10,GBP,Libra,7.3948,7.3985
2024-10-28,11:03:28,2024-10,EUR,Euro,6.1619,6.1631
2024-10-25,13:11:30,2024-10,USD,Dólar,5.6963,5.6969
2024-10-25,12:05:26,2024-10,AUD,Dólar Australiano,3.7813,3.7823
2024-10-25,12:05:26,2024-10,USD,Dólar,5.6956,5.6962
2024-10-25,13:11:30,2024-10,GBP,Libra,7.3921,7.3934
2024-10-25,13:11:30,2024-10,EUR,Euro,6.1583,6.1601
2024-10-25,13:11:30,2024-10,EUR,Euro,6.1678,6.1696
2024-10-25,12:05:26,2024-10,EUR,Euro,6.1683,6.1696
2024-10-25,11:11:29,2024-10,EUR,Euro,6.1666,6.1678
2024-10-25,10:05:26,2024-10,EUR,Euro,6.1696,6.1709
2024-10-25,10:05:26,2024-10,GBP,Libra,7.3958,7.3972
2024-10-25,11:11:29,2024-10,GBP,Libra,7.3926,7.3951
2024-10-25,12:05:26,2024-10,GBP,Libra,7.3986,7.3999
2024-10-25,10:05:26,2024-10,USD,Dólar,5.6926,5.6932
2024-10-25,13:11:30,2024-10,GBP,Libra,7.4035,7.4049
2024-10-25,13:11:30,2024-10,AUD,Dólar Australiano,3.771,3.7719
2024-10-25,13:11:30,2024-10,AUD,Dólar Australiano,3.7768,3.7777
2024-10-25,11:11:29,2024-10,USD,Dólar,5.6919,5.6925
2024-10-25,13:11:30,2024-10,USD,Dólar,5.7051,5.7057
2024-10-25,10:05:26,2024-10,AUD,Dólar Australiano,3.7827,3.7837
2024-10-25,11:11:29,2024-10,AUD,Dólar Australiano,3.7777,3.7787
2024-10-24,10:07:29,2024-10,AUD,Dólar Australiano,3.8,3.801
2024-10-24,10:07:29,2024-10,USD,Dólar,5.7143,5.7149
2024-10-24,13:07:25,2024-10,GBP,Libra,7.3961,7.3997
2024-10-24,13:07:25,2024-10,GBP,Libra,7.3983,7.4019
2024-10-24,10:07:29,2024-10,GBP,Libra,7.4137,7.4151
2024-10-24,10:07:29,2024-10,EUR,Euro,6.1692,6.1709
2024-10-24,11:05:26,2024-10,EUR,Euro,6.1631,6.1643
2024-10-24,12:09:28,2024-10,EUR,Euro,6.1588,6.1628
2024-10-24,13:07:25,2024-10,EUR,Euro,6.1641,6.1658
2024-10-24,11:05:26,2024-10,GBP,Libra,7.4049,7.4079
2024-10-24,13:07:25,2024-10,USD,Dólar,5.7081,5.7087
2024-10-24,13:07:25,2024-10,USD,Dólar,5.7064,5.707
2024-10-24,12:09:28,2024-10,USD,Dólar,5.7052,5.7058
2024-10-24,11:05:26,2024-10,USD,Dólar,5.7066,5.7072
2024-10-24,12:09:28,2024-10,GBP,Libra,7.3934,7.3947
2024-10-24,13:07:25,2024-10,AUD,Dólar Australiano,3.7822,3.7832
2024-10-24,13:07:25,2024-10,EUR,Euro,6.1659,6.1677
2024-10-24,11:05:26,2024-10,AUD,Dólar Australiano,3.7915,3.793
2024-10-24,12:09:28,2024-10,AUD,Dólar Australiano,3.7837,3.7847
2024-10-24,13:07:25,2024-10,AUD,Dólar Australiano,3.7833,3.7843
2024-10-23,10:09:26,2024-10,GBP,Libra,7.3981,7.3993
2024-10-23,13:03:29,2024-10,EUR,Euro,6.1456,6.1474
2024-10-23,12:02:28,2024-10,EUR,Euro,6.1696,6.1708
2024-10-23,11:07:28,2024-10,EUR,Euro,6.1603,6.1615
2024-10-23,10:09:26,2024-10,EUR,Euro,6.1536,6.1547
2024-10-23,13:03:29,2024-10,USD,Dólar,5.702,5.7026
2024-10-23,11:07:28,2024-10,GBP,Libra,7.4032,7.4063
2024-10-23,13:03:29,2024-10,USD,Dólar,5.7143,5.7149
2024-10-23,13:03:29,2024-10,GBP,Libra,7.3801,7.3814
2024-10-23,13:03:29,2024-10,AUD,Dólar Australiano,3.7892,3.7901
2024-10-23,13:03:29,2024-10,GBP,Libra,7.396,7.3974
2024-10-23,12:02:28,2024-10,GBP,Libra,7.414,7.4153
2024-10-23,13:03:29,2024-10,EUR,Euro,6.1589,6.1607
2024-10-23,13:03:29,2024-10,AUD,Dólar Australiano,3.781,3.782
2024-10-23,12:02:28,2024-10,AUD,Dólar Australiano,3.7995,3.8004
2024-10-23,11:07:28,2024-10,AUD,Dólar Australiano,3.7951,3.7972
2024-10-23,10:09:26,2024-10,AUD,Dólar Australiano,3.7896,3.7905
2024-10-23,10:09:26,2024-10,USD,Dólar,5.7115,5.712
2024-10-23,11:07:28,2024-10,USD,Dólar,5.7172,5.7178
2024-10-23,12:02:28,2024-10,USD,Dólar,5.7264,5.727
2024-10-22,12:03:27,2024-10,GBP,Libra,7.3828,7.3864
2024-10-22,11:10:26,2024-10,GBP,Libra,7.3785,7.3804
2024-10-22,13:06:30,2024-10,GBP,Libra,7.382,7.3834
2024-10-22,13:06:30,2024-10,GBP,Libra,7.3855,7.3869
2024-10-22,10:09:26,2024-10,GBP,Libra,7.3891,7.3905
2024-10-22,10:09:26,2024-10,AUD,Dólar Australiano,3.8129,3.8139
2024-10-22,12:03:27,2024-10,AUD,Dólar Australiano,3.8029,3.8039
2024-10-22,13:06:30,2024-10,AUD,Dólar Australiano,3.8033,3.8042
2024-10-22,11:10:26,2024-10,AUD,Dólar Australiano,3.8054,3.8064
2024-10-22,13:06:30,2024-10,AUD,Dólar Australiano,3.8015,3.8024
2024-10-22,10:09:26,2024-10,USD,Dólar,5.7037,5.7043
2024-10-22,10:09:26,2024-10,EUR,Euro,6.1663,6.1675
2024-10-22,11:10:26,2024-10,EUR,Euro,6.1527,6.1545
2024-10-22,12:03:27,2024-10,EUR,Euro,6.1512,6.1529
2024-10-22,13:06:30,2024-10,EUR,Euro,6.1502,6.1514
2024-10-22,13:06:30,2024-10,EUR,Euro,6.1531,6.1543
2024-10-22,13:06:30,2024-10,USD,Dólar,5.6952,5.6958
2024-10-22,13:06:30,2024-10,USD,Dólar,5.6925,5.6931
2024-10-22,12:03:27,2024-10,USD,Dólar,5.6913,5.6919
2024-10-22,11:10:26,2024-10,USD,Dólar,5.6933,5.6939
2024-10-21,11:09:26,2024-10,EUR,Euro,6.1852,6.1864
2024-10-21,13:03:32,2024-10,AUD,Dólar Australiano,3.7998,3.8007
2024-10-21,12:04:29,2024-10,USD,Dólar,5.7039,5.7045
2024-10-21,13:03:32,2024-10,USD,Dólar,5.7062,5.7068
2024-10-21,13:03:32,2024-10,USD,Dólar,5.7051,5.7056
2024-10-21,12:04:29,2024-10,EUR,Euro,6.1802,6.1814
2024-10-21,11:09:26,2024-10,USD,Dólar,5.7022,5.7028
2024-10-21,10:11:26,2024-10,USD,Dólar,5.7137,5.7143
2024-10-21,13:03:32,2024-10,AUD,Dólar Australiano,3.799,3.7999
2024-10-21,12:04:29,2024-10,AUD,Dólar Australiano,3.8056,3.8066
2024-10-21,12:04:29,2024-10,GBP,Libra,7.4156,7.417
2024-10-21,11:09:26,2024-10,GBP,Libra,7.4254,7.4273
2024-10-21,13:03:32,2024-10,EUR,Euro,6.1741,6.1753
2024-10-21,11:09:26,2024-10,AUD,Dólar Australiano,3.8148,3.8157
2024-10-21,10:11:26,2024-10,AUD,Dólar Australiano,3.8236,3.8246
2024-10-21,13:03:32,2024-10,GBP,Libra,7.4061,7.4074
2024-10-21,13:03:32,2024-10,GBP,Libra,7.4046,7.4059
2024-10-21,13:03:32,2024-10,EUR,Euro,6.1729,6.174
2024-10-21,10:11:26,2024-10,GBP,Libra,7.4438,7.4452
2024-10-21,10:11:26,2024-10,EUR,Euro,6.2034,6.2046
2024-10-18,13:11:27,2024-10,EUR,Euro,6.15,6.1512
2024-10-18,12:03:26,2024-10,USD,Dólar,5.6708,5.6714
2024-10-18,13:11:27,2024-10,AUD,Dólar Australiano,3.7955,3.797
2024-10-18,11:05:26,2024-10,AUD,Dólar Australiano,3.8014,3.8046
2024-10-18,12:03:26,2024-10,AUD,Dólar Australiano,3.8023,3.8038
2024-10-18,13:11:27,2024-10,AUD,Dólar Australiano,3.8029,3.8044
2024-10-18,10:04:26,2024-10,AUD,Dólar Australiano,3.7934,3.7944
2024-10-18,13:11:27,2024-10,EUR,Euro,6.1619,6.1631
2024-10-18,11:05:26,2024-10,USD,Dólar,5.6669,5.6675
2024-10-18,13:11:27,2024-10,USD,Dólar,5.6666,5.6672
2024-10-18,13:11:27,2024-10,GBP,Libra,7.3922,7.3936
2024-10-18,13:11:27,2024-10,GBP,Libra,7.3779,7.3793
2024-10-18,10:04:26,2024-10,EUR,Euro,6.1363,6.1375
2024-10-18,11:05:26,2024-10,EUR,Euro,6.152,6.1532
2024-10-18,12:03:26,2024-10,EUR,Euro,6.1568,6.158
2024-10-18,10:04:26,2024-10,USD,Dólar,5.6509,5.6515
2024-10-18,13:11:27,2024-10,USD,Dólar,5.6776,5.6782
2024-10-18,10:04:26,2024-10,GBP,Libra,7.3739,7.3763
2024-10-18,11:05:26,2024-10,GBP,Libra,7.3947,7.3961
2024-10-18,12:03:26,2024-10,GBP,Libra,7.3908,7.3944
2024-10-17,13:03:30,2024-10,AUD,Dólar Australiano,3.8038,3.8048
2024-10-17,13:03:30,2024-10,AUD,Dólar Australiano,3.803,3.8039
2024-10-17,12:07:27,2024-10,AUD,Dólar Australiano,3.799,3.8
2024-10-17,13:03:30,2024-10,EUR,Euro,6.1496,6.1509
2024-10-17,13:03:30,2024-10,EUR,Euro,6.1511,6.1523
2024-10-17,10:04:25,2024-10,EUR,Euro,6.1532,6.1544
2024-10-17,13:03:30,2024-10,USD,Dólar,5.6752,5.6758
2024-10-17,11:08:26,2024-10,AUD,Dólar Australiano,3.7978,3.7988
2024-10-17,11:08:26,2024-10,GBP,Libra,7.3783,7.3802
2024-10-17,10:04:25,2024-10,GBP,Libra,7.3807,7.3832
2024-10-17,12:07:27,2024-10,EUR,Euro,6.1415,6.1428
2024-10-17,13:03:30,2024-10,GBP,Libra,7.3817,7.3831
2024-10-17,13:03:30,2024-10,GBP,Libra,7.3834,7.3848
2024-10-17,12:07:27,2024-10,GBP,Libra,7.3718,7.3731
2024-10-17,10:04:25,2024-10,AUD,Dólar Australiano,3.7962,3.7972
2024-10-17,13:03:30,2024-10,USD,Dólar,5.6765,5.6771
2024-10-17,12:07:27,2024-10,USD,Dólar,5.6719,5.6725
2024-10-17,11:08:26,2024-10,USD,Dólar,5.6769,5.6775
2024-10-17,10:04:25,2024-10,USD,Dólar,5.6753,5.6759
2024-10-17,11:08:26,2024-10,EUR,Euro,6.1498,6.151
2024-10-16,13:02:28,2024-10,USD,Dólar,5.6743,5.6749
2024-10-16,10:03:26,2024-10,USD,Dólar,5.6958,5.6964
2024-10-16,12:06:26,2024-10,USD,Dólar,5.6623,5.6629
2024-10-16,13:02:28,2024-10,AUD,Dólar Australiano,3.7797,3.7806
2024-10-16,13:02:28,2024-10,AUD,Dólar Australiano,3.7687,3.7696
2024-10-16,12:06:26,2024-10,AUD,Dólar Australiano,3.7756,3.7766
2024-10-16,11:05:27,2024-10,AUD,Dólar Australiano,3.7917,3.7927
2024-10-16,11:05:27,2024-10,USD,Dólar,5.6813,5.6819
2024-10-16,10:03:26,2024-10,AUD,Dólar Australiano,3.8014,3.8023
2024-10-16,13:02:28,2024-10,USD,Dólar,5.6578,5.6584
2024-10-16,11:05:27,2024-10,GBP,Libra,7.3999,7.4012
2024-10-16,13:02:28,2024-10,GBP,Libra,7.376,7.3774
2024-10-16,10:03:26,2024-10,EUR,Euro,6.2022,6.2034
2024-10-16,11:05:27,2024-10,EUR,Euro,6.1869,6.1882
2024-10-16,13:02:28,2024-10,GBP,Libra,7.3546,7.3559
2024-10-16,12:06:26,2024-10,EUR,Euro,6.16,6.1612
2024-10-16,13:02:28,2024-10,EUR,Euro,6.1512,6.1524
2024-10-16,12:06:26,2024-10,GBP,Libra,7.3661,7.3674
2024-10-16,10:03:26,2024-10,GBP,Libra,7.4137,7.415
2024-10-16,13:02:28,2024-10,EUR,Euro,6.1691,6.1703
2024-10-15,11:05:26,2024-10,EUR,Euro,6.1527,6.1539
2024-10-15,10:10:26,2024-10,AUD,Dólar Australiano,3.7723,3.7733
2024-10-15,11:05:26,2024-10,AUD,Dólar Australiano,3.7895,3.7905
2024-10-15,12:02:27,2024-10,AUD,Dólar Australiano,3.7902,3.7911
2024-10-15,13:06:27,2024-10,AUD,Dólar Australiano,3.7889,3.7898
2024-10-15,10:10:26,2024-10,GBP,Libra,7.3514,7.3527
2024-10-15,11:05:26,2024-10,GBP,Libra,7.3822,7.3835
2024-10-15,13:06:27,2024-10,GBP,Libra,7.3746,7.3759
2024-10-15,10:10:26,2024-10,EUR,Euro,6.128,6.1293
2024-10-15,13:06:27,2024-10,EUR,Euro,6.1434,6.1446
2024-10-15,12:02:27,2024-10,EUR,Euro,6.152,6.1538
2024-10-15,13:06:27,2024-10,EUR,Euro,6.1555,6.1567
2024-10-15,13:06:27,2024-10,AUD,Dólar Australiano,3.7814,3.7824
2024-10-15,13:06:27,2024-10,GBP,Libra,7.3891,7.3905
2024-10-15,10:10:26,2024-10,USD,Dólar,5.6169,5.6175
2024-10-15,11:05:26,2024-10,USD,Dólar,5.64,5.6406
2024-10-15,12:02:27,2024-10,USD,Dólar,5.6435,5.6441
2024-10-15,13:06:27,2024-10,USD,Dólar,5.6483,5.6489
2024-10-15,13:06:27,2024-10,USD,Dólar,5.6372,5.6378
2024-10-15,12:02:27,2024-10,GBP,Libra,7.389,7.3904
2024-10-14,13:09:27,2024-10,AUD,Dólar Australiano,3.7669,3.7679
2024-10-14,13:09:27,2024-10,AUD,Dólar Australiano,3.7493,3.7502
2024-10-14,12:08:27,2024-10,AUD,Dólar Australiano,3.7681,3.7691
2024-10-14,11:07:26,2024-10,AUD,Dólar Australiano,3.7744,3.7754
2024-10-14,10:09:27,2024-10,AUD,Dólar Australiano,3.7726,3.7758
2024-10-14,10:09:27,2024-10,GBP,Libra,7.3341,7.3383
2024-10-14,13:09:27,2024-10,GBP,Libra,7.3114,7.3139
2024-10-14,13:09:27,2024-10,USD,Dólar,5.6039,5.6045
2024-10-14,10:09:27,2024-10,EUR,Euro,6.1398,6.141
2024-10-14,11:07:26,2024-10,EUR,Euro,6.1223,6.124
2024-10-14,12:08:27,2024-10,EUR,Euro,6.1132,6.115
2024-10-14,13:09:27,2024-10,EUR,Euro,6.0835,6.0847
2024-10-14,13:09:27,2024-10,GBP,Libra,7.2771,7.2796
2024-10-14,13:09:27,2024-10,EUR,Euro,6.1122,6.1134
2024-10-14,12:08:27,2024-10,USD,Dólar,5.6023,5.6029
2024-10-14,13:09:27,2024-10,USD,Dólar,5.5776,5.5782
2024-10-14,11:07:26,2024-10,USD,Dólar,5.6075,5.6081
2024-10-14,10:09:27,2024-10,USD,Dólar,5.6282,5.6288
2024-10-14,11:07:26,2024-10,GBP,Libra,7.3161,7.3197
2024-10-14,12:08:27,2024-10,GBP,Libra,7.3127,7.3179
2024-10-11,13:04:30,2024-10,AUD,Dólar Australiano,3.8002,3.8011
2024-10-11,13:04:30,2024-10,AUD,Dólar Australiano,3.8051,3.8061
2024-10-11,13:04:30,2024-10,GBP,Libra,7.3522,7.3536
2024-10-11,11:07:41,2024-10,AUD,Dólar Australiano,3.8018,3.8028
2024-10-11,10:10:25,2024-10,AUD,Dólar Australiano,3.7673,3.77
2024-10-11,10:10:25,2024-10,GBP,Libra,7.3125,7.3138
2024-10-11,11:07:41,2024-10,GBP,Libra,7.3707,7.3732
2024-10-11,12:09:25,2024-10,GBP,Libra,7.3654,7.3667
2024-10-11,13:04:30,2024-10,GBP,Libra,7.3618,7.3631
2024-10-11,12:09:25,2024-10,AUD,Dólar Australiano,3.7999,3.8008
2024-10-11,10:10:25,2024-10,USD,Dólar,5.597,5.5976
2024-10-11,13:04:30,2024-10,USD,Dólar,5.633,5.6336
2024-10-11,10:10:25,2024-10,EUR,Euro,6.1192,6.1204
2024-10-11,12:09:25,2024-10,USD,Dólar,5.6336,5.6342
2024-10-11,11:07:41,2024-10,USD,Dólar,5.639,5.6396
2024-10-11,13:04:30,2024-10,EUR,Euro,6.1551,6.1563
2024-10-11,13:04:30,2024-10,EUR,Euro,6.1631,6.1643
2024-10-11,12:09:25,2024-10,EUR,Euro,6.1648,6.1661
2024-10-11,13:04:30,2024-10,USD,Dólar,5.6257,5.6263
2024-10-11,11:07:41,2024-10,EUR,Euro,6.1674,6.1703
2024-10-10,13:13:44,2024-10,AUD,Dólar Australiano,3.7567,3.7576
2024-10-10,12:05:27,2024-10,AUD,Dólar Australiano,3.7504,3.7513
2024-10-10,10:02:27,2024-10,AUD,Dólar Australiano,3.758,3.7591
2024-10-10,11:08:25,2024-10,AUD,Dólar Australiano,3.7525,3.7535
2024-10-10,10:02:27,2024-10,USD,Dólar,5.5815,5.5822
2024-10-10,11:08:25,2024-10,USD,Dólar,5.5833,5.5839
2024-10-10,12:05:27,2024-10,USD,Dólar,5.5801,5.5807
2024-10-10,13:13:44,2024-10,USD,Dólar,5.5803,5.5809
2024-10-10,13:13:44,2024-10,USD,Dólar,5.5813,5.5819
2024-10-10,13:13:44,2024-10,AUD,Dólar Australiano,3.7573,3.7583
2024-10-10,13:13:44,2024-10,GBP,Libra,7.284,7.2853
2024-10-10,10:02:27,2024-10,GBP,Libra,7.2989,7.3004
2024-10-10,11:08:25,2024-10,EUR,Euro,6.1065,6.1077
2024-10-10,11:08:25,2024-10,GBP,Libra,7.2907,7.292
2024-10-10,12:05:27,2024-10,GBP,Libra,7.2815,7.2828
2024-10-10,13:13:44,2024-10,GBP,Libra,7.2853,7.2866
2024-10-10,13:13:44,2024-10,EUR,Euro,6.097,6.0988
2024-10-10,13:13:44,2024-10,EUR,Euro,6.0959,6.0977
2024-10-10,10:02:27,2024-10,EUR,Euro,6.1078,6.1103
2024-10-10,12:05:27,2024-10,EUR,Euro,6.0946,6.0958
2024-10-09,11:04:26,2024-10,EUR,Euro,6.1016,6.1028
2024-10-09,12:02:27,2024-10,EUR,Euro,6.109,6.1107
2024-10-09,13:09:40,2024-10,EUR,Euro,6.1082,6.11
2024-10-09,13:09:40,2024-10,EUR,Euro,6.102,6.1038
2024-10-09,13:09:40,2024-10,AUD,Dólar Australiano,3.7474,3.7483
2024-10-09,13:09:40,2024-10,AUD,Dólar Australiano,3.7512,3.7521
2024-10-09,13:09:40,2024-10,GBP,Libra,7.2954,7.2979
2024-10-09,10:09:26,2024-10,GBP,Libra,7.2759,7.2773
2024-10-09,11:04:26,2024-10,GBP,Libra,7.2832,7.2862
2024-10-09,12:02:27,2024-10,GBP,Libra,7.2937,7.2973
2024-10-09,13:09:40,2024-10,GBP,Libra,7.2879,7.2904
2024-10-09,10:09:26,2024-10,EUR,Euro,6.0935,6.0947
2024-10-09,13:09:40,2024-10,USD,Dólar,5.5731,5.5737
2024-10-09,11:04:26,2024-10,AUD,Dólar Australiano,3.7444,3.7465
2024-10-09,13:09:40,2024-10,USD,Dólar,5.5788,5.5794
2024-10-09,12:02:27,2024-10,AUD,Dólar Australiano,3.7456,3.7466
2024-10-09,10:09:26,2024-10,AUD,Dólar Australiano,3.737,3.739
2024-10-09,10:09:26,2024-10,USD,Dólar,5.5618,5.5624
2024-10-09,11:04:26,2024-10,USD,Dólar,5.5712,5.5718
2024-10-09,12:02:27,2024-10,USD,Dólar,5.5805,5.5811
2024-10-08,10:03:41,2024-10,AUD,Dólar Australiano,3.7058,3.7067
2024-10-08,11:09:25,2024-10,AUD,Dólar Australiano,3.7113,3.7122
2024-10-08,12:05:26,2024-10,AUD,Dólar Australiano,3.72,3.721
2024-10-08,13:11:40,2024-10,AUD,Dólar Australiano,3.7254,3.7263
2024-10-08,13:11:40,2024-10,AUD,Dólar Australiano,3.7182,3.7192
2024-10-08,10:03:41,2024-10,GBP,Libra,7.2107,7.212
2024-10-08,13:11:40,2024-10,EUR,Euro,6.065,6.0667
2024-10-08,10:03:41,2024-10,USD,Dólar,5.5039,5.5045
2024-10-08,11:09:25,2024-10,USD,Dólar,5.5137,5.5143
2024-10-08,12:05:26,2024-10,USD,Dólar,5.5292,5.5298
2024-10-08,13:11:40,2024-10,GBP,Libra,7.2256,7.2269
2024-10-08,13:11:40,2024-10,GBP,Libra,7.2395,7.2408
2024-10-08,11:09:25,2024-10,GBP,Libra,7.2257,7.227
2024-10-08,12:05:26,2024-10,GBP,Libra,7.2383,7.2418
2024-10-08,12:05:26,2024-10,EUR,Euro,6.0655,6.0667
2024-10-08,11:09:25,2024-10,EUR,Euro,6.0529,6.0541
2024-10-08,10:03:41,2024-10,EUR,Euro,6.0411,6.0423
2024-10-08,13:11:40,2024-10,USD,Dólar,5.5191,5.5197
2024-10-08,13:11:40,2024-10,USD,Dólar,5.5297,5.5303
2024-10-08,13:11:40,2024-10,EUR,Euro,6.0533,6.0551
2024-10-07,12:10:28,2024-10,GBP,Libra,7.1597,7.1645
2024-10-07,13:04:28,2024-10,GBP,Libra,7.1721,7.1767
2024-10-07,10:10:28,2024-10,AUD,Dólar Australiano,3.687,3.6879
2024-10-07,11:10:28,2024-10,AUD,Dólar Australiano,3.6977,3.6987
2024-10-07,12:10:28,2024-10,AUD,Dólar Australiano,3.7023,3.7049
2024-10-07,13:04:28,2024-10,AUD,Dólar Australiano,3.7067,3.7087
2024-10-07,13:04:28,2024-10,AUD,Dólar Australiano,3.6912,3.6933
2024-10-07,11:10:28,2024-10,EUR,Euro,5.9884,5.9896
2024-10-07,10:10:28,2024-10,EUR,Euro,5.9635,5.9658
2024-10-07,12:10:28,2024-10,EUR,Euro,6.0093,6.0106
2024-10-07,10:10:28,2024-10,USD,Dólar,5.4332,5.4338
2024-10-07,11:10:28,2024-10,GBP,Libra,7.1293,7.1307
2024-10-07,11:10:28,2024-10,USD,Dólar,5.4539,5.4545
2024-10-07,12:10:28,2024-10,USD,Dólar,5.4759,5.4766
2024-10-07,13:04:28,2024-10,USD,Dólar,5.4849,5.4855
2024-10-07,13:04:28,2024-10,USD,Dólar,5.462,5.4626
2024-10-07,13:04:28,2024-10,GBP,Libra,7.1421,7.1467
2024-10-07,13:04:28,2024-10,EUR,Euro,6.0202,6.0214
2024-10-07,13:04:28,2024-10,EUR,Euro,5.9951,5.9963
2024-10-07,10:10:28,2024-10,GBP,Libra,7.1061,7.1074
2024-10-04,13:11:35,2024-10,AUD,Dólar Australiano,3.7058,3.7067
2024-10-04,10:17:28,2024-10,AUD,Dólar Australiano,3.7271,3.7281
2024-10-04,10:17:28,2024-10,EUR,Euro,6.0131,6.0143
2024-10-04,12:06:54,2024-10,EUR,Euro,5.9853,5.9865
2024-10-04,13:11:35,2024-10,EUR,Euro,5.9929,5.9941
2024-10-04,13:11:35,2024-10,EUR,Euro,5.9764,5.9776
2024-10-04,11:06:25,2024-10,EUR,Euro,6.0093,6.0105
2024-10-04,13:11:35,2024-10,AUD,Dólar Australiano,3.7161,3.717
2024-10-04,11:06:25,2024-10,AUD,Dólar Australiano,3.7218,3.7227
2024-10-04,13:11:35,2024-10,GBP,Libra,7.1664,7.1677
2024-10-04,10:17:28,2024-10,USD,Dólar,5.4859,5.4865
2024-10-04,11:06:25,2024-10,USD,Dólar,5.4764,5.477
2024-10-04,12:06:54,2024-10,USD,Dólar,5.4566,5.4572
2024-10-04,13:11:35,2024-10,USD,Dólar,5.4529,5.4535
2024-10-04,13:11:35,2024-10,USD,Dólar,5.468,5.4686
2024-10-04,12:06:54,2024-10,AUD,Dólar Australiano,3.7099,3.7131
2024-10-04,11:06:25,2024-10,GBP,Libra,7.1741,7.1754
2024-10-04,10:17:28,2024-10,GBP,Libra,7.175,7.1763
2024-10-04,13:11:35,2024-10,GBP,Libra,7.1466,7.1479
2024-10-04,12:06:54,2024-10,GBP,Libra,7.1547,7.1566
2024-10-03,12:06:47,2024-10,EUR,Euro,6.0482,6.0522
2024-10-03,13:06:31,2024-10,EUR,Euro,6.0461,6.0473
2024-10-03,13:06:31,2024-10,EUR,Euro,6.0411,6.0423
2024-10-03,13:06:31,2024-10,GBP,Libra,7.1972,7.1985
2024-10-03,12:06:47,2024-10,GBP,Libra,7.1976,7.1989
2024-10-03,11:09:25,2024-10,GBP,Libra,7.1939,7.1974
2024-10-03,10:11:28,2024-10,GBP,Libra,7.1736,7.175
2024-10-03,10:11:28,2024-10,EUR,Euro,6.0347,6.0359
2024-10-03,13:06:31,2024-10,USD,Dólar,5.4844,5.485
2024-10-03,13:06:31,2024-10,USD,Dólar,5.489,5.4896
2024-10-03,12:06:47,2024-10,USD,Dólar,5.4914,5.492
2024-10-03,11:09:25,2024-10,USD,Dólar,5.4869,5.4875
2024-10-03,10:11:28,2024-10,USD,Dólar,5.4702,5.4708
2024-10-03,11:09:25,2024-10,EUR,Euro,6.0559,6.0571
2024-10-03,13:06:31,2024-10,GBP,Libra,7.1911,7.1925
2024-10-03,10:11:28,2024-10,AUD,Dólar Australiano,3.7405,3.7415
2024-10-03,11:09:25,2024-10,AUD,Dólar Australiano,3.7574,3.7595
2024-10-03,13:06:31,2024-10,AUD,Dólar Australiano,3.7524,3.7534
2024-10-03,13:06:31,2024-10,AUD,Dólar Australiano,3.7556,3.7565
2024-10-03,12:06:47,2024-10,AUD,Dólar Australiano,3.7561,3.7571
2024-10-02,13:13:14,2024-10,EUR,Euro,5.9995,6.0007
2024-10-02,12:07:26,2024-10,USD,Dólar,5.4343,5.4349
2024-10-02,13:13:14,2024-10,AUD,Dólar Australiano,3.7492,3.7501
2024-10-02,13:13:14,2024-10,AUD,Dólar Australiano,3.7434,3.7443
2024-10-02,10:16:37,2024-10,AUD,Dólar Australiano,3.7336,3.7345
2024-10-02,13:13:14,2024-10,EUR,Euro,6.0088,6.01
2024-10-02,13:13:14,2024-10,USD,Dólar,5.4299,5.4305
2024-10-02,13:13:14,2024-10,USD,Dólar,5.4383,5.4389
2024-10-02,10:16:37,2024-10,GBP,Libra,7.1888,7.1901
2024-10-02,11:07:27,2024-10,AUD,Dólar Australiano,3.7384,3.7409
2024-10-02,11:07:27,2024-10,GBP,Libra,7.2035,7.2049
2024-10-02,12:07:26,2024-10,GBP,Libra,7.2004,7.2018
2024-10-02,13:13:14,2024-10,GBP,Libra,7.2166,7.218
2024-10-02,13:13:14,2024-10,GBP,Libra,7.2055,7.2068
2024-10-02,11:07:27,2024-10,USD,Dólar,5.4313,5.4319
2024-10-02,10:16:37,2024-10,EUR,Euro,5.9865,5.9877
2024-10-02,10:16:37,2024-10,USD,Dólar,5.4157,5.4163
2024-10-02,11:07:27,2024-10,EUR,Euro,6.0021,6.0033
2024-10-02,12:07:26,2024-10,EUR,Euro,5.9973,5.9985
2024-10-02,12:07:26,2024-10,AUD,Dólar Australiano,3.7388,3.7398
2024-10-01,13:10:02,2024-10,AUD,Dólar Australiano,3.7534,3.7543
2024-10-01,11:11:27,2024-10,GBP,Libra,7.2685,7.2715
2024-10-01,10:03:26,2024-10,AUD,Dólar Australiano,3.7528,3.7537
2024-10-01,10:03:26,2024-10,GBP,Libra,7.2345,7.2358
2024-10-01,12:09:27,2024-10,GBP,Libra,7.2628,7.2642
2024-10-01,13:10:01,2024-10,GBP,Libra,7.2288,7.2302
2024-10-01,13:10:02,2024-10,GBP,Libra,7.239,7.2404
2024-10-01,13:10:01,2024-10,AUD,Dólar Australiano,3.7481,3.749
2024-10-01,11:11:27,2024-10,AUD,Dólar Australiano,3.7626,3.7658
2024-10-01,12:09:27,2024-10,AUD,Dólar Australiano,3.7656,3.7666
2024-10-01,13:10:01,2024-10,USD,Dólar,5.4438,5.4444
2024-10-01,13:10:02,2024-10,USD,Dólar,5.4515,5.4521
2024-10-01,10:03:26,2024-10,EUR,Euro,6.0143,6.0155
2024-10-01,12:09:27,2024-10,USD,Dólar,5.4661,5.4667
2024-10-01,13:10:02,2024-10,EUR,Euro,6.0326,6.0338
2024-10-01,10:03:26,2024-10,USD,Dólar,5.4325,5.4331
2024-10-01,11:11:27,2024-10,USD,Dólar,5.4634,5.464
2024-10-01,11:11:27,2024-10,EUR,Euro,6.0491,6.0508
2024-10-01,13:10:01,2024-10,EUR,Euro,6.0241,6.0253
2024-10-01,12:09:27,2024-10,EUR,Euro,6.0543,6.0555
2024-09-30,13:08:57,2024-09,USD,Dólar,5.4496,5.4502
2024-09-30,12:11:26,2024-09,GBP,Libra,7.3032,7.3057
2024-09-30,13:08:57,2024-09,GBP,Libra,7.3014,7.3027
2024-09-30,10:09:27,2024-09,USD,Dólar,5.4276,5.4282
2024-09-30,11:11:26,2024-09,USD,Dólar,5.4667,5.4673
2024-09-30,12:11:26,2024-09,USD,Dólar,5.4461,5.4467
2024-09-30,13:08:57,2024-09,EUR,Euro,6.073,6.0742
2024-09-30,13:08:57,2024-09,USD,Dólar,5.4475,5.4481
2024-09-30,10:09:27,2024-09,GBP,Libra,7.2654,7.2667
2024-09-30,13:08:57,2024-09,EUR,Euro,6.0707,6.0719
2024-09-30,12:11:26,2024-09,EUR,Euro,6.0762,6.078
2024-09-30,11:11:26,2024-09,EUR,Euro,6.1047,6.1059
2024-09-30,10:09:27,2024-09,EUR,Euro,6.0729,6.0742
2024-09-30,11:11:26,2024-09,GBP,Libra,7.3155,7.318
2024-09-30,13:08:57,2024-09,GBP,Libra,7.2986,7.2999
2024-09-30,11:11:26,2024-09,AUD,Dólar Australiano,3.7895,3.7905
2024-09-30,12:11:26,2024-09,AUD,Dólar Australiano,3.7774,3.7784
2024-09-30,10:09:27,2024-09,AUD,Dólar Australiano,3.7602,3.7612
2024-09-30,13:08:57,2024-09,AUD,Dólar Australiano,3.776,3.7792
2024-09-30,13:08:57,2024-09,AUD,Dólar Australiano,3.7746,3.7777
2024-09-27,11:16:53,2024-09,AUD,Dólar Australiano,3.7706,3.7721
2024-09-27,13:12:31,2024-09,GBP,Libra,7.2784,7.2798
2024-09-27,11:16:53,2024-09,GBP,Libra,7.2983,7.3008
2024-09-27,12:07:25,2024-09,GBP,Libra,7.2874,7.2887
2024-09-27,13:12:31,2024-09,GBP,Libra,7.2886,7.2899
2024-09-27,12:07:25,2024-09,USD,Dólar,5.4355,5.4361
2024-09-27,12:07:25,2024-09,AUD,Dólar Australiano,3.7668,3.7678
2024-09-27,13:12:31,2024-09,AUD,Dólar Australiano,3.7555,3.7565
2024-09-27,13:12:31,2024-09,AUD,Dólar Australiano,3.7608,3.7617
2024-09-27,11:16:53,2024-09,USD,Dólar,5.4457,5.4463
2024-09-27,10:06:27,2024-09,USD,Dólar,5.4537,5.4543
2024-09-27,10:06:27,2024-09,GBP,Libra,7.3205,7.3219
2024-09-27,13:12:31,2024-09,USD,Dólar,5.4349,5.4355
2024-09-27,13:12:31,2024-09,USD,Dólar,5.4425,5.4431
2024-09-27,13:12:31,2024-09,EUR,Euro,6.0727,6.074
2024-09-27,13:12:31,2024-09,EUR,Euro,6.0643,6.0655
2024-09-27,12:07:25,2024-09,EUR,Euro,6.0758,6.077
2024-09-27,11:16:53,2024-09,EUR,Euro,6.091,6.0922
2024-09-27,10:06:27,2024-09,EUR,Euro,6.1071,6.1083
2024-09-27,10:06:27,2024-09,AUD,Dólar Australiano,3.7761,3.7771
2024-09-26,10:03:25,2024-09,USD,Dólar,5.4388,5.4394
2024-09-26,13:09:31,2024-09,EUR,Euro,6.0837,6.0849
2024-09-26,13:09:31,2024-09,EUR,Euro,6.0798,6.081
2024-09-26,12:07:26,2024-09,EUR,Euro,6.0752,6.077
2024-09-26,11:02:27,2024-09,EUR,Euro,6.0661,6.0673
2024-09-26,10:03:25,2024-09,EUR,Euro,6.0648,6.066
2024-09-26,13:09:31,2024-09,USD,Dólar,5.4406,5.4412
2024-09-26,13:09:31,2024-09,USD,Dólar,5.4371,5.4377
2024-09-26,12:07:26,2024-09,USD,Dólar,5.4413,5.4419
2024-09-26,11:02:27,2024-09,USD,Dólar,5.4453,5.4459
2024-09-26,12:07:26,2024-09,GBP,Libra,7.2881,7.2894
2024-09-26,12:07:26,2024-09,AUD,Dólar Australiano,3.7474,3.7484
2024-09-26,10:03:25,2024-09,AUD,Dólar Australiano,3.7446,3.7456
2024-09-26,13:09:31,2024-09,AUD,Dólar Australiano,3.7535,3.7544
2024-09-26,13:09:31,2024-09,AUD,Dólar Australiano,3.7511,3.752
2024-09-26,13:09:31,2024-09,GBP,Libra,7.3045,7.3064
2024-09-26,13:09:31,2024-09,GBP,Libra,7.2999,7.3017
2024-09-26,11:02:27,2024-09,AUD,Dólar Australiano,3.7426,3.7435
2024-09-26,11:02:27,2024-09,GBP,Libra,7.2782,7.2795
2024-09-26,10:03:25,2024-09,GBP,Libra,7.2733,7.2747
2024-09-25,12:11:25,2024-09,AUD,Dólar Australiano,3.7646,3.7655
2024-09-25,13:11:28,2024-09,AUD,Dólar Australiano,3.7412,3.7422
2024-09-25,13:11:28,2024-09,AUD,Dólar Australiano,3.7413,3.7423
2024-09-25,13:11:28,2024-09,USD,Dólar,5.473,5.4736
2024-09-25,10:07:26,2024-09,AUD,Dólar Australiano,3.7551,3.756
2024-09-25,13:11:28,2024-09,EUR,Euro,6.098,6.0992
2024-09-25,13:11:28,2024-09,EUR,Euro,6.0978,6.099
2024-09-25,12:11:25,2024-09,EUR,Euro,6.1282,6.1294
2024-09-25,11:05:26,2024-09,EUR,Euro,6.1224,6.1237
2024-09-25,11:05:26,2024-09,AUD,Dólar Australiano,3.7566,3.7586
2024-09-25,10:07:26,2024-09,EUR,Euro,6.1193,6.1205
2024-09-25,13:11:28,2024-09,GBP,Libra,7.2991,7.301
2024-09-25,12:11:25,2024-09,USD,Dólar,5.4853,5.4859
2024-09-25,11:05:26,2024-09,USD,Dólar,5.4689,5.4695
2024-09-25,13:11:28,2024-09,USD,Dólar,5.4728,5.4734
2024-09-25,10:07:26,2024-09,USD,Dólar,5.4651,5.4657
2024-09-25,10:07:26,2024-09,GBP,Libra,7.3205,7.3224
2024-09-25,11:05:26,2024-09,GBP,Libra,7.3267,7.328
2024-09-25,12:11:25,2024-09,GBP,Libra,7.336,7.3374
2024-09-25,13:11:28,2024-09,GBP,Libra,7.2993,7.3012
2024-09-24,10:05:27,2024-09,EUR,Euro,6.1063,6.1075
2024-09-24,11:22:16,2024-09,EUR,Euro,6.0962,6.0974
2024-09-24,12:07:26,2024-09,GBP,Libra,7.3193,7.324
2024-09-24,13:08:32,2024-09,EUR,Euro,6.0937,6.0949
2024-09-24,11:22:16,2024-09,GBP,Libra,7.3201,7.3215
2024-09-24,13:08:32,2024-09,GBP,Libra,7.3139,7.3186
2024-09-24,12:07:26,2024-09,EUR,Euro,6.0967,6.0979
2024-09-24,10:05:27,2024-09,GBP,Libra,7.3374,7.3393
2024-09-24,13:08:32,2024-09,GBP,Libra,7.3081,7.3127
2024-09-24,13:08:32,2024-09,USD,Dólar,5.4652,5.4658
2024-09-24,13:08:32,2024-09,EUR,Euro,6.0986,6.0998
2024-09-24,11:22:16,2024-09,USD,Dólar,5.464,5.4646
2024-09-24,13:08:32,2024-09,AUD,Dólar Australiano,3.7576,3.7602
2024-09-24,13:08:32,2024-09,AUD,Dólar Australiano,3.7546,3.7572
2024-09-24,12:07:26,2024-09,AUD,Dólar Australiano,3.7537,3.7563
2024-09-24,11:22:16,2024-09,AUD,Dólar Australiano,3.757,3.758
2024-09-24,10:05:27,2024-09,USD,Dólar,5.4814,5.482
2024-09-24,10:05:27,2024-09,AUD,Dólar Australiano,3.758,3.7607
2024-09-24,13:08:32,2024-09,USD,Dólar,5.4696,5.4702
2024-09-24,12:07:26,2024-09,USD,Dólar,5.4679,5.4685
2024-09-23,13:04:14,2024-09,AUD,Dólar Australiano,3.7917,3.7926
2024-09-23,10:09:27,2024-09,GBP,Libra,7.3992,7.4039
2024-09-23,11:11:25,2024-09,GBP,Libra,7.3994,7.4008
2024-09-23,12:05:25,2024-09,GBP,Libra,7.3885,7.3932
2024-09-23,13:04:14,2024-09,GBP,Libra,7.3928,7.3942
2024-09-23,13:04:14,2024-09,GBP,Libra,7.4012,7.4026
2024-09-23,10:09:27,2024-09,USD,Dólar,5.5533,5.5539
2024-09-23,11:11:25,2024-09,USD,Dólar,5.5497,5.5503
2024-09-23,12:05:25,2024-09,USD,Dólar,5.5353,5.5359
2024-09-23,13:04:14,2024-09,USD,Dólar,5.5377,5.5383
2024-09-23,13:04:14,2024-09,USD,Dólar,5.544,5.5446
2024-09-23,13:04:14,2024-09,EUR,Euro,6.1699,6.1711
2024-09-23,13:04:14,2024-09,EUR,Euro,6.1629,6.1641
2024-09-23,13:04:14,2024-09,AUD,Dólar Australiano,3.796,3.7969
2024-09-23,10:09:27,2024-09,EUR,Euro,6.1764,6.1776
2024-09-23,12:05:25,2024-09,AUD,Dólar Australiano,3.7911,3.7938
2024-09-23,10:09:27,2024-09,AUD,Dólar Australiano,3.7973,3.7983
2024-09-23,12:05:25,2024-09,EUR,Euro,6.1619,6.1631
2024-09-23,11:11:25,2024-09,EUR,Euro,6.1752,6.1769
2024-09-23,11:11:25,2024-09,AUD,Dólar Australiano,3.7943,3.7975
2024-09-20,13:02:38,2024-09,AUD,Dólar Australiano,3.727,3.728
2024-09-20,10:08:26,2024-09,EUR,Euro,6.0839,6.0851
2024-09-20,10:08:26,2024-09,GBP,Libra,7.2523,7.2542
2024-09-20,11:02:27,2024-09,GBP,Libra,7.2764,7.2777
2024-09-20,12:02:28,2024-09,GBP,Libra,7.2967,7.2981
2024-09-20,13:02:38,2024-09,GBP,Libra,7.3039,7.3053
2024-09-20,13:02:38,2024-09,GBP,Libra,7.287,7.2884
2024-09-20,13:02:38,2024-09,EUR,Euro,6.1253,6.1265
2024-09-20,12:02:28,2024-09,EUR,Euro,6.1226,6.1238
2024-09-20,13:02:38,2024-09,EUR,Euro,6.1111,6.1123
2024-09-20,11:02:27,2024-09,EUR,Euro,6.1115,6.1127
2024-09-20,11:02:27,2024-09,USD,Dólar,5.4792,5.4798
2024-09-20,12:02:28,2024-09,USD,Dólar,5.4941,5.4947
2024-09-20,13:02:38,2024-09,USD,Dólar,5.4896,5.4902
2024-09-20,13:02:38,2024-09,USD,Dólar,5.4769,5.4775
2024-09-20,10:08:26,2024-09,AUD,Dólar Australiano,3.7138,3.7148
2024-09-20,11:02:27,2024-09,AUD,Dólar Australiano,3.7209,3.7219
2024-09-20,12:02:28,2024-09,AUD,Dólar Australiano,3.7321,3.7331
2024-09-20,13:02:38,2024-09,AUD,Dólar Australiano,3.7357,3.7366
2024-09-20,10:08:26,2024-09,USD,Dólar,5.4447,5.4453
2024-09-19,13:07:27,2024-09,GBP,Libra,7.195,7.1963
2024-09-19,13:07:27,2024-09,GBP,Libra,7.181,7.1824
2024-09-19,12:04:29,2024-09,GBP,Libra,7.1861,7.1875
2024-09-19,11:08:27,2024-09,GBP,Libra,7.1705,7.1735
2024-09-19,10:07:27,2024-09,EUR,Euro,6.0319,6.0331
2024-09-19,11:08:27,2024-09,EUR,Euro,6.0276,6.0288
2024-09-19,13:07:27,2024-09,USD,Dólar,5.4183,5.4189
2024-09-19,13:07:27,2024-09,USD,Dólar,5.4078,5.4084
2024-09-19,12:04:29,2024-09,USD,Dólar,5.4239,5.4245
2024-09-19,11:08:27,2024-09,USD,Dólar,5.4195,5.4201
2024-09-19,10:07:27,2024-09,USD,Dólar,5.4219,5.4225
2024-09-19,13:07:27,2024-09,EUR,Euro,6.0392,6.041
2024-09-19,13:07:27,2024-09,EUR,Euro,6.0275,6.0293
2024-09-19,12:04:29,2024-09,EUR,Euro,6.0363,6.0375
2024-09-19,10:07:27,2024-09,GBP,Libra,7.1781,7.1805
2024-09-19,13:07:27,2024-09,AUD,Dólar Australiano,3.692,3.693
2024-09-19,13:07:27,2024-09,AUD,Dólar Australiano,3.6849,3.6858
2024-09-19,12:04:29,2024-09,AUD,Dólar Australiano,3.6899,3.693
2024-09-19,11:08:27,2024-09,AUD,Dólar Australiano,3.6826,3.6846
2024-09-19,10:07:27,2024-09,AUD,Dólar Australiano,3.6901,3.6911
2024-09-18,10:04:27,2024-09,AUD,Dólar Australiano,3.7215,3.7225
2024-09-18,11:11:27,2024-09,USD,Dólar,5.4675,5.4681
2024-09-18,13:11:29,2024-09,USD,Dólar,5.4761,5.4767
2024-09-18,13:11:29,2024-09,USD,Dólar,5.4793,5.4799
2024-09-18,13:11:29,2024-09,AUD,Dólar Australiano,3.7002,3.7012
2024-09-18,13:11:29,2024-09,AUD,Dólar Australiano,3.7024,3.7033
2024-09-18,12:11:27,2024-09,AUD,Dólar Australiano,3.6995,3.7005
2024-09-18,11:11:27,2024-09,AUD,Dólar Australiano,3.7059,3.7068
2024-09-18,13:11:29,2024-09,EUR,Euro,6.0867,6.0879
2024-09-18,13:11:29,2024-09,EUR,Euro,6.0902,6.0915
2024-09-18,12:11:27,2024-09,EUR,Euro,6.0773,6.0785
2024-09-18,11:11:27,2024-09,EUR,Euro,6.0881,6.0893
2024-09-18,10:04:27,2024-09,EUR,Euro,6.107,6.1093
2024-09-18,10:04:27,2024-09,USD,Dólar,5.4914,5.492
2024-09-18,13:11:29,2024-09,GBP,Libra,7.2268,7.2281
2024-09-18,13:11:29,2024-09,GBP,Libra,7.231,7.2324
2024-09-18,12:11:27,2024-09,GBP,Libra,7.2214,7.2227
2024-09-18,11:11:27,2024-09,GBP,Libra,7.2373,7.2387
2024-09-18,10:04:27,2024-09,GBP,Libra,7.258,7.2604
2024-09-18,12:11:27,2024-09,USD,Dólar,5.4662,5.4668
2024-09-17,13:03:32,2024-09,GBP,Libra,7.242,7.2433
2024-09-17,13:03:32,2024-09,GBP,Libra,7.2391,7.2404
2024-09-17,10:05:27,2024-09,USD,Dólar,5.495,5.4956
2024-09-17,13:03:32,2024-09,USD,Dólar,5.5004,5.501
2024-09-17,10:05:27,2024-09,GBP,Libra,7.2589,7.2608
2024-09-17,13:03:32,2024-09,USD,Dólar,5.5026,5.5032
2024-09-17,12:04:26,2024-09,USD,Dólar,5.5039,5.5045
2024-09-17,11:08:26,2024-09,USD,Dólar,5.4999,5.5005
2024-09-17,10:05:27,2024-09,AUD,Dólar Australiano,3.7091,3.7101
2024-09-17,11:08:26,2024-09,AUD,Dólar Australiano,3.713,3.7139
2024-09-17,12:04:26,2024-09,AUD,Dólar Australiano,3.7206,3.7232
2024-09-17,13:03:32,2024-09,AUD,Dólar Australiano,3.7159,3.7169
2024-09-17,13:03:32,2024-09,AUD,Dólar Australiano,3.7144,3.7154
2024-09-17,11:08:26,2024-09,GBP,Libra,7.2533,7.2552
2024-09-17,12:04:26,2024-09,GBP,Libra,7.2569,7.2604
2024-09-17,13:03:32,2024-09,EUR,Euro,6.1167,6.1179
2024-09-17,11:08:26,2024-09,EUR,Euro,6.112,6.1133
2024-09-17,12:04:26,2024-09,EUR,Euro,6.1225,6.1238
2024-09-17,10:05:27,2024-09,EUR,Euro,6.1126,6.1144
2024-09-17,13:03:32,2024-09,EUR,Euro,6.1142,6.1155
2024-09-16,13:02:31,2024-09,GBP,Libra,7.2871,7.2884
2024-09-16,13:02:31,2024-09,AUD,Dólar Australiano,3.7189,3.7221
2024-09-16,10:05:28,2024-09,AUD,Dólar Australiano,3.7458,3.7467
2024-09-16,11:09:28,2024-09,AUD,Dólar Australiano,3.7142,3.7152
2024-09-16,13:02:31,2024-09,EUR,Euro,6.1293,6.1306
2024-09-16,10:05:28,2024-09,USD,Dólar,5.5575,5.5581
2024-09-16,11:09:28,2024-09,USD,Dólar,5.5083,5.5089
2024-09-16,12:10:26,2024-09,USD,Dólar,5.5034,5.504
2024-09-16,13:02:31,2024-09,USD,Dólar,5.511,5.5116
2024-09-16,13:02:31,2024-09,USD,Dólar,5.5201,5.5207
2024-09-16,12:10:26,2024-09,EUR,Euro,6.1214,6.1226
2024-09-16,13:02:31,2024-09,EUR,Euro,6.1395,6.1407
2024-09-16,13:02:31,2024-09,GBP,Libra,7.2751,7.2764
2024-09-16,13:02:31,2024-09,AUD,Dólar Australiano,3.7128,3.7159
2024-09-16,11:09:28,2024-09,EUR,Euro,6.1302,6.132
2024-09-16,10:05:28,2024-09,EUR,Euro,6.1827,6.1839
2024-09-16,10:05:28,2024-09,GBP,Libra,7.3342,7.3367
2024-09-16,11:09:28,2024-09,GBP,Libra,7.2737,7.2751
2024-09-16,12:10:26,2024-09,GBP,Libra,7.2634,7.2647
2024-09-16,12:10:26,2024-09,AUD,Dólar Australiano,3.7065,3.7075
2024-09-13,13:06:29,2024-09,EUR,Euro,6.175,6.1768
2024-09-13,13:06:29,2024-09,EUR,Euro,6.1548,6.1566
2024-09-13,12:11:26,2024-09,EUR,Euro,6.1648,6.166
2024-09-13,11:10:26,2024-09,EUR,Euro,6.1784,6.1801
2024-09-13,10:04:27,2024-09,EUR,Euro,6.2139,6.2151
2024-09-13,13:06:29,2024-09,USD,Dólar,5.5529,5.5535
2024-09-13,12:11:26,2024-09,USD,Dólar,5.5599,5.5605
2024-09-13,11:10:26,2024-09,USD,Dólar,5.5701,5.5707
2024-09-13,10:04:27,2024-09,USD,Dólar,5.6016,5.6022
2024-09-13,13:06:29,2024-09,AUD,Dólar Australiano,3.7266,3.7275
2024-09-13,13:06:29,2024-09,AUD,Dólar Australiano,3.7388,3.7397
2024-09-13,10:04:27,2024-09,GBP,Libra,7.3588,7.3602
2024-09-13,13:06:29,2024-09,GBP,Libra,7.3199,7.3212
2024-09-13,13:06:29,2024-09,GBP,Libra,7.296,7.2973
2024-09-13,12:11:26,2024-09,GBP,Libra,7.3129,7.3143
2024-09-13,12:11:26,2024-09,AUD,Dólar Australiano,3.7335,3.7344
2024-09-13,11:10:26,2024-09,GBP,Libra,7.3225,7.326
2024-09-13,13:06:29,2024-09,USD,Dólar,5.5711,5.5717
2024-09-13,11:10:26,2024-09,AUD,Dólar Australiano,3.7414,3.7446
2024-09-13,10:04:27,2024-09,AUD,Dólar Australiano,3.7576,3.7585
2024-09-12,11:03:26,2024-09,GBP,Libra,7.3878,7.3897
2024-09-12,12:02:27,2024-09,USD,Dólar,5.6694,5.67
2024-09-12,13:09:32,2024-09,USD,Dólar,5.6484,5.649
2024-09-12,13:09:32,2024-09,USD,Dólar,5.6548,5.6554
2024-09-12,10:12:30,2024-09,USD,Dólar,5.6422,5.6428
2024-09-12,12:02:27,2024-09,EUR,Euro,6.2585,6.2597
2024-09-12,12:02:27,2024-09,GBP,Libra,7.415,7.4164
2024-09-12,11:03:26,2024-09,EUR,Euro,6.2453,6.2465
2024-09-12,10:12:30,2024-09,EUR,Euro,6.2205,6.2218
2024-09-12,13:09:32,2024-09,EUR,Euro,6.2429,6.2441
2024-09-12,10:12:30,2024-09,GBP,Libra,7.3653,7.3667
2024-09-12,13:09:32,2024-09,GBP,Libra,7.3965,7.3978
2024-09-12,13:09:32,2024-09,GBP,Libra,7.3881,7.3895
2024-09-12,11:03:26,2024-09,USD,Dólar,5.659,5.6596
2024-09-12,13:09:32,2024-09,EUR,Euro,6.2358,6.2371
2024-09-12,13:09:32,2024-09,AUD,Dólar Australiano,3.7859,3.7869
2024-09-12,13:09:32,2024-09,AUD,Dólar Australiano,3.7816,3.7826
2024-09-12,10:12:30,2024-09,AUD,Dólar Australiano,3.7679,3.7688
2024-09-12,11:03:26,2024-09,AUD,Dólar Australiano,3.7779,3.7789
2024-09-12,12:02:27,2024-09,AUD,Dólar Australiano,3.7934,3.7944
2024-09-11,14:59:41,2024-09,USD,Dólar,5.6444,5.645
2024-09-11,14:59:41,2024-09,GBP,Libra,7.3507,7.352
2024-09-11,13:06:47,2024-09,GBP,Libra,7.358,7.3599
2024-09-11,14:59:41,2024-09,USD,Dólar,5.6381,5.6387
2024-09-11,13:06:47,2024-09,USD,Dólar,5.6539,5.6545
2024-09-11,13:06:47,2024-09,AUD,Dólar Australiano,3.7514,3.7523
2024-09-11,11:07:32,2024-09,USD,Dólar,5.6375,5.6381
2024-09-11,10:03:27,2024-09,GBP,Libra,7.3358,7.3377
2024-09-11,11:07:32,2024-09,AUD,Dólar Australiano,3.7416,3.7426
2024-09-11,10:03:27,2024-09,AUD,Dólar Australiano,3.7373,3.7382
2024-09-11,11:07:32,2024-09,GBP,Libra,7.3468,7.3487
2024-09-11,14:59:41,2024-09,GBP,Libra,7.3425,7.3438
2024-09-11,10:03:27,2024-09,USD,Dólar,5.6166,5.6172
2024-09-11,14:59:41,2024-09,AUD,Dólar Australiano,3.753,3.7539
2024-09-11,14:59:41,2024-09,AUD,Dólar Australiano,3.7488,3.7497
2024-09-11,14:59:41,2024-09,EUR,Euro,6.2087,6.2099
2024-09-11,10:03:27,2024-09,EUR,Euro,6.1872,6.1885
2024-09-11,14:59:41,2024-09,EUR,Euro,6.2156,6.2168
2024-09-11,13:06:47,2024-09,EUR,Euro,6.2255,6.2267
2024-09-11,11:07:32,2024-09,EUR,Euro,6.208,6.2098
2024-09-10,13:10:31,2024-09,GBP,Libra,7.3761,7.3774
2024-09-10,12:06:27,2024-09,GBP,Libra,7.3487,7.35
2024-09-10,11:09:26,2024-09,GBP,Libra,7.3337,7.3356
2024-09-10,10:09:27,2024-09,GBP,Libra,7.3278,7.3302
2024-09-10,11:09:26,2024-09,AUD,Dólar Australiano,3.7348,3.7358
2024-09-10,12:06:27,2024-09,AUD,Dólar Australiano,3.7419,3.7429
2024-09-10,13:10:31,2024-09,AUD,Dólar Australiano,3.7552,3.7562
2024-09-10,13:10:31,2024-09,AUD,Dólar Australiano,3.7411,3.742
2024-09-10,10:09:27,2024-09,AUD,Dólar Australiano,3.7368,3.7377
2024-09-10,10:09:27,2024-09,USD,Dólar,5.6074,5.608
2024-09-10,11:09:26,2024-09,USD,Dólar,5.6171,5.6177
2024-09-10,12:06:27,2024-09,USD,Dólar,5.6286,5.6292
2024-09-10,13:10:31,2024-09,USD,Dólar,5.6461,5.6467
2024-09-10,13:10:31,2024-09,USD,Dólar,5.6248,5.6254
2024-09-10,13:10:31,2024-09,EUR,Euro,6.2008,6.2026
2024-09-10,13:10:31,2024-09,EUR,Euro,6.2243,6.2261
2024-09-10,12:06:27,2024-09,EUR,Euro,6.2016,6.2028
2024-09-10,11:09:26,2024-09,EUR,Euro,6.1895,6.1907
2024-09-10,10:09:27,2024-09,EUR,Euro,6.1844,6.1856
2024-09-10,13:10:31,2024-09,GBP,Libra,7.3482,7.3496
2024-09-09,12:09:28,2024-09,USD,Dólar,5.5996,5.6002
2024-09-09,11:07:28,2024-09,USD,Dólar,5.6124,5.613
2024-09-09,10:07:29,2024-09,USD,Dólar,5.6217,5.6223
2024-09-09,13:05:33,2024-09,USD,Dólar,5.6028,5.6034
2024-09-09,13:05:33,2024-09,USD,Dólar,5.6091,5.6097
2024-09-09,13:05:33,2024-09,GBP,Libra,7.3296,7.3309
2024-09-09,13:05:33,2024-09,GBP,Libra,7.3378,7.3392
2024-09-09,12:09:28,2024-09,AUD,Dólar Australiano,3.7249,3.7258
2024-09-09,11:07:28,2024-09,GBP,Libra,7.3483,7.3502
2024-09-09,10:07:29,2024-09,GBP,Libra,7.3543,7.3568
2024-09-09,13:05:33,2024-09,EUR,Euro,6.193,6.1942
2024-09-09,13:05:33,2024-09,EUR,Euro,6.1861,6.1873
2024-09-09,12:09:28,2024-09,EUR,Euro,6.1825,6.1837
2024-09-09,11:07:28,2024-09,EUR,Euro,6.2,6.2012
2024-09-09,10:07:29,2024-09,EUR,Euro,6.2052,6.207
2024-09-09,12:09:28,2024-09,GBP,Libra,7.3232,7.3245
2024-09-09,10:07:29,2024-09,AUD,Dólar Australiano,3.739,3.74
2024-09-09,11:07:28,2024-09,AUD,Dólar Australiano,3.7384,3.7394
2024-09-09,13:05:33,2024-09,AUD,Dólar Australiano,3.7357,3.7383
2024-09-09,13:05:33,2024-09,AUD,Dólar Australiano,3.7315,3.7341
2024-09-06,10:06:27,2024-09,EUR,Euro,6.1724,6.1742
2024-09-06,13:05:28,2024-09,EUR,Euro,6.1992,6.2004
2024-09-06,11:10:27,2024-09,EUR,Euro,6.1754,6.1767
2024-09-06,12:04:25,2024-09,EUR,Euro,6.1757,6.1769
2024-09-06,11:10:27,2024-09,AUD,Dólar Australiano,3.7427,3.7437
2024-09-06,13:05:28,2024-09,EUR,Euro,6.1739,6.1751
2024-09-06,10:06:27,2024-09,AUD,Dólar Australiano,3.7456,3.7466
2024-09-06,13:05:28,2024-09,AUD,Dólar Australiano,3.7172,3.7181
2024-09-06,12:04:25,2024-09,AUD,Dólar Australiano,3.7262,3.7272
2024-09-06,13:05:28,2024-09,AUD,Dólar Australiano,3.7324,3.7333
2024-09-06,10:06:27,2024-09,GBP,Libra,7.3308,7.3344
2024-09-06,11:10:27,2024-09,GBP,Libra,7.3372,7.3386
2024-09-06,13:05:28,2024-09,USD,Dólar,5.5696,5.5702
2024-09-06,13:05:28,2024-09,USD,Dólar,5.5924,5.593
2024-09-06,12:04:25,2024-09,USD,Dólar,5.5632,5.5638
2024-09-06,11:10:27,2024-09,USD,Dólar,5.572,5.5726
2024-09-06,12:04:25,2024-09,GBP,Libra,7.3206,7.322
2024-09-06,13:05:28,2024-09,GBP,Libra,7.3434,7.3447
2024-09-06,13:05:28,2024-09,GBP,Libra,7.3134,7.3148
2024-09-06,10:06:27,2024-09,USD,Dólar,5.5507,5.5513
2024-09-05,13:08:11,2024-09,AUD,Dólar Australiano,3.7695,3.7704
2024-09-05,13:08:11,2024-09,AUD,Dólar Australiano,3.7597,3.7607
2024-09-05,12:08:25,2024-09,GBP,Libra,7.3833,7.3846
2024-09-05,10:10:25,2024-09,AUD,Dólar Australiano,3.7776,3.7785
2024-09-05,10:10:25,2024-09,USD,Dólar,5.6122,5.6128
2024-09-05,13:08:11,2024-09,EUR,Euro,6.218,6.2192
2024-09-05,13:08:11,2024-09,EUR,Euro,6.2019,6.2031
2024-09-05,12:08:25,2024-09,EUR,Euro,6.2176,6.2194
2024-09-05,11:07:25,2024-09,EUR,Euro,6.2221,6.2239
2024-09-05,10:10:25,2024-09,EUR,Euro,6.2256,6.2268
2024-09-05,10:10:25,2024-09,GBP,Libra,7.3862,7.3898
2024-09-05,11:07:25,2024-09,GBP,Libra,7.3797,7.3822
2024-09-05,13:08:11,2024-09,GBP,Libra,7.3775,7.3789
2024-09-05,13:08:11,2024-09,GBP,Libra,7.3584,7.3598
2024-09-05,11:07:25,2024-09,USD,Dólar,5.603,5.6036
2024-09-05,12:08:25,2024-09,USD,Dólar,5.6121,5.6127
2024-09-05,13:08:11,2024-09,USD,Dólar,5.5898,5.5904
2024-09-05,13:08:11,2024-09,USD,Dólar,5.6043,5.6049
2024-09-05,11:07:25,2024-09,AUD,Dólar Australiano,3.7742,3.7757
2024-09-05,12:08:25,2024-09,AUD,Dólar Australiano,3.7725,3.7734
2024-09-04,13:10:25,2024-09,AUD,Dólar Australiano,3.788,3.789
2024-09-04,13:10:25,2024-09,GBP,Libra,7.4053,7.4067
2024-09-04,13:10:25,2024-09,GBP,Libra,7.4218,7.4231
2024-09-04,12:11:24,2024-09,GBP,Libra,7.4022,7.4036
2024-09-04,11:11:24,2024-09,GBP,Libra,7.3992,7.4028
2024-09-04,10:02:28,2024-09,AUD,Dólar Australiano,3.7885,3.7894
2024-09-04,11:11:24,2024-09,AUD,Dólar Australiano,3.7914,3.7946
2024-09-04,12:11:24,2024-09,AUD,Dólar Australiano,3.7883,3.7893
2024-09-04,13:10:25,2024-09,AUD,Dólar Australiano,3.7965,3.7974
2024-09-04,10:02:28,2024-09,GBP,Libra,7.3949,7.3963
2024-09-04,12:11:24,2024-09,USD,Dólar,5.6248,5.6254
2024-09-04,11:11:24,2024-09,EUR,Euro,6.2291,6.2309
2024-09-04,11:11:24,2024-09,USD,Dólar,5.6336,5.6342
2024-09-04,13:10:25,2024-09,USD,Dólar,5.6478,5.6484
2024-09-04,13:10:25,2024-09,USD,Dólar,5.6353,5.6359
2024-09-04,12:11:24,2024-09,EUR,Euro,6.2379,6.2391
2024-09-04,13:10:25,2024-09,EUR,Euro,6.2578,6.259
2024-09-04,10:02:28,2024-09,USD,Dólar,5.6351,5.6357
2024-09-04,10:02:28,2024-09,EUR,Euro,6.2279,6.2291
2024-09-04,13:10:25,2024-09,EUR,Euro,6.2439,6.2451
2024-09-03,13:09:53,2024-09,USD,Dólar,5.6218,5.6224
2024-09-03,11:05:25,2024-09,USD,Dólar,5.6253,5.6259
2024-09-03,13:09:53,2024-09,EUR,Euro,6.2076,6.2088
2024-09-03,10:03:25,2024-09,AUD,Dólar Australiano,3.7631,3.7641
2024-09-03,13:09:53,2024-09,EUR,Euro,6.2275,6.2287
2024-09-03,10:03:25,2024-09,EUR,Euro,6.1702,6.1714
2024-09-03,13:09:53,2024-09,USD,Dólar,5.6398,5.6404
2024-09-03,10:03:25,2024-09,USD,Dólar,5.5849,5.5855
2024-09-03,12:07:26,2024-09,USD,Dólar,5.6371,5.6377
2024-09-03,12:07:26,2024-09,EUR,Euro,6.2245,6.2257
2024-09-03,13:09:53,2024-09,GBP,Libra,7.3657,7.367
2024-09-03,13:09:53,2024-09,GBP,Libra,7.3893,7.3906
2024-09-03,11:05:25,2024-09,AUD,Dólar Australiano,3.787,3.789
2024-09-03,12:07:26,2024-09,AUD,Dólar Australiano,3.7847,3.7857
2024-09-03,13:09:53,2024-09,AUD,Dólar Australiano,3.7899,3.7909
2024-09-03,13:09:53,2024-09,AUD,Dólar Australiano,3.7778,3.7788
2024-09-03,10:03:25,2024-09,GBP,Libra,7.333,7.3343
2024-09-03,11:05:25,2024-09,GBP,Libra,7.3855,7.3896
2024-09-03,12:07:26,2024-09,GBP,Libra,7.3812,7.3826
2024-09-03,11:05:25,2024-09,EUR,Euro,6.2261,6.2279
2024-09-02,13:08:26,2024-09,AUD,Dólar Australiano,3.817,3.818
2024-09-02,13:08:26,2024-09,EUR,Euro,6.2229,6.2241
2024-09-02,13:08:26,2024-09,EUR,Euro,6.2063,6.2075
2024-09-02,12:10:26,2024-09,EUR,Euro,6.2309,6.2321
2024-09-02,11:06:27,2024-09,EUR,Euro,6.2374,6.2386
2024-09-02,10:07:31,2024-09,EUR,Euro,6.217,6.2182
2024-09-02,13:08:26,2024-09,AUD,Dólar Australiano,3.8069,3.8078
2024-09-02,11:06:27,2024-09,AUD,Dólar Australiano,3.8206,3.8216
2024-09-02,12:10:26,2024-09,AUD,Dólar Australiano,3.821,3.8237
2024-09-02,10:07:31,2024-09,AUD,Dólar Australiano,3.8084,3.8094
2024-09-02,11:06:27,2024-09,GBP,Libra,7.4063,7.4076
2024-09-02,12:10:26,2024-09,USD,Dólar,5.6291,5.6297
2024-09-02,13:08:26,2024-09,GBP,Libra,7.3901,7.392
2024-09-02,13:08:26,2024-09,USD,Dólar,5.6074,5.608
2024-09-02,13:08:26,2024-09,USD,Dólar,5.6224,5.623
2024-09-02,10:07:31,2024-09,USD,Dólar,5.6171,5.6177
2024-09-02,11:06:27,2024-09,USD,Dólar,5.636,5.6366
2024-09-02,10:07:31,2024-09,GBP,Libra,7.3826,7.3839
2024-09-02,13:08:26,2024-09,GBP,Libra,7.3704,7.3723
2024-09-02,12:10:26,2024-09,GBP,Libra,7.4023,7.4047
2024-08-30,13:03:31,2024-08,USD,Dólar,5.6556,5.6562
2024-08-30,10:10:25,2024-08,USD,Dólar,5.6753,5.6759
2024-08-30,13:03:31,2024-08,USD,Dólar,5.6291,5.6297
2024-08-30,12:02:25,2024-08,USD,Dólar,5.6666,5.6672
2024-08-30,11:08:25,2024-08,AUD,Dólar Australiano,3.8316,3.8337
2024-08-30,13:03:31,2024-08,AUD,Dólar Australiano,3.8075,3.8085
2024-08-30,10:10:25,2024-08,GBP,Libra,7.4664,7.4678
2024-08-30,11:08:25,2024-08,GBP,Libra,7.4275,7.4289
2024-08-30,12:02:25,2024-08,GBP,Libra,7.447,7.4484
2024-08-30,13:03:31,2024-08,GBP,Libra,7.391,7.3924
2024-08-30,13:03:31,2024-08,GBP,Libra,7.4258,7.4272
2024-08-30,11:08:25,2024-08,USD,Dólar,5.6513,5.6519
2024-08-30,13:03:31,2024-08,AUD,Dólar Australiano,3.8254,3.8264
2024-08-30,12:02:25,2024-08,AUD,Dólar Australiano,3.8442,3.8452
2024-08-30,13:03:31,2024-08,EUR,Euro,6.2545,6.2563
2024-08-30,10:10:25,2024-08,EUR,Euro,6.2814,6.2838
2024-08-30,12:02:25,2024-08,EUR,Euro,6.2724,6.2736
2024-08-30,13:03:31,2024-08,EUR,Euro,6.2252,6.227
2024-08-30,11:08:25,2024-08,EUR,Euro,6.2577,6.2589
2024-08-30,10:10:25,2024-08,AUD,Dólar Australiano,3.8507,3.8517
2024-08-29,10:08:27,2024-08,AUD,Dólar Australiano,3.8192,3.8202
2024-08-29,11:10:27,2024-08,AUD,Dólar Australiano,3.8281,3.8291
2024-08-29,12:09:14,2024-08,AUD,Dólar Australiano,3.8341,3.835
2024-08-29,13:06:29,2024-08,AUD,Dólar Australiano,3.8342,3.8352
2024-08-29,13:06:29,2024-08,AUD,Dólar Australiano,3.839,3.84
2024-08-29,13:06:29,2024-08,EUR,Euro,6.2466,6.2478
2024-08-29,13:06:29,2024-08,EUR,Euro,6.2545,6.2557
2024-08-29,12:09:14,2024-08,EUR,Euro,6.2493,6.2506
2024-08-29,11:10:27,2024-08,EUR,Euro,6.2479,6.2491
2024-08-29,10:08:27,2024-08,EUR,Euro,6.2234,6.2247
2024-08-29,13:06:29,2024-08,GBP,Libra,7.4394,7.4407
2024-08-29,13:06:29,2024-08,GBP,Libra,7.43,7.4314
2024-08-29,10:08:27,2024-08,GBP,Libra,7.3891,7.391
2024-08-29,13:06:29,2024-08,USD,Dólar,5.6423,5.6429
2024-08-29,12:09:14,2024-08,USD,Dólar,5.6458,5.6464
2024-08-29,11:10:27,2024-08,USD,Dólar,5.6379,5.6385
2024-08-29,10:08:27,2024-08,USD,Dólar,5.6148,5.6154
2024-08-29,12:09:14,2024-08,GBP,Libra,7.427,7.4284
2024-08-29,13:06:29,2024-08,USD,Dólar,5.6352,5.6358
2024-08-29,11:10:27,2024-08,GBP,Libra,7.4212,7.4225
2024-08-28,10:08:26,2024-08,GBP,Libra,7.3088,7.3102
2024-08-28,12:07:26,2024-08,GBP,Libra,7.2998,7.3011
2024-08-28,13:11:27,2024-08,GBP,Libra,7.3063,7.3077
2024-08-28,13:11:27,2024-08,GBP,Libra,7.3002,7.3016
2024-08-28,12:07:26,2024-08,EUR,Euro,6.149,6.1502
2024-08-28,13:11:27,2024-08,EUR,Euro,6.1537,6.1549
2024-08-28,13:11:27,2024-08,EUR,Euro,6.1588,6.16
2024-08-28,11:03:25,2024-08,EUR,Euro,6.1448,6.146
2024-08-28,11:03:25,2024-08,GBP,Libra,7.2974,7.2987
2024-08-28,10:08:26,2024-08,USD,Dólar,5.5328,5.5334
2024-08-28,11:03:25,2024-08,USD,Dólar,5.5304,5.531
2024-08-28,12:07:26,2024-08,USD,Dólar,5.5247,5.5253
2024-08-28,13:11:27,2024-08,USD,Dólar,5.5355,5.5361
2024-08-28,10:08:26,2024-08,AUD,Dólar Australiano,3.7485,3.7494
2024-08-28,11:03:25,2024-08,AUD,Dólar Australiano,3.7468,3.75
2024-08-28,12:07:26,2024-08,AUD,Dólar Australiano,3.7513,3.7522
2024-08-28,13:11:27,2024-08,AUD,Dólar Australiano,3.7531,3.754
2024-08-28,13:11:27,2024-08,AUD,Dólar Australiano,3.75,3.7509
2024-08-28,13:11:27,2024-08,USD,Dólar,5.5309,5.5315
2024-08-28,10:08:26,2024-08,EUR,Euro,6.1475,6.1493
2024-08-27,12:07:27,2024-08,EUR,Euro,6.1366,6.1378
2024-08-27,13:06:27,2024-08,EUR,Euro,6.1395,6.1407
2024-08-27,10:04:29,2024-08,EUR,Euro,6.1266,6.1279
2024-08-27,13:06:27,2024-08,EUR,Euro,6.1339,6.1351
2024-08-27,13:06:27,2024-08,USD,Dólar,5.4963,5.4969
2024-08-27,11:11:26,2024-08,EUR,Euro,6.1377,6.1406
2024-08-27,13:06:27,2024-08,USD,Dólar,5.5013,5.5019
2024-08-27,13:06:27,2024-08,AUD,Dólar Australiano,3.7254,3.7263
2024-08-27,11:11:26,2024-08,GBP,Libra,7.2718,7.2754
2024-08-27,12:07:27,2024-08,AUD,Dólar Australiano,3.7262,3.7271
2024-08-27,11:11:26,2024-08,AUD,Dólar Australiano,3.7233,3.7243
2024-08-27,10:04:29,2024-08,AUD,Dólar Australiano,3.7195,3.7204
2024-08-27,12:07:27,2024-08,USD,Dólar,5.4958,5.4964
2024-08-27,10:04:29,2024-08,GBP,Libra,7.2555,7.2569
2024-08-27,13:06:27,2024-08,AUD,Dólar Australiano,3.7288,3.7297
2024-08-27,10:04:29,2024-08,USD,Dólar,5.4908,5.4914
2024-08-27,11:11:26,2024-08,USD,Dólar,5.4973,5.4979
2024-08-27,12:07:27,2024-08,GBP,Libra,7.2731,7.2745
2024-08-27,13:06:27,2024-08,GBP,Libra,7.2804,7.2818
2024-08-27,13:06:27,2024-08,GBP,Libra,7.2738,7.2751
2024-08-26,13:12:40,2024-08,GBP,Libra,7.24,7.2413
2024-08-26,13:12:40,2024-08,EUR,Euro,6.1364,6.1376
2024-08-26,12:05:26,2024-08,GBP,Libra,7.2552,7.2565
2024-08-26,11:02:26,2024-08,GBP,Libra,7.2312,7.2325
2024-08-26,10:05:08,2024-08,GBP,Libra,7.2448,7.2472
2024-08-26,10:05:08,2024-08,USD,Dólar,5.4893,5.4899
2024-08-26,13:12:40,2024-08,GBP,Libra,7.2474,7.2487
2024-08-26,13:12:40,2024-08,EUR,Euro,6.1302,6.1314
2024-08-26,13:12:40,2024-08,AUD,Dólar Australiano,3.7221,3.723
2024-08-26,10:05:08,2024-08,AUD,Dólar Australiano,3.7179,3.7194
2024-08-26,12:05:26,2024-08,EUR,Euro,6.1413,6.1425
2024-08-26,11:02:26,2024-08,EUR,Euro,6.1195,6.1207
2024-08-26,10:05:08,2024-08,EUR,Euro,6.1255,6.1273
2024-08-26,13:12:40,2024-08,USD,Dólar,5.4915,5.4921
2024-08-26,13:12:40,2024-08,USD,Dólar,5.4971,5.4977
2024-08-26,12:05:26,2024-08,USD,Dólar,5.4951,5.4957
2024-08-26,11:02:26,2024-08,USD,Dólar,5.4844,5.485
2024-08-26,11:02:26,2024-08,AUD,Dólar Australiano,3.7162,3.7172
2024-08-26,12:05:26,2024-08,AUD,Dólar Australiano,3.7257,3.7283
2024-08-26,13:12:40,2024-08,AUD,Dólar Australiano,3.7183,3.7193
2024-08-23,13:11:28,2024-08,USD,Dólar,5.5257,5.5263
2024-08-23,10:06:28,2024-08,AUD,Dólar Australiano,3.7421,3.743
2024-08-23,11:07:27,2024-08,AUD,Dólar Australiano,3.7274,3.73
2024-08-23,12:04:25,2024-08,AUD,Dólar Australiano,3.7243,3.7253
2024-08-23,10:06:28,2024-08,USD,Dólar,5.5595,5.56
2024-08-23,11:07:27,2024-08,USD,Dólar,5.5393,5.5399
2024-08-23,12:04:25,2024-08,USD,Dólar,5.5012,5.5018
2024-08-23,13:11:28,2024-08,USD,Dólar,5.5028,5.5034
2024-08-23,13:11:28,2024-08,EUR,Euro,6.175,6.1762
2024-08-23,13:11:28,2024-08,EUR,Euro,6.1494,6.1506
2024-08-23,11:07:27,2024-08,EUR,Euro,6.1558,6.1576
2024-08-23,10:06:28,2024-08,EUR,Euro,6.1783,6.1805
2024-08-23,13:11:28,2024-08,AUD,Dólar Australiano,3.7292,3.7302
2024-08-23,13:11:28,2024-08,AUD,Dólar Australiano,3.7448,3.7457
2024-08-23,13:11:28,2024-08,GBP,Libra,7.2906,7.292
2024-08-23,13:11:28,2024-08,GBP,Libra,7.2604,7.2617
2024-08-23,12:04:25,2024-08,GBP,Libra,7.2544,7.2558
2024-08-23,11:07:27,2024-08,GBP,Libra,7.2676,7.2717
2024-08-23,12:04:25,2024-08,EUR,Euro,6.147,6.1483
2024-08-23,10:06:28,2024-08,GBP,Libra,7.2935,7.2947
2024-08-22,13:09:28,2024-08,GBP,Libra,7.292,7.2939
2024-08-22,13:09:28,2024-08,GBP,Libra,7.269,7.2709
2024-08-22,10:10:28,2024-08,GBP,Libra,7.2749,7.2762
2024-08-22,12:04:27,2024-08,GBP,Libra,7.2729,7.2764
2024-08-22,11:03:27,2024-08,GBP,Libra,7.2607,7.2637
2024-08-22,12:04:27,2024-08,AUD,Dólar Australiano,3.7275,3.7284
2024-08-22,11:03:27,2024-08,AUD,Dólar Australiano,3.7212,3.7222
2024-08-22,10:10:28,2024-08,AUD,Dólar Australiano,3.7342,3.7352
2024-08-22,13:09:28,2024-08,AUD,Dólar Australiano,3.7236,3.7245
2024-08-22,13:09:28,2024-08,EUR,Euro,6.1887,6.1899
2024-08-22,13:09:28,2024-08,AUD,Dólar Australiano,3.7354,3.7364
2024-08-22,13:09:28,2024-08,EUR,Euro,6.1692,6.1704
2024-08-22,10:10:28,2024-08,USD,Dólar,5.5453,5.5459
2024-08-22,13:09:28,2024-08,USD,Dólar,5.5518,5.5524
2024-08-22,13:09:28,2024-08,USD,Dólar,5.5694,5.57
2024-08-22,12:04:27,2024-08,USD,Dólar,5.5518,5.5524
2024-08-22,11:03:27,2024-08,USD,Dólar,5.5408,5.5414
2024-08-22,12:04:27,2024-08,EUR,Euro,6.1703,6.1715
2024-08-22,10:10:28,2024-08,EUR,Euro,6.1775,6.1787
2024-08-22,11:03:27,2024-08,EUR,Euro,6.1597,6.1626
2024-08-21,11:11:27,2024-08,AUD,Dólar Australiano,3.6892,3.6902
2024-08-21,12:09:28,2024-08,GBP,Libra,7.145,7.1463
2024-08-21,13:07:29,2024-08,GBP,Libra,7.1527,7.154
2024-08-21,13:07:29,2024-08,AUD,Dólar Australiano,3.6918,3.6927
2024-08-21,13:07:29,2024-08,AUD,Dólar Australiano,3.693,3.6939
2024-08-21,12:09:28,2024-08,AUD,Dólar Australiano,3.6863,3.6872
2024-08-21,11:11:27,2024-08,USD,Dólar,5.4744,5.475
2024-08-21,10:06:28,2024-08,AUD,Dólar Australiano,3.6838,3.6847
2024-08-21,12:09:28,2024-08,USD,Dólar,5.4709,5.4715
2024-08-21,10:06:28,2024-08,GBP,Libra,7.1261,7.1285
2024-08-21,10:06:28,2024-08,USD,Dólar,5.4631,5.4637
2024-08-21,13:07:29,2024-08,USD,Dólar,5.4701,5.4707
2024-08-21,13:07:29,2024-08,USD,Dólar,5.4719,5.4725
2024-08-21,11:11:27,2024-08,GBP,Libra,7.1419,7.1432
2024-08-21,13:07:29,2024-08,GBP,Libra,7.1551,7.1564
2024-08-21,13:07:29,2024-08,EUR,Euro,6.0948,6.096
2024-08-21,13:07:29,2024-08,EUR,Euro,6.0968,6.098
2024-08-21,12:09:28,2024-08,EUR,Euro,6.0864,6.0876
2024-08-21,11:11:27,2024-08,EUR,Euro,6.0837,6.0855
2024-08-21,10:06:28,2024-08,EUR,Euro,6.0772,6.0789
2024-08-20,10:06:28,2024-08,EUR,Euro,6.0369,6.0381
2024-08-20,13:05:29,2024-08,AUD,Dólar Australiano,3.6761,3.677
2024-08-20,12:09:27,2024-08,AUD,Dólar Australiano,3.6862,3.6872
2024-08-20,11:08:27,2024-08,AUD,Dólar Australiano,3.6653,3.6663
2024-08-20,10:06:28,2024-08,AUD,Dólar Australiano,3.6672,3.6681
2024-08-20,10:06:28,2024-08,USD,Dólar,5.4401,5.4407
2024-08-20,11:08:27,2024-08,EUR,Euro,6.0369,6.0387
2024-08-20,12:09:27,2024-08,EUR,Euro,6.0732,6.0744
2024-08-20,13:05:29,2024-08,EUR,Euro,6.077,6.0788
2024-08-20,13:05:29,2024-08,GBP,Libra,7.104,7.1064
2024-08-20,13:05:29,2024-08,GBP,Libra,7.1277,7.1301
2024-08-20,12:09:27,2024-08,GBP,Libra,7.1215,7.1228
2024-08-20,11:08:27,2024-08,GBP,Libra,7.0838,7.0851
2024-08-20,12:09:27,2024-08,USD,Dólar,5.4659,5.4665
2024-08-20,13:05:29,2024-08,USD,Dólar,5.4723,5.4729
2024-08-20,13:05:29,2024-08,USD,Dólar,5.4541,5.4547
2024-08-20,13:05:29,2024-08,AUD,Dólar Australiano,3.6883,3.6893
2024-08-20,13:05:29,2024-08,EUR,Euro,6.0568,6.0585
2024-08-20,11:08:27,2024-08,USD,Dólar,5.4382,5.4388
2024-08-20,10:06:28,2024-08,GBP,Libra,7.0857,7.0871
2024-08-19,13:10:28,2024-08,USD,Dólar,5.4231,5.4237
2024-08-19,13:10:28,2024-08,USD,Dólar,5.4014,5.402
2024-08-19,11:03:26,2024-08,USD,Dólar,5.4284,5.429
2024-08-19,10:11:26,2024-08,EUR,Euro,6.0134,6.0146
2024-08-19,10:11:26,2024-08,USD,Dólar,5.4479,5.4485
2024-08-19,13:10:28,2024-08,EUR,Euro,5.9788,5.98
2024-08-19,13:10:28,2024-08,EUR,Euro,6.0028,6.004
2024-08-19,12:04:51,2024-08,USD,Dólar,5.4147,5.4153
2024-08-19,13:10:28,2024-08,AUD,Dólar Australiano,3.6411,3.642
2024-08-19,12:04:51,2024-08,AUD,Dólar Australiano,3.6365,3.6375
2024-08-19,11:03:26,2024-08,AUD,Dólar Australiano,3.637,3.6385
2024-08-19,10:11:26,2024-08,AUD,Dólar Australiano,3.6485,3.6494
2024-08-19,12:04:51,2024-08,GBP,Libra,7.031,7.0323
2024-08-19,11:03:26,2024-08,GBP,Libra,7.0357,7.0376
2024-08-19,10:11:26,2024-08,GBP,Libra,7.055,7.0564
2024-08-19,12:04:51,2024-08,EUR,Euro,5.9914,5.9926
2024-08-19,13:10:28,2024-08,AUD,Dólar Australiano,3.6265,3.6274
2024-08-19,13:10:28,2024-08,GBP,Libra,7.0386,7.04
2024-08-19,13:10:28,2024-08,GBP,Libra,7.0105,7.0118
2024-08-19,11:03:26,2024-08,EUR,Euro,5.9951,5.9963
2024-08-16,10:07:26,2024-08,EUR,Euro,5.98,5.9812
2024-08-16,13:05:26,2024-08,USD,Dólar,5.4626,5.4632
2024-08-16,13:05:26,2024-08,USD,Dólar,5.4755,5.4761
2024-08-16,10:07:26,2024-08,AUD,Dólar Australiano,3.603,3.6061
2024-08-16,11:09:26,2024-08,AUD,Dólar Australiano,3.6177,3.6192
2024-08-16,12:10:26,2024-08,AUD,Dólar Australiano,3.6364,3.6373
2024-08-16,10:07:26,2024-08,GBP,Libra,7.0151,7.0164
2024-08-16,11:09:26,2024-08,GBP,Libra,7.0374,7.0398
2024-08-16,12:10:26,2024-08,GBP,Libra,7.064,7.0653
2024-08-16,13:05:26,2024-08,GBP,Libra,7.0661,7.0675
2024-08-16,13:05:26,2024-08,GBP,Libra,7.0495,7.0508
2024-08-16,11:09:26,2024-08,EUR,Euro,6.0019,6.0037
2024-08-16,12:10:26,2024-08,EUR,Euro,6.0223,6.0235
2024-08-16,13:05:26,2024-08,EUR,Euro,6.0203,6.0215
2024-08-16,13:05:26,2024-08,EUR,Euro,6.0061,6.0073
2024-08-16,13:05:26,2024-08,AUD,Dólar Australiano,3.6401,3.6411
2024-08-16,13:05:26,2024-08,AUD,Dólar Australiano,3.6315,3.6325
2024-08-16,10:07:26,2024-08,USD,Dólar,5.4393,5.4399
2024-08-16,11:09:26,2024-08,USD,Dólar,5.4558,5.4564
2024-08-16,12:10:26,2024-08,USD,Dólar,5.4798,5.4804
2024-08-15,13:11:27,2024-08,AUD,Dólar Australiano,3.6168,3.6178
2024-08-15,13:11:27,2024-08,AUD,Dólar Australiano,3.6224,3.6234
2024-08-15,11:04:27,2024-08,USD,Dólar,5.46,5.4606
2024-08-15,13:11:27,2024-08,USD,Dólar,5.4645,5.4651
2024-08-15,13:11:27,2024-08,USD,Dólar,5.4561,5.4567
2024-08-15,12:06:25,2024-08,USD,Dólar,5.4688,5.4694
2024-08-15,10:10:28,2024-08,AUD,Dólar Australiano,3.6161,3.617
2024-08-15,10:10:28,2024-08,USD,Dólar,5.4731,5.4737
2024-08-15,13:11:27,2024-08,GBP,Libra,7.029,7.0303
2024-08-15,13:11:27,2024-08,GBP,Libra,7.0182,7.0195
2024-08-15,12:06:25,2024-08,GBP,Libra,7.0285,7.0298
2024-08-15,11:04:27,2024-08,GBP,Libra,7.0085,7.0098
2024-08-15,10:10:28,2024-08,GBP,Libra,7.0154,7.0173
2024-08-15,11:04:27,2024-08,AUD,Dólar Australiano,3.614,3.6149
2024-08-15,12:06:25,2024-08,AUD,Dólar Australiano,3.6253,3.6262
2024-08-15,13:11:27,2024-08,EUR,Euro,6.0028,6.004
2024-08-15,13:11:27,2024-08,EUR,Euro,5.9935,5.9947
2024-08-15,12:06:25,2024-08,EUR,Euro,6.0064,6.0076
2024-08-15,11:04:27,2024-08,EUR,Euro,5.9885,5.9897
2024-08-15,10:10:28,2024-08,EUR,Euro,5.9963,5.9981
2024-08-14,10:09:26,2024-08,EUR,Euro,6.0093,6.0105
2024-08-14,11:07:26,2024-08,AUD,Dólar Australiano,3.602,3.6029
2024-08-14,13:08:26,2024-08,USD,Dólar,5.4496,5.4502
2024-08-14,13:08:26,2024-08,USD,Dólar,5.4577,5.4583
2024-08-14,12:05:27,2024-08,USD,Dólar,5.4402,5.4408
2024-08-14,11:07:26,2024-08,USD,Dólar,5.4452,5.4458
2024-08-14,10:09:26,2024-08,USD,Dólar,5.4551,5.4557
2024-08-14,11:07:26,2024-08,EUR,Euro,6.0099,6.0111
2024-08-14,12:05:27,2024-08,EUR,Euro,6.0033,6.0045
2024-08-14,13:08:26,2024-08,AUD,Dólar Australiano,3.6038,3.6064
2024-08-14,12:05:27,2024-08,AUD,Dólar Australiano,3.6009,3.6034
2024-08-14,13:08:26,2024-08,AUD,Dólar Australiano,3.6092,3.6118
2024-08-14,10:09:26,2024-08,AUD,Dólar Australiano,3.6124,3.6133
2024-08-14,12:05:27,2024-08,GBP,Libra,6.9934,6.9947
2024-08-14,13:08:26,2024-08,EUR,Euro,6.0071,6.0083
2024-08-14,13:08:26,2024-08,GBP,Libra,7.0006,7.0041
2024-08-14,13:08:26,2024-08,GBP,Libra,7.011,7.0145
2024-08-14,10:09:26,2024-08,GBP,Libra,7.0038,7.0057
2024-08-14,13:08:26,2024-08,EUR,Euro,6.016,6.0172
2024-08-14,11:07:26,2024-08,GBP,Libra,6.9982,6.9995
2024-08-13,10:03:27,2024-08,EUR,Euro,6.0009,6.0027
2024-08-13,11:04:27,2024-08,EUR,Euro,6.0142,6.0154
2024-08-13,13:09:28,2024-08,GBP,Libra,7.036,7.0373
2024-08-13,13:09:28,2024-08,GBP,Libra,7.038,7.0394
2024-08-13,12:04:26,2024-08,USD,Dólar,5.4886,5.4892
2024-08-13,13:09:28,2024-08,USD,Dólar,5.4869,5.4875
2024-08-13,13:09:28,2024-08,USD,Dólar,5.4853,5.4859
2024-08-13,11:04:27,2024-08,USD,Dólar,5.4884,5.489
2024-08-13,12:04:26,2024-08,EUR,Euro,6.0133,6.0145
2024-08-13,13:09:28,2024-08,EUR,Euro,6.008,6.0093
2024-08-13,13:09:28,2024-08,EUR,Euro,6.0098,6.011
2024-08-13,11:04:27,2024-08,GBP,Libra,7.0345,7.0358
2024-08-13,10:03:27,2024-08,GBP,Libra,7.0239,7.0274
2024-08-13,12:04:26,2024-08,GBP,Libra,7.038,7.0415
2024-08-13,12:04:26,2024-08,AUD,Dólar Australiano,3.6274,3.6284
2024-08-13,13:09:28,2024-08,AUD,Dólar Australiano,3.6268,3.6278
2024-08-13,10:03:27,2024-08,USD,Dólar,5.4853,5.4859
2024-08-13,10:03:27,2024-08,AUD,Dólar Australiano,3.6247,3.6256
2024-08-13,11:04:27,2024-08,AUD,Dólar Australiano,3.6278,3.631
2024-08-13,13:09:28,2024-08,AUD,Dólar Australiano,3.6258,3.6267
2024-08-12,13:02:28,2024-08,EUR,Euro,5.9995,6.0007
2024-08-12,13:02:28,2024-08,USD,Dólar,5.4905,5.4911
2024-08-12,13:02:28,2024-08,USD,Dólar,5.5051,5.5057
2024-08-12,11:06:26,2024-08,USD,Dólar,5.4917,5.4923
2024-08-12,10:07:59,2024-08,USD,Dólar,5.4811,5.4817
2024-08-12,12:03:26,2024-08,USD,Dólar,5.4841,5.4847
2024-08-12,12:03:26,2024-08,EUR,Euro,5.9947,5.9959
2024-08-12,13:02:28,2024-08,AUD,Dólar Australiano,3.6204,3.6214
2024-08-12,13:02:28,2024-08,AUD,Dólar Australiano,3.6301,3.631
2024-08-12,12:03:26,2024-08,AUD,Dólar Australiano,3.6201,3.621
2024-08-12,11:06:26,2024-08,AUD,Dólar Australiano,3.6207,3.6216
2024-08-12,10:07:59,2024-08,AUD,Dólar Australiano,3.6137,3.6146
2024-08-12,13:02:28,2024-08,EUR,Euro,6.0154,6.0166
2024-08-12,11:06:26,2024-08,GBP,Libra,7.0102,7.0115
2024-08-12,11:06:26,2024-08,EUR,Euro,5.9991,6.0003
2024-08-12,10:07:59,2024-08,GBP,Libra,6.9966,6.9979
2024-08-12,12:03:26,2024-08,GBP,Libra,7.0109,7.0122
2024-08-12,13:02:28,2024-08,GBP,Libra,7.0306,7.0319
2024-08-12,13:02:28,2024-08,GBP,Libra,7.0119,7.0132
2024-08-12,10:07:59,2024-08,EUR,Euro,5.9854,5.9866
2024-08-09,13:03:28,2024-08,GBP,Libra,7.0343,7.0356
2024-08-09,12:09:27,2024-08,GBP,Libra,7.0225,7.0238
2024-08-09,11:07:27,2024-08,GBP,Libra,7.0284,7.0297
2024-08-09,13:03:28,2024-08,AUD,Dólar Australiano,3.6218,3.6249
2024-08-09,10:02:27,2024-08,AUD,Dólar Australiano,3.624,3.6249
2024-08-09,13:03:28,2024-08,AUD,Dólar Australiano,3.6222,3.6253
2024-08-09,10:02:27,2024-08,USD,Dólar,5.5143,5.5149
2024-08-09,11:07:27,2024-08,USD,Dólar,5.5155,5.5161
2024-08-09,12:09:27,2024-08,USD,Dólar,5.5022,5.5028
2024-08-09,13:03:28,2024-08,USD,Dólar,5.5115,5.5121
2024-08-09,13:03:28,2024-08,USD,Dólar,5.5109,5.5115
2024-08-09,10:02:27,2024-08,EUR,Euro,6.0167,6.0184
2024-08-09,11:07:27,2024-08,EUR,Euro,6.0235,6.0252
2024-08-09,10:02:27,2024-08,GBP,Libra,7.0236,7.0249
2024-08-09,12:09:27,2024-08,EUR,Euro,6.0095,6.0107
2024-08-09,13:03:28,2024-08,EUR,Euro,6.0197,6.0214
2024-08-09,13:03:28,2024-08,EUR,Euro,6.019,6.0208
2024-08-09,12:09:27,2024-08,AUD,Dólar Australiano,3.6215,3.6225
2024-08-09,11:07:27,2024-08,AUD,Dólar Australiano,3.6248,3.6257
2024-08-09,13:03:28,2024-08,GBP,Libra,7.0336,7.0349
2024-08-08,10:03:28,2024-08,USD,Dólar,5.6424,5.643
2024-08-08,13:05:28,2024-08,GBP,Libra,7.1345,7.1358
2024-08-08,12:02:27,2024-08,GBP,Libra,7.1306,7.1319
2024-08-08,11:03:25,2024-08,USD,Dólar,5.6156,5.6162
2024-08-08,13:05:28,2024-08,USD,Dólar,5.6166,5.6172
2024-08-08,10:03:28,2024-08,GBP,Libra,7.1529,7.1542
2024-08-08,11:03:25,2024-08,GBP,Libra,7.1335,7.1359
2024-08-08,13:05:28,2024-08,GBP,Libra,7.1561,7.1574
2024-08-08,13:05:28,2024-08,AUD,Dólar Australiano,3.6952,3.6961
2024-08-08,13:05:28,2024-08,EUR,Euro,6.1294,6.1306
2024-08-08,13:05:28,2024-08,EUR,Euro,6.1108,6.1121
2024-08-08,13:05:28,2024-08,AUD,Dólar Australiano,3.684,3.6849
2024-08-08,12:02:27,2024-08,AUD,Dólar Australiano,3.6839,3.6871
2024-08-08,12:02:27,2024-08,USD,Dólar,5.6089,5.6095
2024-08-08,11:03:25,2024-08,AUD,Dólar Australiano,3.6805,3.6814
2024-08-08,10:03:28,2024-08,AUD,Dólar Australiano,3.6963,3.6973
2024-08-08,13:05:28,2024-08,USD,Dólar,5.5996,5.6002
2024-08-08,12:02:27,2024-08,EUR,Euro,6.1171,6.1183
2024-08-08,11:03:25,2024-08,EUR,Euro,6.1171,6.1183
2024-08-08,10:03:28,2024-08,EUR,Euro,6.1491,6.1503
2024-08-07,11:02:26,2024-08,EUR,Euro,6.1181,6.1193
2024-08-07,13:11:35,2024-08,EUR,Euro,6.1269,6.1282
2024-08-07,11:02:26,2024-08,AUD,Dólar Australiano,3.6774,3.6783
2024-08-07,12:06:25,2024-08,AUD,Dólar Australiano,3.6784,3.6793
2024-08-07,13:11:35,2024-08,AUD,Dólar Australiano,3.6726,3.6736
2024-08-07,13:11:35,2024-08,AUD,Dólar Australiano,3.6743,3.6752
2024-08-07,13:11:35,2024-08,EUR,Euro,6.1242,6.1254
2024-08-07,10:11:46,2024-08,USD,Dólar,5.6148,5.6154
2024-08-07,12:06:25,2024-08,EUR,Euro,6.1331,6.1343
2024-08-07,11:02:26,2024-08,USD,Dólar,5.6032,5.6038
2024-08-07,12:06:25,2024-08,USD,Dólar,5.6107,5.6113
2024-08-07,13:11:35,2024-08,USD,Dólar,5.6062,5.6068
2024-08-07,13:11:35,2024-08,USD,Dólar,5.6087,5.6093
2024-08-07,10:11:46,2024-08,EUR,Euro,6.1319,6.1331
2024-08-07,10:11:46,2024-08,AUD,Dólar Australiano,3.685,3.6859
2024-08-07,12:06:25,2024-08,GBP,Libra,7.1374,7.1387
2024-08-07,13:11:35,2024-08,GBP,Libra,7.1283,7.1296
2024-08-07,10:11:46,2024-08,GBP,Libra,7.1431,7.1445
2024-08-07,11:02:26,2024-08,GBP,Libra,7.125,7.1264
2024-08-07,13:11:35,2024-08,GBP,Libra,7.1315,7.1328
2024-08-06,10:05:28,2024-08,AUD,Dólar Australiano,3.6632,3.6664
2024-08-06,12:06:27,2024-08,USD,Dólar,5.6598,5.6604
2024-08-06,13:07:56,2024-08,USD,Dólar,5.6309,5.6315
2024-08-06,13:07:56,2024-08,USD,Dólar,5.6522,5.6528
2024-08-06,13:07:56,2024-08,GBP,Libra,7.1479,7.1492
2024-08-06,10:05:28,2024-08,EUR,Euro,6.1698,6.1716
2024-08-06,10:05:28,2024-08,USD,Dólar,5.6583,5.6589
2024-08-06,11:05:27,2024-08,EUR,Euro,6.1794,6.1812
2024-08-06,12:06:27,2024-08,EUR,Euro,6.1879,6.1891
2024-08-06,13:07:56,2024-08,EUR,Euro,6.1518,6.153
2024-08-06,13:07:56,2024-08,EUR,Euro,6.175,6.1762
2024-08-06,11:05:27,2024-08,USD,Dólar,5.6598,5.6604
2024-08-06,11:05:27,2024-08,GBP,Libra,7.1857,7.1881
2024-08-06,12:06:27,2024-08,GBP,Libra,7.1913,7.1927
2024-08-06,11:05:27,2024-08,AUD,Dólar Australiano,3.6789,3.6798
2024-08-06,12:06:27,2024-08,AUD,Dólar Australiano,3.6823,3.6832
2024-08-06,13:07:56,2024-08,AUD,Dólar Australiano,3.6708,3.6717
2024-08-06,13:07:56,2024-08,AUD,Dólar Australiano,3.6847,3.6856
2024-08-06,10:05:28,2024-08,GBP,Libra,7.1747,7.1761
2024-08-06,13:07:56,2024-08,GBP,Libra,7.1749,7.1762
2024-08-05,12:10:25,2024-08,GBP,Libra,7.3578,7.3597
2024-08-05,10:11:30,2024-08,GBP,Libra,7.3608,7.3633
2024-08-05,13:04:30,2024-08,GBP,Libra,7.3289,7.3325
2024-08-05,13:04:30,2024-08,GBP,Libra,7.3554,7.3591
2024-08-05,11:04:25,2024-08,GBP,Libra,7.3715,7.3775
2024-08-05,10:11:30,2024-08,USD,Dólar,5.7709,5.7715
2024-08-05,11:04:25,2024-08,USD,Dólar,5.7748,5.7754
2024-08-05,13:04:30,2024-08,EUR,Euro,6.315,6.3163
2024-08-05,10:11:30,2024-08,AUD,Dólar Australiano,3.7165,3.7174
2024-08-05,11:04:25,2024-08,AUD,Dólar Australiano,3.7478,3.7517
2024-08-05,12:10:25,2024-08,AUD,Dólar Australiano,3.7337,3.7347
2024-08-05,12:10:25,2024-08,USD,Dólar,5.7672,5.7678
2024-08-05,13:04:30,2024-08,USD,Dólar,5.7432,5.7438
2024-08-05,13:04:30,2024-08,USD,Dólar,5.764,5.7646
2024-08-05,13:04:30,2024-08,AUD,Dólar Australiano,3.7391,3.7401
2024-08-05,13:04:30,2024-08,AUD,Dólar Australiano,3.7256,3.7266
2024-08-05,13:04:30,2024-08,EUR,Euro,6.2922,6.2935
2024-08-05,12:10:25,2024-08,EUR,Euro,6.3318,6.333
2024-08-05,11:04:25,2024-08,EUR,Euro,6.3402,6.3414
2024-08-05,10:11:30,2024-08,EUR,Euro,6.3434,6.3446
2024-08-02,12:10:27,2024-08,EUR,Euro,6.2634,6.2647
2024-08-02,13:08:25,2024-08,EUR,Euro,6.2597,6.2609
2024-08-02,13:08:25,2024-08,EUR,Euro,6.2586,6.2598
2024-08-02,10:03:26,2024-08,EUR,Euro,6.2677,6.2695
2024-08-02,13:08:25,2024-08,AUD,Dólar Australiano,3.7427,3.7437
2024-08-02,13:08:25,2024-08,AUD,Dólar Australiano,3.7421,3.7431
2024-08-02,12:10:27,2024-08,AUD,Dólar Australiano,3.7379,3.7388
2024-08-02,11:08:27,2024-08,AUD,Dólar Australiano,3.7374,3.7383
2024-08-02,10:03:26,2024-08,AUD,Dólar Australiano,3.7587,3.7596
2024-08-02,11:08:27,2024-08,EUR,Euro,6.2356,6.2368
2024-08-02,13:08:25,2024-08,GBP,Libra,7.3398,7.3411
2024-08-02,12:10:27,2024-08,USD,Dólar,5.7347,5.7353
2024-08-02,10:03:26,2024-08,USD,Dólar,5.756,5.7566
2024-08-02,10:03:26,2024-08,GBP,Libra,7.3677,7.369
2024-08-02,11:08:27,2024-08,GBP,Libra,7.3369,7.3388
2024-08-02,12:10:27,2024-08,GBP,Libra,7.3439,7.3452
2024-08-02,13:08:25,2024-08,GBP,Libra,7.3385,7.3398
2024-08-02,11:08:27,2024-08,USD,Dólar,5.7181,5.7187
2024-08-02,13:08:25,2024-08,USD,Dólar,5.736,5.7366
2024-08-02,13:08:25,2024-08,USD,Dólar,5.735,5.7356
2024-08-01,10:09:26,2024-08,USD,Dólar,5.6708,5.6714
2024-08-01,11:07:25,2024-08,USD,Dólar,5.6381,5.6387
2024-08-01,12:11:25,2024-08,USD,Dólar,5.666,5.6666
2024-08-01,13:04:45,2024-08,USD,Dólar,5.695,5.6956
2024-08-01,13:04:45,2024-08,USD,Dólar,5.6675,5.6681
2024-08-01,11:07:25,2024-08,GBP,Libra,7.2331,7.2367
2024-08-01,10:09:26,2024-08,AUD,Dólar Australiano,3.7115,3.7125
2024-08-01,13:04:45,2024-08,GBP,Libra,7.2357,7.237
2024-08-01,13:04:45,2024-08,GBP,Libra,7.2708,7.2721
2024-08-01,12:11:25,2024-08,GBP,Libra,7.2479,7.2493
2024-08-01,13:04:45,2024-08,AUD,Dólar Australiano,3.6946,3.6956
2024-08-01,12:11:25,2024-08,AUD,Dólar Australiano,3.6982,3.6992
2024-08-01,11:07:25,2024-08,AUD,Dólar Australiano,3.6935,3.695
2024-08-01,10:09:26,2024-08,GBP,Libra,7.2643,7.2656
2024-08-01,13:04:45,2024-08,AUD,Dólar Australiano,3.7126,3.7135
2024-08-01,13:04:45,2024-08,EUR,Euro,6.1135,6.1153
2024-08-01,12:11:25,2024-08,EUR,Euro,6.1147,6.116
2024-08-01,11:07:25,2024-08,EUR,Euro,6.0908,6.0926
2024-08-01,10:09:26,2024-08,EUR,Euro,6.1222,6.124
2024-08-01,13:04:45,2024-08,EUR,Euro,6.1432,6.145
2024-07-31,13:06:27,2024-07,GBP,Libra,7.2688,7.2701
2024-07-31,12:11:27,2024-07,AUD,Dólar Australiano,3.6931,3.6941
2024-07-31,11:03:25,2024-07,AUD,Dólar Australiano,3.6899,3.6909
2024-07-31,10:11:26,2024-07,AUD,Dólar Australiano,3.7057,3.7067
2024-07-31,12:11:27,2024-07,GBP,Libra,7.2635,7.2648
2024-07-31,13:06:27,2024-07,USD,Dólar,5.6615,5.6621
2024-07-31,10:11:26,2024-07,GBP,Libra,7.2962,7.2981
2024-07-31,13:06:27,2024-07,AUD,Dólar Australiano,3.6987,3.6996
2024-07-31,13:06:27,2024-07,USD,Dólar,5.6611,5.6617
2024-07-31,12:11:27,2024-07,USD,Dólar,5.6556,5.6562
2024-07-31,11:03:25,2024-07,USD,Dólar,5.6499,5.6505
2024-07-31,10:11:26,2024-07,USD,Dólar,5.6793,5.6799
2024-07-31,13:06:27,2024-07,AUD,Dólar Australiano,3.6984,3.6994
2024-07-31,13:06:27,2024-07,GBP,Libra,7.2683,7.2696
2024-07-31,10:11:26,2024-07,EUR,Euro,6.1564,6.1581
2024-07-31,11:03:25,2024-07,EUR,Euro,6.1262,6.128
2024-07-31,12:11:27,2024-07,EUR,Euro,6.1199,6.1211
2024-07-31,11:03:25,2024-07,GBP,Libra,7.2545,7.2558
2024-07-31,13:06:27,2024-07,EUR,Euro,6.127,6.1282
2024-07-31,13:06:27,2024-07,EUR,Euro,6.1274,6.1287
2024-07-30,12:02:26,2024-07,GBP,Libra,7.2339,7.2352
2024-07-30,12:02:26,2024-07,USD,Dólar,5.6396,5.6402
2024-07-30,13:05:29,2024-07,GBP,Libra,7.2519,7.2544
2024-07-30,13:05:29,2024-07,GBP,Libra,7.25,7.2525
2024-07-30,13:05:29,2024-07,EUR,Euro,6.1093,6.1111
2024-07-30,13:05:29,2024-07,EUR,Euro,6.111,6.1127
2024-07-30,12:02:26,2024-07,EUR,Euro,6.0936,6.0948
2024-07-30,11:10:26,2024-07,GBP,Libra,7.2587,7.2634
2024-07-30,13:05:29,2024-07,USD,Dólar,5.6541,5.6547
2024-07-30,13:05:29,2024-07,USD,Dólar,5.6526,5.6532
2024-07-30,11:10:26,2024-07,USD,Dólar,5.6576,5.6582
2024-07-30,13:05:29,2024-07,AUD,Dólar Australiano,3.6934,3.6944
2024-07-30,10:11:45,2024-07,AUD,Dólar Australiano,3.6975,3.6985
2024-07-30,10:11:45,2024-07,EUR,Euro,6.1122,6.1145
2024-07-30,11:10:26,2024-07,EUR,Euro,6.1119,6.1143
2024-07-30,10:11:45,2024-07,USD,Dólar,5.6589,5.6595
2024-07-30,13:05:29,2024-07,AUD,Dólar Australiano,3.6944,3.6953
2024-07-30,12:02:26,2024-07,AUD,Dólar Australiano,3.6877,3.6887
2024-07-30,11:10:26,2024-07,AUD,Dólar Australiano,3.6944,3.6965
2024-07-30,10:11:45,2024-07,GBP,Libra,7.2592,7.2617
2024-07-29,10:02:29,2024-07,GBP,Libra,7.2452,7.2482
2024-07-29,13:08:38,2024-07,USD,Dólar,5.6473,5.6479
2024-07-29,11:09:25,2024-07,GBP,Libra,7.2446,7.2476
2024-07-29,12:07:27,2024-07,GBP,Libra,7.2698,7.2729
2024-07-29,13:08:38,2024-07,GBP,Libra,7.2482,7.2512
2024-07-29,13:08:38,2024-07,GBP,Libra,7.2557,7.2587
2024-07-29,13:08:38,2024-07,USD,Dólar,5.6415,5.6421
2024-07-29,12:07:27,2024-07,USD,Dólar,5.6601,5.6607
2024-07-29,11:09:25,2024-07,USD,Dólar,5.6431,5.6437
2024-07-29,10:02:29,2024-07,USD,Dólar,5.6444,5.645
2024-07-29,11:09:25,2024-07,EUR,Euro,6.1002,6.1031
2024-07-29,10:02:29,2024-07,EUR,Euro,6.1039,6.1068
2024-07-29,12:07:27,2024-07,EUR,Euro,6.1214,6.1226
2024-07-29,13:08:38,2024-07,EUR,Euro,6.1024,6.1053
2024-07-29,13:08:38,2024-07,EUR,Euro,6.1087,6.1116
2024-07-29,13:08:38,2024-07,AUD,Dólar Australiano,3.6916,3.6932
2024-07-29,13:08:38,2024-07,AUD,Dólar Australiano,3.6878,3.6894
2024-07-29,12:07:27,2024-07,AUD,Dólar Australiano,3.6977,3.6993
2024-07-29,11:09:25,2024-07,AUD,Dólar Australiano,3.6878,3.6893
2024-07-29,10:02:29,2024-07,AUD,Dólar Australiano,3.6897,3.6913
2024-07-26,13:08:45,2024-07,AUD,Dólar Australiano,3.7015,3.703
2024-07-26,13:08:45,2024-07,USD,Dólar,5.6595,5.6601
2024-07-26,12:08:25,2024-07,USD,Dólar,5.6505,5.6511
2024-07-26,11:04:25,2024-07,USD,Dólar,5.6415,5.6421
2024-07-26,10:10:26,2024-07,USD,Dólar,5.632,5.6326
2024-07-26,13:08:45,2024-07,EUR,Euro,6.1292,6.1321
2024-07-26,13:08:45,2024-07,AUD,Dólar Australiano,3.7104,3.7119
2024-07-26,10:10:26,2024-07,EUR,Euro,6.1164,6.1181
2024-07-26,12:08:25,2024-07,AUD,Dólar Australiano,3.7022,3.7037
2024-07-26,11:04:25,2024-07,AUD,Dólar Australiano,3.7014,3.7029
2024-07-26,10:10:26,2024-07,GBP,Libra,7.2461,7.248
2024-07-26,11:04:25,2024-07,GBP,Libra,7.2578,7.2608
2024-07-26,12:08:25,2024-07,GBP,Libra,7.2615,7.2651
2024-07-26,13:08:45,2024-07,GBP,Libra,7.2792,7.2806
2024-07-26,13:08:45,2024-07,GBP,Libra,7.2618,7.2631
2024-07-26,10:10:26,2024-07,AUD,Dólar Australiano,3.6952,3.6967
2024-07-26,13:08:45,2024-07,EUR,Euro,6.144,6.1469
2024-07-26,12:08:25,2024-07,EUR,Euro,6.1331,6.136
2024-07-26,11:04:25,2024-07,EUR,Euro,6.1289,6.1318
2024-07-26,13:08:45,2024-07,USD,Dólar,5.6459,5.6465
2024-07-25,12:10:27,2024-07,GBP,Libra,7.2638,7.2668
2024-07-25,13:02:31,2024-07,GBP,Libra,7.2458,7.2488
2024-07-25,13:02:31,2024-07,GBP,Libra,7.2638,7.2668
2024-07-25,11:08:27,2024-07,GBP,Libra,7.2766,7.2797
2024-07-25,13:02:31,2024-07,USD,Dólar,5.6396,5.6402
2024-07-25,11:08:27,2024-07,EUR,Euro,6.1253,6.1282
2024-07-25,10:11:58,2024-07,GBP,Libra,7.2597,7.261
2024-07-25,10:11:58,2024-07,AUD,Dólar Australiano,3.6837,3.6847
2024-07-25,11:08:27,2024-07,AUD,Dólar Australiano,3.6977,3.6992
2024-07-25,12:10:27,2024-07,AUD,Dólar Australiano,3.6965,3.698
2024-07-25,13:02:31,2024-07,AUD,Dólar Australiano,3.6848,3.6863
2024-07-25,13:02:31,2024-07,AUD,Dólar Australiano,3.6939,3.6955
2024-07-25,13:02:31,2024-07,EUR,Euro,6.1235,6.1264
2024-07-25,13:02:31,2024-07,EUR,Euro,6.1083,6.1112
2024-07-25,13:02:31,2024-07,USD,Dólar,5.6256,5.6262
2024-07-25,12:10:27,2024-07,EUR,Euro,6.1236,6.1248
2024-07-25,10:11:58,2024-07,EUR,Euro,6.1168,6.1197
2024-07-25,10:11:58,2024-07,USD,Dólar,5.6386,5.6392
2024-07-25,11:08:27,2024-07,USD,Dólar,5.6522,5.6528
2024-07-25,12:10:27,2024-07,USD,Dólar,5.6418,5.6424
2024-07-24,13:10:32,2024-07,EUR,Euro,6.1135,6.1164
2024-07-24,13:10:32,2024-07,EUR,Euro,6.1235,6.1265
2024-07-24,12:02:31,2024-07,EUR,Euro,6.0972,6.1001
2024-07-24,11:10:26,2024-07,EUR,Euro,6.1215,6.1244
2024-07-24,10:09:26,2024-07,EUR,Euro,6.1159,6.1188
2024-07-24,13:10:32,2024-07,AUD,Dólar Australiano,3.7173,3.7188
2024-07-24,13:10:32,2024-07,AUD,Dólar Australiano,3.7234,3.725
2024-07-24,11:10:26,2024-07,AUD,Dólar Australiano,3.7213,3.7223
2024-07-24,10:09:26,2024-07,AUD,Dólar Australiano,3.7224,3.7239
2024-07-24,12:02:31,2024-07,AUD,Dólar Australiano,3.7105,3.712
2024-07-24,10:09:26,2024-07,GBP,Libra,7.283,7.2844
2024-07-24,10:09:26,2024-07,USD,Dólar,5.6331,5.6337
2024-07-24,11:10:26,2024-07,USD,Dólar,5.6409,5.6415
2024-07-24,13:10:32,2024-07,GBP,Libra,7.2803,7.2822
2024-07-24,13:10:32,2024-07,GBP,Libra,7.2923,7.2942
2024-07-24,12:02:31,2024-07,GBP,Libra,7.2569,7.2599
2024-07-24,11:10:26,2024-07,GBP,Libra,7.2892,7.2922
2024-07-24,12:02:31,2024-07,USD,Dólar,5.6185,5.6191
2024-07-24,13:10:32,2024-07,USD,Dólar,5.6433,5.6439
2024-07-24,13:10:32,2024-07,USD,Dólar,5.634,5.6346
2024-07-23,13:07:28,2024-07,USD,Dólar,5.5676,5.5682
2024-07-23,13:07:28,2024-07,EUR,Euro,6.0555,6.0584
2024-07-23,13:07:28,2024-07,EUR,Euro,6.042,6.0448
2024-07-23,12:07:25,2024-07,EUR,Euro,6.0419,6.0448
2024-07-23,11:08:25,2024-07,EUR,Euro,6.0645,6.0674
2024-07-23,10:02:27,2024-07,EUR,Euro,6.0675,6.0704
2024-07-23,13:07:28,2024-07,USD,Dólar,5.5801,5.5807
2024-07-23,10:02:27,2024-07,AUD,Dólar Australiano,3.7018,3.7033
2024-07-23,11:08:25,2024-07,AUD,Dólar Australiano,3.6975,3.699
2024-07-23,11:08:25,2024-07,GBP,Libra,7.2178,7.2208
2024-07-23,12:07:25,2024-07,AUD,Dólar Australiano,3.6855,3.687
2024-07-23,13:07:28,2024-07,AUD,Dólar Australiano,3.6846,3.6856
2024-07-23,13:07:28,2024-07,AUD,Dólar Australiano,3.6929,3.6939
2024-07-23,11:08:25,2024-07,USD,Dólar,5.5904,5.591
2024-07-23,10:02:27,2024-07,GBP,Libra,7.214,7.2159
2024-07-23,12:07:25,2024-07,GBP,Libra,7.1915,7.195
2024-07-23,13:07:28,2024-07,GBP,Libra,7.19,7.1913
2024-07-23,13:07:28,2024-07,GBP,Libra,7.2061,7.2075
2024-07-23,10:02:27,2024-07,USD,Dólar,5.5901,5.5907
2024-07-23,12:07:25,2024-07,USD,Dólar,5.5722,5.5728
2024-07-22,13:02:41,2024-07,GBP,Libra,7.1753,7.1783
2024-07-22,13:02:41,2024-07,GBP,Libra,7.1613,7.1643
2024-07-22,12:10:24,2024-07,GBP,Libra,7.1698,7.1711
2024-07-22,11:03:27,2024-07,GBP,Libra,7.1858,7.1888
2024-07-22,10:07:27,2024-07,GBP,Libra,7.1973,7.2003
2024-07-22,12:10:24,2024-07,AUD,Dólar Australiano,3.6857,3.6872
2024-07-22,13:02:41,2024-07,USD,Dólar,5.5592,5.5598
2024-07-22,13:02:41,2024-07,AUD,Dólar Australiano,3.6825,3.6834
2024-07-22,11:03:27,2024-07,EUR,Euro,6.052,6.0549
2024-07-22,12:10:24,2024-07,EUR,Euro,6.0427,6.0456
2024-07-22,13:02:41,2024-07,EUR,Euro,6.0355,6.0384
2024-07-22,13:02:41,2024-07,EUR,Euro,6.0473,6.0502
2024-07-22,13:02:41,2024-07,USD,Dólar,5.5484,5.549
2024-07-22,13:02:41,2024-07,AUD,Dólar Australiano,3.6896,3.6906
2024-07-22,10:07:27,2024-07,EUR,Euro,6.0605,6.0634
2024-07-22,11:03:27,2024-07,AUD,Dólar Australiano,3.6914,3.6929
2024-07-22,10:07:27,2024-07,AUD,Dólar Australiano,3.704,3.7055
2024-07-22,10:07:27,2024-07,USD,Dólar,5.5724,5.573
2024-07-22,11:03:27,2024-07,USD,Dólar,5.5635,5.5641
2024-07-22,12:10:24,2024-07,USD,Dólar,5.5524,5.553
2024-07-19,10:11:25,2024-07,GBP,Libra,7.1742,7.1766
2024-07-19,13:08:27,2024-07,GBP,Libra,7.1759,7.1773
2024-07-19,13:08:27,2024-07,GBP,Libra,7.1911,7.1924
2024-07-19,12:03:24,2024-07,GBP,Libra,7.1696,7.1726
2024-07-19,11:05:25,2024-07,GBP,Libra,7.1633,7.1663
2024-07-19,13:08:27,2024-07,EUR,Euro,6.0458,6.0486
2024-07-19,13:08:27,2024-07,AUD,Dólar Australiano,3.7165,3.718
2024-07-19,11:05:25,2024-07,USD,Dólar,5.5448,5.5454
2024-07-19,10:11:25,2024-07,AUD,Dólar Australiano,3.7145,3.716
2024-07-19,11:05:25,2024-07,AUD,Dólar Australiano,3.71,3.7115
2024-07-19,12:03:24,2024-07,AUD,Dólar Australiano,3.7156,3.7165
2024-07-19,13:08:27,2024-07,AUD,Dólar Australiano,3.7244,3.7259
2024-07-19,13:08:27,2024-07,EUR,Euro,6.0585,6.0614
2024-07-19,12:03:24,2024-07,EUR,Euro,6.0444,6.0472
2024-07-19,11:05:25,2024-07,EUR,Euro,6.0327,6.0356
2024-07-19,10:11:25,2024-07,EUR,Euro,6.0463,6.0481
2024-07-19,13:08:27,2024-07,USD,Dólar,5.5537,5.5543
2024-07-19,13:08:27,2024-07,USD,Dólar,5.5654,5.566
2024-07-19,12:03:24,2024-07,USD,Dólar,5.5514,5.552
2024-07-19,10:11:25,2024-07,USD,Dólar,5.5532,5.5538
2024-07-18,12:05:26,2024-07,EUR,Euro,6.0487,6.0516
2024-07-18,11:11:25,2024-07,AUD,Dólar Australiano,3.7317,3.7333
2024-07-18,13:06:33,2024-07,AUD,Dólar Australiano,3.7252,3.7262
2024-07-18,13:06:33,2024-07,AUD,Dólar Australiano,3.7264,3.7274
2024-07-18,13:06:33,2024-07,EUR,Euro,6.0463,6.0492
2024-07-18,13:06:33,2024-07,EUR,Euro,6.0444,6.0472
2024-07-18,10:09:26,2024-07,AUD,Dólar Australiano,3.7314,3.7329
2024-07-18,11:11:25,2024-07,EUR,Euro,6.0472,6.0501
2024-07-18,10:09:26,2024-07,EUR,Euro,6.0542,6.0571
2024-07-18,13:06:33,2024-07,GBP,Libra,7.1891,7.1904
2024-07-18,13:06:33,2024-07,GBP,Libra,7.1867,7.1881
2024-07-18,12:05:26,2024-07,GBP,Libra,7.1923,7.1953
2024-07-18,11:11:25,2024-07,GBP,Libra,7.1919,7.1949
2024-07-18,10:09:26,2024-07,GBP,Libra,7.1929,7.1942
2024-07-18,12:05:26,2024-07,AUD,Dólar Australiano,3.7322,3.7337
2024-07-18,13:06:33,2024-07,USD,Dólar,5.542,5.5426
2024-07-18,13:06:33,2024-07,USD,Dólar,5.5402,5.5408
2024-07-18,12:05:26,2024-07,USD,Dólar,5.5432,5.5438
2024-07-18,11:11:25,2024-07,USD,Dólar,5.5433,5.5439
2024-07-18,10:09:26,2024-07,USD,Dólar,5.5411,5.5417
2024-07-17,11:04:25,2024-07,AUD,Dólar Australiano,3.6848,3.6863
2024-07-17,12:06:25,2024-07,AUD,Dólar Australiano,3.6747,3.6762
2024-07-17,13:07:51,2024-07,AUD,Dólar Australiano,3.6844,3.6859
2024-07-17,13:07:51,2024-07,AUD,Dólar Australiano,3.6767,3.6782
2024-07-17,13:07:51,2024-07,USD,Dólar,5.4664,5.467
2024-07-17,13:07:51,2024-07,USD,Dólar,5.4778,5.4784
2024-07-17,12:06:25,2024-07,USD,Dólar,5.4618,5.4624
2024-07-17,10:08:26,2024-07,AUD,Dólar Australiano,3.6771,3.6786
2024-07-17,11:04:25,2024-07,USD,Dólar,5.4679,5.4685
2024-07-17,10:08:26,2024-07,USD,Dólar,5.458,5.4586
2024-07-17,13:07:51,2024-07,GBP,Libra,7.108,7.1109
2024-07-17,13:07:51,2024-07,GBP,Libra,7.1228,7.1258
2024-07-17,12:06:25,2024-07,GBP,Libra,7.1069,7.1082
2024-07-17,11:04:25,2024-07,GBP,Libra,7.1241,7.1271
2024-07-17,10:08:26,2024-07,GBP,Libra,7.1129,7.1142
2024-07-17,13:07:51,2024-07,EUR,Euro,5.9759,5.9776
2024-07-17,13:07:51,2024-07,EUR,Euro,5.9883,5.9901
2024-07-17,12:06:25,2024-07,EUR,Euro,5.9697,5.9726
2024-07-17,11:04:25,2024-07,EUR,Euro,5.9802,5.9831
2024-07-17,10:08:26,2024-07,EUR,Euro,5.9716,5.9739
2024-07-16,13:02:29,2024-07,EUR,Euro,5.906,5.9088
2024-07-16,13:02:29,2024-07,EUR,Euro,5.9387,5.9416
2024-07-16,10:08:25,2024-07,EUR,Euro,5.9009,5.9037
2024-07-16,11:03:26,2024-07,USD,Dólar,5.4121,5.4127
2024-07-16,11:03:26,2024-07,EUR,Euro,5.89,5.8912
2024-07-16,13:02:29,2024-07,USD,Dólar,5.4268,5.4274
2024-07-16,13:02:29,2024-07,AUD,Dólar Australiano,3.649,3.6505
2024-07-16,12:07:25,2024-07,GBP,Libra,7.0086,7.0115
2024-07-16,11:03:26,2024-07,GBP,Libra,7.0108,7.0122
2024-07-16,10:08:25,2024-07,GBP,Libra,7.0215,7.0244
2024-07-16,13:02:29,2024-07,USD,Dólar,5.4569,5.4575
2024-07-16,10:08:25,2024-07,AUD,Dólar Australiano,3.6466,3.6481
2024-07-16,11:03:26,2024-07,AUD,Dólar Australiano,3.6386,3.6395
2024-07-16,12:07:25,2024-07,AUD,Dólar Australiano,3.6394,3.6408
2024-07-16,13:02:29,2024-07,GBP,Libra,7.0689,7.0713
2024-07-16,13:02:29,2024-07,AUD,Dólar Australiano,3.6692,3.6707
2024-07-16,10:08:25,2024-07,USD,Dólar,5.4241,5.4247
2024-07-16,12:07:25,2024-07,EUR,Euro,5.8895,5.8907
2024-07-16,12:07:25,2024-07,USD,Dólar,5.4141,5.4147
2024-07-16,13:02:29,2024-07,GBP,Libra,7.0299,7.0323
2024-07-15,11:11:25,2024-07,EUR,Euro,5.9667,5.9695
2024-07-15,12:08:26,2024-07,EUR,Euro,5.9526,5.9538
2024-07-15,13:08:31,2024-07,EUR,Euro,5.9355,5.9383
2024-07-15,13:08:31,2024-07,EUR,Euro,5.9522,5.955
2024-07-15,10:08:27,2024-07,EUR,Euro,5.9572,5.96
2024-07-15,13:08:31,2024-07,GBP,Libra,7.0616,7.0646
2024-07-15,13:08:31,2024-07,GBP,Libra,7.0815,7.0845
2024-07-15,12:08:26,2024-07,GBP,Libra,7.0791,7.0804
2024-07-15,13:08:31,2024-07,AUD,Dólar Australiano,3.6864,3.6879
2024-07-15,10:08:27,2024-07,AUD,Dólar Australiano,3.701,3.7025
2024-07-15,11:11:25,2024-07,AUD,Dólar Australiano,3.7044,3.7059
2024-07-15,12:08:26,2024-07,AUD,Dólar Australiano,3.6947,3.6956
2024-07-15,13:08:31,2024-07,AUD,Dólar Australiano,3.6968,3.6983
2024-07-15,11:11:25,2024-07,GBP,Libra,7.1027,7.1057
2024-07-15,10:08:27,2024-07,USD,Dólar,5.4628,5.4634
2024-07-15,11:11:25,2024-07,USD,Dólar,5.467,5.4676
2024-07-15,12:08:26,2024-07,USD,Dólar,5.4526,5.4532
2024-07-15,13:08:31,2024-07,USD,Dólar,5.4404,5.441
2024-07-15,13:08:31,2024-07,USD,Dólar,5.4557,5.4563
2024-07-15,10:08:27,2024-07,GBP,Libra,7.0891,7.0904
2024-07-12,10:10:25,2024-07,GBP,Libra,7.0472,7.0496
2024-07-12,10:10:25,2024-07,AUD,Dólar Australiano,3.6828,3.6838
2024-07-12,13:11:28,2024-07,EUR,Euro,5.9436,5.9448
2024-07-12,13:11:28,2024-07,EUR,Euro,5.9478,5.949
2024-07-12,10:10:25,2024-07,USD,Dólar,5.4351,5.4357
2024-07-12,11:11:28,2024-07,USD,Dólar,5.4573,5.4579
2024-07-12,12:02:27,2024-07,USD,Dólar,5.4605,5.4611
2024-07-12,13:11:28,2024-07,USD,Dólar,5.4562,5.4568
2024-07-12,13:11:28,2024-07,USD,Dólar,5.4523,5.4529
2024-07-12,13:11:28,2024-07,AUD,Dólar Australiano,3.702,3.7035
2024-07-12,13:11:28,2024-07,GBP,Libra,7.0782,7.0811
2024-07-12,13:11:28,2024-07,GBP,Libra,7.0832,7.0862
2024-07-12,12:02:27,2024-07,GBP,Libra,7.0916,7.0951
2024-07-12,11:11:28,2024-07,GBP,Libra,7.0825,7.0849
2024-07-12,13:11:28,2024-07,AUD,Dólar Australiano,3.6994,3.7009
2024-07-12,10:10:25,2024-07,EUR,Euro,5.9183,5.9211
2024-07-12,11:11:28,2024-07,AUD,Dólar Australiano,3.6995,3.701
2024-07-12,12:02:27,2024-07,AUD,Dólar Australiano,3.7071,3.7081
2024-07-12,12:02:27,2024-07,EUR,Euro,5.9569,5.9581
2024-07-12,11:11:28,2024-07,EUR,Euro,5.9474,5.9491
2024-07-11,13:07:31,2024-07,GBP,Libra,6.9857,6.9886
2024-07-11,10:11:27,2024-07,AUD,Dólar Australiano,3.6554,3.6569
2024-07-11,11:10:26,2024-07,AUD,Dólar Australiano,3.6603,3.6618
2024-07-11,12:07:25,2024-07,AUD,Dólar Australiano,3.6827,3.6842
2024-07-11,10:11:27,2024-07,USD,Dólar,5.3835,5.3841
2024-07-11,11:10:26,2024-07,USD,Dólar,5.3971,5.3977
2024-07-11,12:07:25,2024-07,USD,Dólar,5.4301,5.4307
2024-07-11,13:07:31,2024-07,USD,Dólar,5.427,5.4276
2024-07-11,13:07:31,2024-07,USD,Dólar,5.4094,5.41
2024-07-11,13:07:31,2024-07,EUR,Euro,5.8789,5.8818
2024-07-11,13:07:31,2024-07,GBP,Libra,7.0084,7.0114
2024-07-11,13:07:31,2024-07,EUR,Euro,5.8981,5.9009
2024-07-11,12:07:25,2024-07,EUR,Euro,5.9058,5.9086
2024-07-11,11:10:26,2024-07,EUR,Euro,5.8742,5.877
2024-07-11,10:11:27,2024-07,EUR,Euro,5.8605,5.8633
2024-07-11,13:07:31,2024-07,AUD,Dólar Australiano,3.6632,3.6647
2024-07-11,10:11:27,2024-07,GBP,Libra,6.9619,6.9649
2024-07-11,11:10:26,2024-07,GBP,Libra,6.9758,6.9787
2024-07-11,12:07:25,2024-07,GBP,Libra,7.0168,7.0197
2024-07-11,13:07:31,2024-07,AUD,Dólar Australiano,3.6752,3.6767
2024-07-10,12:09:26,2024-07,AUD,Dólar Australiano,3.64,3.6415
2024-07-10,13:10:36,2024-07,AUD,Dólar Australiano,3.6432,3.6447
2024-07-10,13:10:36,2024-07,AUD,Dólar Australiano,3.6397,3.6412
2024-07-10,12:09:26,2024-07,EUR,Euro,5.8431,5.8459
2024-07-10,13:10:36,2024-07,EUR,Euro,5.8391,5.8419
2024-07-10,13:10:36,2024-07,EUR,Euro,5.8447,5.8476
2024-07-10,10:05:27,2024-07,AUD,Dólar Australiano,3.6294,3.6309
2024-07-10,11:08:26,2024-07,EUR,Euro,5.8456,5.8468
2024-07-10,10:05:27,2024-07,EUR,Euro,5.8262,5.828
2024-07-10,13:10:36,2024-07,USD,Dólar,5.3961,5.3967
2024-07-10,13:10:36,2024-07,USD,Dólar,5.4013,5.4019
2024-07-10,12:09:26,2024-07,USD,Dólar,5.3998,5.4004
2024-07-10,11:08:26,2024-07,USD,Dólar,5.4016,5.4022
2024-07-10,10:05:27,2024-07,USD,Dólar,5.3817,5.3823
2024-07-10,12:09:26,2024-07,GBP,Libra,6.9269,6.9303
2024-07-10,11:08:26,2024-07,AUD,Dólar Australiano,3.6423,3.6432
2024-07-10,11:08:26,2024-07,GBP,Libra,6.9292,6.9305
2024-07-10,13:10:36,2024-07,GBP,Libra,6.9358,6.9371
2024-07-10,10:05:27,2024-07,GBP,Libra,6.8918,6.8947
2024-07-10,13:10:36,2024-07,GBP,Libra,6.9291,6.9304
2024-07-09,10:07:27,2024-07,EUR,Euro,5.8909,5.8938
2024-07-09,12:04:27,2024-07,USD,Dólar,5.4396,5.4402
2024-07-09,10:07:27,2024-07,AUD,Dólar Australiano,3.6667,3.6682
2024-07-09,11:06:25,2024-07,AUD,Dólar Australiano,3.665,3.6681
2024-07-09,12:04:27,2024-07,AUD,Dólar Australiano,3.6614,3.6629
2024-07-09,13:08:29,2024-07,AUD,Dólar Australiano,3.6548,3.6563
2024-07-09,13:08:29,2024-07,AUD,Dólar Australiano,3.6626,3.6641
2024-07-09,13:08:29,2024-07,EUR,Euro,5.8791,5.882
2024-07-09,13:08:29,2024-07,EUR,Euro,5.8667,5.8695
2024-07-09,12:04:27,2024-07,EUR,Euro,5.8829,5.8841
2024-07-09,11:06:25,2024-07,EUR,Euro,5.8845,5.8873
2024-07-09,10:07:27,2024-07,USD,Dólar,5.4475,5.4481
2024-07-09,11:06:25,2024-07,USD,Dólar,5.4385,5.4391
2024-07-09,13:08:29,2024-07,USD,Dólar,5.4266,5.4272
2024-07-09,13:08:29,2024-07,USD,Dólar,5.4381,5.4387
2024-07-09,13:08:29,2024-07,GBP,Libra,6.9515,6.9545
2024-07-09,13:08:29,2024-07,GBP,Libra,6.9368,6.9398
2024-07-09,12:04:27,2024-07,GBP,Libra,6.9611,6.9624
2024-07-09,11:06:25,2024-07,GBP,Libra,6.9689,6.9724
2024-07-09,10:07:27,2024-07,GBP,Libra,6.9761,6.979
2024-07-08,13:03:31,2024-07,AUD,Dólar Australiano,3.677,3.6785
2024-07-08,13:03:31,2024-07,EUR,Euro,5.9272,5.93
2024-07-08,13:03:31,2024-07,EUR,Euro,5.9135,5.9164
2024-07-08,12:07:26,2024-07,EUR,Euro,5.9273,5.9301
2024-07-08,11:08:26,2024-07,EUR,Euro,5.9383,5.9411
2024-07-08,10:04:27,2024-07,EUR,Euro,5.9389,5.9401
2024-07-08,13:03:31,2024-07,AUD,Dólar Australiano,3.6855,3.687
2024-07-08,11:08:26,2024-07,AUD,Dólar Australiano,3.6959,3.6974
2024-07-08,12:07:26,2024-07,AUD,Dólar Australiano,3.6911,3.6926
2024-07-08,11:08:26,2024-07,USD,Dólar,5.4786,5.4792
2024-07-08,10:04:27,2024-07,GBP,Libra,7.031,7.0323
2024-07-08,11:08:26,2024-07,GBP,Libra,7.034,7.0369
2024-07-08,12:07:26,2024-07,GBP,Libra,7.0205,7.0234
2024-07-08,13:03:31,2024-07,GBP,Libra,7.0009,7.0022
2024-07-08,13:03:31,2024-07,GBP,Libra,7.0171,7.0184
2024-07-08,13:03:31,2024-07,USD,Dólar,5.4714,5.472
2024-07-08,13:03:31,2024-07,USD,Dólar,5.4588,5.4594
2024-07-08,12:07:26,2024-07,USD,Dólar,5.4715,5.4721
2024-07-08,10:04:27,2024-07,USD,Dólar,5.4767,5.4773
2024-07-08,10:04:27,2024-07,AUD,Dólar Australiano,3.6962,3.6972
2024-07-05,10:04:26,2024-07,GBP,Libra,7.0299,7.0329
2024-07-05,11:06:26,2024-07,GBP,Libra,7.0696,7.072
2024-07-05,10:04:26,2024-07,EUR,Euro,5.9468,5.948
2024-07-05,10:04:26,2024-07,USD,Dólar,5.4921,5.4927
2024-07-05,13:03:27,2024-07,GBP,Libra,7.0168,7.0198
2024-07-05,11:06:26,2024-07,USD,Dólar,5.5244,5.525
2024-07-05,13:03:27,2024-07,USD,Dólar,5.4964,5.497
2024-07-05,13:03:27,2024-07,USD,Dólar,5.4793,5.4799
2024-07-05,12:06:25,2024-07,GBP,Libra,7.0243,7.0273
2024-07-05,13:03:27,2024-07,EUR,Euro,5.9504,5.9533
2024-07-05,13:03:27,2024-07,EUR,Euro,5.9319,5.9347
2024-07-05,12:06:25,2024-07,EUR,Euro,5.9412,5.944
2024-07-05,11:06:26,2024-07,EUR,Euro,5.9763,5.9775
2024-07-05,12:06:25,2024-07,USD,Dólar,5.4899,5.4905
2024-07-05,13:03:27,2024-07,GBP,Libra,7.0387,7.0417
2024-07-05,10:04:26,2024-07,AUD,Dólar Australiano,3.6984,3.6999
2024-07-05,13:03:27,2024-07,AUD,Dólar Australiano,3.6941,3.6956
2024-07-05,12:06:25,2024-07,AUD,Dólar Australiano,3.698,3.6995
2024-07-05,11:06:26,2024-07,AUD,Dólar Australiano,3.7168,3.7183
2024-07-05,13:03:27,2024-07,AUD,Dólar Australiano,3.7057,3.7072
2024-07-04,13:04:34,2024-07,AUD,Dólar Australiano,3.6881,3.6896
2024-07-04,13:04:34,2024-07,AUD,Dólar Australiano,3.6986,3.7001
2024-07-04,12:05:26,2024-07,AUD,Dólar Australiano,3.6951,3.696
2024-07-04,11:08:25,2024-07,AUD,Dólar Australiano,3.6802,3.6817
2024-07-04,10:02:26,2024-07,AUD,Dólar Australiano,3.6773,3.6788
2024-07-04,10:02:26,2024-07,GBP,Libra,6.9692,6.9721
2024-07-04,13:04:34,2024-07,USD,Dólar,5.4833,5.4839
2024-07-04,13:04:34,2024-07,USD,Dólar,5.4989,5.4995
2024-07-04,12:05:26,2024-07,USD,Dólar,5.4945,5.4951
2024-07-04,11:08:25,2024-07,USD,Dólar,5.4724,5.473
2024-07-04,10:02:26,2024-07,USD,Dólar,5.4673,5.4679
2024-07-04,13:04:34,2024-07,EUR,Euro,5.9438,5.9466
2024-07-04,13:04:34,2024-07,GBP,Libra,6.9967,6.9986
2024-07-04,13:04:34,2024-07,GBP,Libra,7.0166,7.0185
2024-07-04,12:05:26,2024-07,GBP,Libra,7.011,7.0139
2024-07-04,11:08:25,2024-07,GBP,Libra,6.98,6.983
2024-07-04,13:04:34,2024-07,EUR,Euro,5.9269,5.9297
2024-07-04,12:05:26,2024-07,EUR,Euro,5.9374,5.9402
2024-07-04,10:02:26,2024-07,EUR,Euro,5.902,5.9048
2024-07-04,11:08:25,2024-07,EUR,Euro,5.9096,5.9114
2024-07-03,12:10:26,2024-07,GBP,Libra,7.1288,7.1318
2024-07-03,13:10:34,2024-07,GBP,Libra,7.1138,7.1168
2024-07-03,11:03:26,2024-07,EUR,Euro,6.017,6.0199
2024-07-03,12:10:26,2024-07,EUR,Euro,6.0354,6.0383
2024-07-03,13:10:34,2024-07,EUR,Euro,6.0185,6.0202
2024-07-03,13:10:34,2024-07,EUR,Euro,6.0309,6.0326
2024-07-03,13:10:34,2024-07,USD,Dólar,5.5857,5.5863
2024-07-03,13:10:34,2024-07,USD,Dólar,5.5742,5.5748
2024-07-03,12:10:26,2024-07,USD,Dólar,5.5868,5.5874
2024-07-03,11:03:26,2024-07,USD,Dólar,5.5718,5.5724
2024-07-03,10:08:27,2024-07,USD,Dólar,5.6101,5.6107
2024-07-03,13:10:34,2024-07,AUD,Dólar Australiano,3.7519,3.7534
2024-07-03,13:10:34,2024-07,AUD,Dólar Australiano,3.7442,3.7457
2024-07-03,12:10:26,2024-07,AUD,Dólar Australiano,3.7538,3.7553
2024-07-03,11:03:26,2024-07,AUD,Dólar Australiano,3.732,3.7335
2024-07-03,10:08:27,2024-07,AUD,Dólar Australiano,3.7464,3.7474
2024-07-03,10:08:27,2024-07,GBP,Libra,7.1344,7.1374
2024-07-03,11:03:26,2024-07,GBP,Libra,7.1141,7.1165
2024-07-03,13:10:34,2024-07,GBP,Libra,7.1285,7.1315
2024-07-03,10:08:27,2024-07,EUR,Euro,6.0443,6.0461
2024-07-02,13:08:31,2024-07,EUR,Euro,6.0831,6.086
2024-07-02,13:08:31,2024-07,AUD,Dólar Australiano,3.7732,3.7741
2024-07-02,13:08:31,2024-07,AUD,Dólar Australiano,3.7847,3.7857
2024-07-02,12:07:26,2024-07,AUD,Dólar Australiano,3.776,3.7775
2024-07-02,11:05:26,2024-07,AUD,Dólar Australiano,3.7742,3.7757
2024-07-02,10:11:27,2024-07,AUD,Dólar Australiano,3.764,3.7656
2024-07-02,13:08:31,2024-07,USD,Dólar,5.6671,5.6677
2024-07-02,13:08:31,2024-07,EUR,Euro,6.1017,6.1047
2024-07-02,13:08:31,2024-07,USD,Dólar,5.6845,5.6851
2024-07-02,13:08:31,2024-07,GBP,Libra,7.1825,7.1855
2024-07-02,13:08:31,2024-07,GBP,Libra,7.2045,7.2076
2024-07-02,12:07:26,2024-07,GBP,Libra,7.1846,7.186
2024-07-02,11:05:26,2024-07,USD,Dólar,5.6593,5.6599
2024-07-02,12:07:26,2024-07,USD,Dólar,5.6679,5.6685
2024-07-02,10:11:27,2024-07,USD,Dólar,5.6568,5.6574
2024-07-02,11:05:26,2024-07,GBP,Libra,7.1709,7.1739
2024-07-02,10:11:27,2024-07,GBP,Libra,7.1621,7.1668
2024-07-02,10:11:27,2024-07,EUR,Euro,6.0697,6.0727
2024-07-02,11:05:26,2024-07,EUR,Euro,6.0753,6.0782
2024-07-02,12:07:26,2024-07,EUR,Euro,6.0879,6.0908
2024-07-01,11:09:27,2024-07,GBP,Libra,7.0909,7.0939
2024-07-01,13:03:57,2024-07,GBP,Libra,7.0669,7.0699
2024-07-01,10:04:28,2024-07,GBP,Libra,7.0902,7.0921
2024-07-01,12:10:27,2024-07,GBP,Libra,7.0659,7.0706
2024-07-01,13:03:57,2024-07,GBP,Libra,7.0659,7.0689
2024-07-01,13:03:57,2024-07,AUD,Dólar Australiano,3.7165,3.7197
2024-07-01,13:03:57,2024-07,AUD,Dólar Australiano,3.716,3.7191
2024-07-01,12:10:27,2024-07,AUD,Dólar Australiano,3.716,3.7175
2024-07-01,11:09:27,2024-07,AUD,Dólar Australiano,3.7235,3.7267
2024-07-01,10:04:28,2024-07,AUD,Dólar Australiano,3.7301,3.7311
2024-07-01,13:03:57,2024-07,USD,Dólar,5.5879,5.5885
2024-07-01,12:10:27,2024-07,USD,Dólar,5.5888,5.5894
2024-07-01,13:03:57,2024-07,EUR,Euro,5.9939,5.9968
2024-07-01,13:03:57,2024-07,USD,Dólar,5.5887,5.5893
2024-07-01,13:03:57,2024-07,EUR,Euro,5.993,5.9959
2024-07-01,12:10:27,2024-07,EUR,Euro,5.9951,5.9991
2024-07-01,10:04:28,2024-07,USD,Dólar,5.5983,5.5989
2024-07-01,10:04:28,2024-07,EUR,Euro,6.0171,6.0188
2024-07-01,11:09:27,2024-07,USD,Dólar,5.5799,5.5805
2024-07-01,11:09:27,2024-07,EUR,Euro,6.0012,6.0029
2024-06-28,13:08:04,2024-06,GBP,Libra,7.0229,7.0259
2024-06-28,13:08:04,2024-06,GBP,Libra,7.0277,7.0307
2024-06-28,10:03:27,2024-06,GBP,Libra,7.0056,7.0074
2024-06-28,12:05:26,2024-06,GBP,Libra,7.0156,7.0191
2024-06-28,13:08:04,2024-06,EUR,Euro,5.9535,5.9547
2024-06-28,13:08:04,2024-06,EUR,Euro,5.9576,5.9588
2024-06-28,12:05:26,2024-06,EUR,Euro,5.9483,5.9495
2024-06-28,11:12:53,2024-06,EUR,Euro,5.9717,5.9735
2024-06-28,11:12:53,2024-06,GBP,Libra,7.0536,7.056
2024-06-28,11:12:53,2024-06,USD,Dólar,5.5826,5.5832
2024-06-28,10:03:27,2024-06,USD,Dólar,5.538,5.5386
2024-06-28,12:05:26,2024-06,USD,Dólar,5.5503,5.5509
2024-06-28,13:08:04,2024-06,USD,Dólar,5.5621,5.5627
2024-06-28,13:08:04,2024-06,USD,Dólar,5.5583,5.5589
2024-06-28,13:08:04,2024-06,AUD,Dólar Australiano,3.7096,3.7106
2024-06-28,13:08:04,2024-06,AUD,Dólar Australiano,3.7121,3.7131
2024-06-28,12:05:26,2024-06,AUD,Dólar Australiano,3.7054,3.7086
2024-06-28,11:12:53,2024-06,AUD,Dólar Australiano,3.723,3.7262
2024-06-28,10:03:27,2024-06,AUD,Dólar Australiano,3.6927,3.6942
2024-06-28,10:03:27,2024-06,EUR,Euro,5.9273,5.9302
2024-06-27,13:02:38,2024-06,USD,Dólar,5.5223,5.5229
2024-06-27,13:02:38,2024-06,USD,Dólar,5.5303,5.5309
2024-06-27,12:11:28,2024-06,USD,Dólar,5.5347,5.5353
2024-06-27,11:25:52,2024-06,USD,Dólar,5.5183,5.5189
2024-06-27,10:56:34,2024-06,EUR,Euro,5.9013,5.9025
2024-06-27,13:02:38,2024-06,AUD,Dólar Australiano,3.6701,3.6716
2024-06-27,13:02:38,2024-06,AUD,Dólar Australiano,3.6754,3.6769
2024-06-27,12:11:28,2024-06,AUD,Dólar Australiano,3.6822,3.6837
2024-06-27,11:25:52,2024-06,AUD,Dólar Australiano,3.6752,3.6761
2024-06-27,10:56:34,2024-06,USD,Dólar,5.506,5.5066
2024-06-27,10:56:34,2024-06,AUD,Dólar Australiano,3.6692,3.6701
2024-06-27,13:02:38,2024-06,EUR,Euro,5.9116,5.9145
2024-06-27,10:56:34,2024-06,GBP,Libra,6.9673,6.9686
2024-06-27,11:25:52,2024-06,GBP,Libra,6.9873,6.9891
2024-06-27,12:11:28,2024-06,GBP,Libra,6.9992,7.0038
2024-06-27,13:02:38,2024-06,GBP,Libra,6.9964,6.9977
2024-06-27,13:02:38,2024-06,GBP,Libra,6.9863,6.9876
2024-06-27,11:25:52,2024-06,EUR,Euro,5.9156,5.9168
2024-06-27,12:11:28,2024-06,EUR,Euro,5.9266,5.9294
2024-06-27,13:02:38,2024-06,EUR,Euro,5.9202,5.923
2024-06-26,11:02:26,2024-06,EUR,Euro,5.8823,5.8841
2024-06-26,10:05:28,2024-06,AUD,Dólar Australiano,3.6684,3.6699
2024-06-26,10:05:28,2024-06,GBP,Libra,6.9696,6.9715
2024-06-26,11:02:26,2024-06,GBP,Libra,6.9641,6.9654
2024-06-26,12:05:55,2024-06,GBP,Libra,6.9474,6.9488
2024-06-26,13:10:43,2024-06,GBP,Libra,6.9533,6.9562
2024-06-26,13:10:43,2024-06,GBP,Libra,6.953,6.956
2024-06-26,12:05:55,2024-06,EUR,Euro,5.8775,5.8804
2024-06-26,13:10:43,2024-06,AUD,Dólar Australiano,3.6619,3.6634
2024-06-26,13:10:43,2024-06,EUR,Euro,5.8837,5.8866
2024-06-26,13:10:43,2024-06,USD,Dólar,5.5091,5.5097
2024-06-26,13:10:43,2024-06,USD,Dólar,5.5093,5.5099
2024-06-26,12:05:55,2024-06,USD,Dólar,5.5038,5.5044
2024-06-26,11:02:26,2024-06,USD,Dólar,5.5109,5.5115
2024-06-26,10:05:28,2024-06,USD,Dólar,5.5122,5.5128
2024-06-26,13:10:43,2024-06,AUD,Dólar Australiano,3.662,3.6635
2024-06-26,12:05:55,2024-06,AUD,Dólar Australiano,3.66,3.6615
2024-06-26,11:02:26,2024-06,AUD,Dólar Australiano,3.6642,3.6674
2024-06-26,13:10:43,2024-06,EUR,Euro,5.8839,5.8868
2024-06-26,10:05:28,2024-06,EUR,Euro,5.8843,5.8871
2024-06-25,13:11:31,2024-06,AUD,Dólar Australiano,3.6044,3.6059
2024-06-25,13:11:31,2024-06,AUD,Dólar Australiano,3.6108,3.6123
2024-06-25,12:07:27,2024-06,AUD,Dólar Australiano,3.6058,3.6072
2024-06-25,11:08:19,2024-06,AUD,Dólar Australiano,3.6042,3.6057
2024-06-25,10:10:26,2024-06,EUR,Euro,5.7957,5.7981
2024-06-25,12:07:27,2024-06,EUR,Euro,5.8117,5.8145
2024-06-25,13:11:31,2024-06,EUR,Euro,5.8203,5.822
2024-06-25,13:11:31,2024-06,EUR,Euro,5.8099,5.8117
2024-06-25,13:11:31,2024-06,GBP,Libra,6.8793,6.8823
2024-06-25,13:11:31,2024-06,GBP,Libra,6.8916,6.8945
2024-06-25,12:07:27,2024-06,GBP,Libra,6.8823,6.8858
2024-06-25,11:08:19,2024-06,GBP,Libra,6.8859,6.8872
2024-06-25,10:10:26,2024-06,GBP,Libra,6.865,6.867
2024-06-25,10:10:26,2024-06,AUD,Dólar Australiano,3.5979,3.6011
2024-06-25,11:08:19,2024-06,EUR,Euro,5.8088,5.8116
2024-06-25,13:11:31,2024-06,USD,Dólar,5.4283,5.429
2024-06-25,13:11:31,2024-06,USD,Dólar,5.438,5.4386
2024-06-25,12:07:27,2024-06,USD,Dólar,5.432,5.4326
2024-06-25,11:08:19,2024-06,USD,Dólar,5.4288,5.4294
2024-06-25,10:10:26,2024-06,USD,Dólar,5.4145,5.4152
2024-06-24,13:10:29,2024-06,EUR,Euro,5.8006,5.8018
2024-06-24,12:11:28,2024-06,EUR,Euro,5.7903,5.7931
2024-06-24,12:11:28,2024-06,AUD,Dólar Australiano,3.5936,3.5951
2024-06-24,13:10:29,2024-06,AUD,Dólar Australiano,3.5982,3.5991
2024-06-24,13:10:29,2024-06,GBP,Libra,6.8464,6.8488
2024-06-24,13:10:29,2024-06,EUR,Euro,5.7919,5.7931
2024-06-24,10:10:28,2024-06,GBP,Libra,6.8517,6.8552
2024-06-24,11:11:27,2024-06,EUR,Euro,5.7812,5.783
2024-06-24,10:10:28,2024-06,EUR,Euro,5.807,5.8087
2024-06-24,10:10:28,2024-06,AUD,Dólar Australiano,3.5952,3.5967
2024-06-24,11:11:27,2024-06,GBP,Libra,6.8281,6.831
2024-06-24,12:11:28,2024-06,GBP,Libra,6.8466,6.8495
2024-06-24,11:11:27,2024-06,AUD,Dólar Australiano,3.5831,3.5856
2024-06-24,13:10:29,2024-06,AUD,Dólar Australiano,3.5928,3.5937
2024-06-24,13:10:29,2024-06,GBP,Libra,6.8567,6.8591
2024-06-24,13:10:29,2024-06,USD,Dólar,5.3994,5.4
2024-06-24,13:10:29,2024-06,USD,Dólar,5.4075,5.4081
2024-06-24,12:11:28,2024-06,USD,Dólar,5.3974,5.398
2024-06-24,10:10:28,2024-06,USD,Dólar,5.4104,5.411
2024-06-24,11:11:27,2024-06,USD,Dólar,5.3824,5.383
2024-06-21,13:05:36,2024-06,USD,Dólar,5.441,5.4416
2024-06-21,13:05:36,2024-06,USD,Dólar,5.452,5.4526
2024-06-21,10:02:27,2024-06,GBP,Libra,6.8814,6.8843
2024-06-21,13:05:36,2024-06,EUR,Euro,5.817,5.8198
2024-06-21,13:05:36,2024-06,EUR,Euro,5.8287,5.8316
2024-06-21,12:07:27,2024-06,EUR,Euro,5.8137,5.8149
2024-06-21,11:11:28,2024-06,EUR,Euro,5.7979,5.7996
2024-06-21,10:02:27,2024-06,EUR,Euro,5.8182,5.821
2024-06-21,12:07:27,2024-06,USD,Dólar,5.443,5.4436
2024-06-21,11:11:28,2024-06,USD,Dólar,5.4277,5.4283
2024-06-21,12:07:27,2024-06,GBP,Libra,6.8712,6.8742
2024-06-21,10:02:27,2024-06,USD,Dólar,5.4411,5.4417
2024-06-21,13:05:36,2024-06,AUD,Dólar Australiano,3.6117,3.6132
2024-06-21,13:05:36,2024-06,AUD,Dólar Australiano,3.619,3.6205
2024-06-21,12:07:27,2024-06,AUD,Dólar Australiano,3.612,3.6129
2024-06-21,11:11:28,2024-06,AUD,Dólar Australiano,3.6067,3.6076
2024-06-21,10:02:27,2024-06,AUD,Dólar Australiano,3.6238,3.6253
2024-06-21,13:05:36,2024-06,GBP,Libra,6.8913,6.8943
2024-06-21,13:05:36,2024-06,GBP,Libra,6.8774,6.8804
2024-06-21,11:11:28,2024-06,GBP,Libra,6.8557,6.8576
2024-06-20,10:03:27,2024-06,EUR,Euro,5.7976,5.8004
2024-06-20,11:05:27,2024-06,EUR,Euro,5.8062,5.8079
2024-06-20,12:03:27,2024-06,EUR,Euro,5.8189,5.8217
2024-06-20,13:02:51,2024-06,EUR,Euro,5.8319,5.8331
2024-06-20,13:02:51,2024-06,EUR,Euro,5.8078,5.809
2024-06-20,12:03:27,2024-06,GBP,Libra,6.8855,6.8868
2024-06-20,13:02:51,2024-06,GBP,Libra,6.8705,6.8734
2024-06-20,13:02:51,2024-06,GBP,Libra,6.899,6.9019
2024-06-20,10:03:27,2024-06,AUD,Dólar Australiano,3.6043,3.6058
2024-06-20,11:05:27,2024-06,AUD,Dólar Australiano,3.6093,3.6108
2024-06-20,12:03:27,2024-06,AUD,Dólar Australiano,3.6178,3.6193
2024-06-20,13:02:51,2024-06,AUD,Dólar Australiano,3.6246,3.6261
2024-06-20,13:02:51,2024-06,AUD,Dólar Australiano,3.6097,3.6111
2024-06-20,13:02:51,2024-06,USD,Dólar,5.4248,5.4254
2024-06-20,13:02:51,2024-06,USD,Dólar,5.4473,5.4479
2024-06-20,12:03:27,2024-06,USD,Dólar,5.4281,5.4287
2024-06-20,11:05:27,2024-06,USD,Dólar,5.4137,5.4143
2024-06-20,10:03:27,2024-06,USD,Dólar,5.4102,5.4108
2024-06-20,10:03:27,2024-06,GBP,Libra,6.8574,6.8604
2024-06-20,11:05:27,2024-06,GBP,Libra,6.8619,6.8653
2024-06-19,10:11:28,2024-06,GBP,Libra,6.9451,6.9469
2024-06-19,11:10:51,2024-06,GBP,Libra,6.9531,6.9561
2024-06-19,13:09:27,2024-06,GBP,Libra,6.9514,6.9544
2024-06-19,13:09:27,2024-06,GBP,Libra,6.953,6.9559
2024-06-19,12:10:32,2024-06,GBP,Libra,6.9547,6.9576
2024-06-19,12:10:32,2024-06,AUD,Dólar Australiano,3.6465,3.6474
2024-06-19,10:11:28,2024-06,EUR,Euro,5.8677,5.8689
2024-06-19,11:10:51,2024-06,EUR,Euro,5.8724,5.8736
2024-06-19,12:10:32,2024-06,USD,Dólar,5.4645,5.4651
2024-06-19,13:09:27,2024-06,USD,Dólar,5.4653,5.4659
2024-06-19,13:09:27,2024-06,USD,Dólar,5.4641,5.4647
2024-06-19,13:09:27,2024-06,EUR,Euro,5.8723,5.8751
2024-06-19,13:09:27,2024-06,EUR,Euro,5.8736,5.8764
2024-06-19,12:10:32,2024-06,EUR,Euro,5.8716,5.8744
2024-06-19,10:11:28,2024-06,USD,Dólar,5.4604,5.461
2024-06-19,11:10:51,2024-06,USD,Dólar,5.4663,5.4669
2024-06-19,13:09:27,2024-06,AUD,Dólar Australiano,3.6462,3.6477
2024-06-19,13:09:27,2024-06,AUD,Dólar Australiano,3.647,3.6485
2024-06-19,11:10:51,2024-06,AUD,Dólar Australiano,3.646,3.6475
2024-06-19,10:11:28,2024-06,AUD,Dólar Australiano,3.6421,3.6436
2024-06-18,13:07:40,2024-06,GBP,Libra,6.8634,6.8663
2024-06-18,13:07:40,2024-06,GBP,Libra,6.8582,6.8611
2024-06-18,11:05:27,2024-06,EUR,Euro,5.798,5.7992
2024-06-18,13:07:40,2024-06,USD,Dólar,5.4027,5.4033
2024-06-18,13:07:40,2024-06,USD,Dólar,5.4068,5.4074
2024-06-18,10:09:28,2024-06,EUR,Euro,5.8134,5.8162
2024-06-18,11:05:27,2024-06,GBP,Libra,6.8587,6.86
2024-06-18,13:07:40,2024-06,EUR,Euro,5.8058,5.8075
2024-06-18,13:07:40,2024-06,EUR,Euro,5.8014,5.8031
2024-06-18,12:07:27,2024-06,EUR,Euro,5.8095,5.8123
2024-06-18,10:09:28,2024-06,USD,Dólar,5.4184,5.419
2024-06-18,11:05:27,2024-06,USD,Dólar,5.395,5.3956
2024-06-18,12:07:27,2024-06,USD,Dólar,5.4112,5.4118
2024-06-18,12:07:27,2024-06,GBP,Libra,6.8652,6.8681
2024-06-18,10:09:28,2024-06,GBP,Libra,6.8765,6.8789
2024-06-18,11:05:27,2024-06,AUD,Dólar Australiano,3.5839,3.5854
2024-06-18,12:07:27,2024-06,AUD,Dólar Australiano,3.592,3.5951
2024-06-18,13:07:40,2024-06,AUD,Dólar Australiano,3.5928,3.5943
2024-06-18,13:07:40,2024-06,AUD,Dólar Australiano,3.5955,3.597
2024-06-18,10:09:28,2024-06,AUD,Dólar Australiano,3.5897,3.5912
2024-06-17,13:10:32,2024-06,EUR,Euro,5.8021,5.8049
2024-06-17,10:02:30,2024-06,USD,Dólar,5.4097,5.4103
2024-06-17,12:05:27,2024-06,GBP,Libra,6.8643,6.8656
2024-06-17,13:10:32,2024-06,GBP,Libra,6.8712,6.8747
2024-06-17,11:02:30,2024-06,USD,Dólar,5.4095,5.4101
2024-06-17,10:02:30,2024-06,GBP,Libra,6.8519,6.8549
2024-06-17,12:05:27,2024-06,USD,Dólar,5.4139,5.4145
2024-06-17,13:10:32,2024-06,USD,Dólar,5.4164,5.417
2024-06-17,13:10:32,2024-06,USD,Dólar,5.4124,5.413
2024-06-17,13:10:32,2024-06,EUR,Euro,5.8064,5.8092
2024-06-17,12:05:27,2024-06,EUR,Euro,5.801,5.8027
2024-06-17,11:02:30,2024-06,EUR,Euro,5.7957,5.7985
2024-06-17,10:02:30,2024-06,EUR,Euro,5.7954,5.7982
2024-06-17,11:02:30,2024-06,GBP,Libra,6.856,6.8573
2024-06-17,13:10:32,2024-06,GBP,Libra,6.8662,6.8696
2024-06-17,10:02:30,2024-06,AUD,Dólar Australiano,3.5655,3.567
2024-06-17,11:02:30,2024-06,AUD,Dólar Australiano,3.5697,3.5712
2024-06-17,12:05:27,2024-06,AUD,Dólar Australiano,3.5688,3.5703
2024-06-17,13:10:32,2024-06,AUD,Dólar Australiano,3.5721,3.5752
2024-06-17,13:10:32,2024-06,AUD,Dólar Australiano,3.5695,3.5726
2024-06-14,13:06:31,2024-06,GBP,Libra,6.7983,6.7996
2024-06-14,13:06:31,2024-06,GBP,Libra,6.8011,6.8024
2024-06-14,10:02:28,2024-06,EUR,Euro,5.7286,5.7313
2024-06-14,11:08:27,2024-06,EUR,Euro,5.7347,5.7369
2024-06-14,12:08:29,2024-06,EUR,Euro,5.7211,5.7239
2024-06-14,13:06:31,2024-06,EUR,Euro,5.7338,5.7366
2024-06-14,13:06:31,2024-06,EUR,Euro,5.7362,5.7389
2024-06-14,11:08:27,2024-06,AUD,Dólar Australiano,3.546,3.5474
2024-06-14,12:08:29,2024-06,AUD,Dólar Australiano,3.5381,3.5396
2024-06-14,13:06:31,2024-06,AUD,Dólar Australiano,3.5452,3.5467
2024-06-14,13:06:31,2024-06,AUD,Dólar Australiano,3.5467,3.5482
2024-06-14,13:06:31,2024-06,USD,Dólar,5.3624,5.363
2024-06-14,13:06:31,2024-06,USD,Dólar,5.3602,5.3608
2024-06-14,12:08:29,2024-06,USD,Dólar,5.3543,5.3549
2024-06-14,11:08:27,2024-06,USD,Dólar,5.3751,5.3757
2024-06-14,10:02:28,2024-06,USD,Dólar,5.3598,5.3604
2024-06-14,10:02:28,2024-06,AUD,Dólar Australiano,3.5418,3.5432
2024-06-14,10:02:28,2024-06,GBP,Libra,6.8021,6.805
2024-06-14,11:08:27,2024-06,GBP,Libra,6.8054,6.8083
2024-06-14,12:08:29,2024-06,GBP,Libra,6.7812,6.7841
2024-06-13,10:05:55,2024-06,USD,Dólar,5.4011,5.4017
2024-06-13,11:10:28,2024-06,USD,Dólar,5.4047,5.4053
2024-06-13,12:04:27,2024-06,USD,Dólar,5.4013,5.4019
2024-06-13,13:11:05,2024-06,USD,Dólar,5.38,5.3806
2024-06-13,12:04:27,2024-06,EUR,Euro,5.8167,5.8195
2024-06-13,13:11:06,2024-06,USD,Dólar,5.3968,5.3974
2024-06-13,10:05:55,2024-06,EUR,Euro,5.8289,5.8317
2024-06-13,11:10:28,2024-06,EUR,Euro,5.8295,5.8323
2024-06-13,13:11:06,2024-06,AUD,Dólar Australiano,3.5829,3.5839
2024-06-13,13:11:05,2024-06,EUR,Euro,5.7862,5.7874
2024-06-13,10:05:55,2024-06,AUD,Dólar Australiano,3.595,3.5981
2024-06-13,10:05:55,2024-06,GBP,Libra,6.9048,6.9066
2024-06-13,11:10:28,2024-06,GBP,Libra,6.905,6.9064
2024-06-13,12:04:27,2024-06,GBP,Libra,6.8948,6.8977
2024-06-13,13:11:05,2024-06,GBP,Libra,6.8654,6.8667
2024-06-13,13:11:06,2024-06,GBP,Libra,6.8869,6.8882
2024-06-13,13:11:05,2024-06,AUD,Dólar Australiano,3.5718,3.5727
2024-06-13,12:04:27,2024-06,AUD,Dólar Australiano,3.5859,3.5874
2024-06-13,11:10:28,2024-06,AUD,Dólar Australiano,3.5914,3.5945
2024-06-13,13:11:06,2024-06,EUR,Euro,5.8043,5.8054
2024-06-12,13:11:32,2024-06,AUD,Dólar Australiano,3.6092,3.6107
2024-06-12,12:06:27,2024-06,USD,Dólar,5.4023,5.4029
2024-06-12,13:11:32,2024-06,AUD,Dólar Australiano,3.6121,3.6136
2024-06-12,12:06:27,2024-06,AUD,Dólar Australiano,3.6152,3.6162
2024-06-12,11:02:27,2024-06,AUD,Dólar Australiano,3.6221,3.6236
2024-06-12,10:03:32,2024-06,AUD,Dólar Australiano,3.5751,3.5765
2024-06-12,12:06:27,2024-06,EUR,Euro,5.8588,5.8616
2024-06-12,13:11:32,2024-06,EUR,Euro,5.8458,5.8486
2024-06-12,13:11:32,2024-06,EUR,Euro,5.8411,5.8439
2024-06-12,13:11:32,2024-06,USD,Dólar,5.3928,5.3934
2024-06-12,13:11:32,2024-06,USD,Dólar,5.3885,5.3891
2024-06-12,11:02:27,2024-06,USD,Dólar,5.4118,5.4124
2024-06-12,10:03:32,2024-06,GBP,Libra,6.8721,6.8745
2024-06-12,11:02:27,2024-06,EUR,Euro,5.8642,5.867
2024-06-12,13:11:32,2024-06,GBP,Libra,6.9178,6.9207
2024-06-12,13:11:32,2024-06,GBP,Libra,6.9233,6.9262
2024-06-12,11:02:27,2024-06,GBP,Libra,6.9466,6.9495
2024-06-12,12:06:27,2024-06,GBP,Libra,6.9371,6.9384
2024-06-12,10:03:32,2024-06,EUR,Euro,5.7882,5.7894
2024-06-12,10:03:32,2024-06,USD,Dólar,5.3471,5.3477
2024-06-11,10:10:29,2024-06,GBP,Libra,6.8231,6.826
2024-06-11,13:08:34,2024-06,EUR,Euro,5.7493,5.7521
2024-06-11,12:03:28,2024-06,EUR,Euro,5.732,5.7336
2024-06-11,10:10:29,2024-06,AUD,Dólar Australiano,3.5358,3.5372
2024-06-11,11:04:27,2024-06,AUD,Dólar Australiano,3.5255,3.5285
2024-06-11,12:03:28,2024-06,AUD,Dólar Australiano,3.5257,3.5266
2024-06-11,13:08:34,2024-06,AUD,Dólar Australiano,3.5339,3.5354
2024-06-11,13:08:34,2024-06,AUD,Dólar Australiano,3.5301,3.5315
2024-06-11,11:04:27,2024-06,EUR,Euro,5.7351,5.7378
2024-06-11,10:10:29,2024-06,EUR,Euro,5.7468,5.7485
2024-06-11,10:10:29,2024-06,USD,Dólar,5.3548,5.3554
2024-06-11,13:08:34,2024-06,USD,Dólar,5.3519,5.3524
2024-06-11,13:08:34,2024-06,USD,Dólar,5.3577,5.3583
2024-06-11,13:08:34,2024-06,EUR,Euro,5.7431,5.7458
2024-06-11,12:03:28,2024-06,USD,Dólar,5.346,5.3465
2024-06-11,11:04:27,2024-06,USD,Dólar,5.3489,5.3494
2024-06-11,13:08:34,2024-06,GBP,Libra,6.8076,6.8104
2024-06-11,13:08:34,2024-06,GBP,Libra,6.815,6.8179
2024-06-11,12:03:28,2024-06,GBP,Libra,6.7958,6.797
2024-06-11,11:04:27,2024-06,GBP,Libra,6.799,6.8018
2024-06-10,11:08:07,2024-06,AUD,Dólar Australiano,3.5429,3.5438
2024-06-10,12:02:28,2024-06,AUD,Dólar Australiano,3.5407,3.5416
2024-06-10,11:08:07,2024-06,GBP,Libra,6.8269,6.8282
2024-06-10,13:09:35,2024-06,AUD,Dólar Australiano,3.5448,3.5463
2024-06-10,13:09:35,2024-06,AUD,Dólar Australiano,3.5464,3.5479
2024-06-10,10:06:29,2024-06,EUR,Euro,5.7583,5.7594
2024-06-10,10:06:29,2024-06,GBP,Libra,6.8138,6.8167
2024-06-10,13:09:35,2024-06,GBP,Libra,6.8304,6.8333
2024-06-10,12:02:28,2024-06,GBP,Libra,6.8243,6.8272
2024-06-10,10:06:29,2024-06,AUD,Dólar Australiano,3.5329,3.5344
2024-06-10,11:08:07,2024-06,EUR,Euro,5.7696,5.7708
2024-06-10,13:09:35,2024-06,GBP,Libra,6.8273,6.8302
2024-06-10,12:02:28,2024-06,EUR,Euro,5.76,5.7628
2024-06-10,11:08:07,2024-06,USD,Dólar,5.3721,5.3727
2024-06-10,13:09:35,2024-06,EUR,Euro,5.7674,5.7702
2024-06-10,13:09:35,2024-06,EUR,Euro,5.7648,5.7676
2024-06-10,10:06:29,2024-06,USD,Dólar,5.361,5.3616
2024-06-10,12:02:28,2024-06,USD,Dólar,5.3671,5.3677
2024-06-10,13:09:35,2024-06,USD,Dólar,5.3636,5.3642
2024-06-10,13:09:35,2024-06,USD,Dólar,5.366,5.3666
2024-06-07,11:07:27,2024-06,GBP,Libra,6.7144,6.7172
2024-06-07,13:04:53,2024-06,USD,Dólar,5.2796,5.2802
2024-06-07,13:04:53,2024-06,USD,Dólar,5.2743,5.2749
2024-06-07,12:10:27,2024-06,USD,Dólar,5.2774,5.2779
2024-06-07,11:07:27,2024-06,USD,Dólar,5.2774,5.2779
2024-06-07,10:08:28,2024-06,USD,Dólar,5.2894,5.29
2024-06-07,11:07:27,2024-06,EUR,Euro,5.7086,5.7112
2024-06-07,13:04:53,2024-06,GBP,Libra,6.7172,6.7201
2024-06-07,13:04:53,2024-06,GBP,Libra,6.7105,6.7134
2024-06-07,12:10:27,2024-06,GBP,Libra,6.7129,6.7156
2024-06-07,10:08:28,2024-06,AUD,Dólar Australiano,3.4936,3.4951
2024-06-07,11:07:27,2024-06,AUD,Dólar Australiano,3.4804,3.4818
2024-06-07,12:10:27,2024-06,EUR,Euro,5.7049,5.7075
2024-06-07,12:10:27,2024-06,AUD,Dólar Australiano,3.4799,3.4813
2024-06-07,13:04:53,2024-06,AUD,Dólar Australiano,3.4742,3.4751
2024-06-07,13:04:53,2024-06,AUD,Dólar Australiano,3.4777,3.4786
2024-06-07,10:08:28,2024-06,EUR,Euro,5.7289,5.7317
2024-06-07,13:04:53,2024-06,EUR,Euro,5.7046,5.7074
2024-06-07,13:04:53,2024-06,EUR,Euro,5.6989,5.7016
2024-06-07,10:08:28,2024-06,GBP,Libra,6.7361,6.7389
2024-06-06,13:10:31,2024-06,USD,Dólar,5.2546,5.2552
2024-06-06,13:10:31,2024-06,USD,Dólar,5.2675,5.2681
2024-06-06,10:05:27,2024-06,USD,Dólar,5.2829,5.2835
2024-06-06,11:08:27,2024-06,USD,Dólar,5.2694,5.27
2024-06-06,13:10:31,2024-06,EUR,Euro,5.731,5.7338
2024-06-06,13:10:31,2024-06,EUR,Euro,5.717,5.7198
2024-06-06,12:10:28,2024-06,EUR,Euro,5.7239,5.7267
2024-06-06,11:08:27,2024-06,EUR,Euro,5.7352,5.738
2024-06-06,10:05:27,2024-06,EUR,Euro,5.7473,5.75
2024-06-06,12:10:28,2024-06,USD,Dólar,5.2629,5.2635
2024-06-06,13:10:31,2024-06,GBP,Libra,6.717,6.7182
2024-06-06,13:10:31,2024-06,AUD,Dólar Australiano,3.5001,3.501
2024-06-06,13:10:31,2024-06,GBP,Libra,6.7334,6.7347
2024-06-06,13:10:31,2024-06,AUD,Dólar Australiano,3.5087,3.5096
2024-06-06,12:10:28,2024-06,GBP,Libra,6.7207,6.7236
2024-06-06,10:05:27,2024-06,AUD,Dólar Australiano,3.5068,3.5082
2024-06-06,11:08:27,2024-06,AUD,Dólar Australiano,3.5031,3.5046
2024-06-06,12:10:28,2024-06,AUD,Dólar Australiano,3.4998,3.5008
2024-06-06,10:05:27,2024-06,GBP,Libra,6.7489,6.7518
2024-06-06,11:08:27,2024-06,GBP,Libra,6.7359,6.7387
2024-06-05,10:10:27,2024-06,GBP,Libra,6.7535,6.7564
2024-06-05,11:05:27,2024-06,EUR,Euro,5.7428,5.7461
2024-06-05,13:07:32,2024-06,GBP,Libra,6.7431,6.746
2024-06-05,13:07:32,2024-06,GBP,Libra,6.7449,6.7478
2024-06-05,12:11:27,2024-06,EUR,Euro,5.744,5.7458
2024-06-05,13:07:32,2024-06,EUR,Euro,5.7395,5.7406
2024-06-05,13:07:32,2024-06,EUR,Euro,5.7379,5.7391
2024-06-05,12:11:27,2024-06,GBP,Libra,6.7447,6.7471
2024-06-05,10:10:27,2024-06,USD,Dólar,5.2799,5.2805
2024-06-05,11:05:27,2024-06,USD,Dólar,5.2856,5.2862
2024-06-05,12:11:27,2024-06,USD,Dólar,5.2862,5.2869
2024-06-05,13:07:32,2024-06,USD,Dólar,5.2821,5.2827
2024-06-05,13:07:32,2024-06,USD,Dólar,5.2835,5.2841
2024-06-05,13:07:32,2024-06,AUD,Dólar Australiano,3.5082,3.5097
2024-06-05,13:07:32,2024-06,AUD,Dólar Australiano,3.5073,3.5088
2024-06-05,12:11:27,2024-06,AUD,Dólar Australiano,3.5048,3.5063
2024-06-05,11:05:27,2024-06,AUD,Dólar Australiano,3.516,3.5169
2024-06-05,10:10:27,2024-06,AUD,Dólar Australiano,3.5101,3.5115
2024-06-05,11:05:27,2024-06,GBP,Libra,6.746,6.7505
2024-06-05,10:10:27,2024-06,EUR,Euro,5.7456,5.7484
2024-06-04,13:02:40,2024-06,EUR,Euro,5.7296,5.7323
2024-06-04,13:02:40,2024-06,AUD,Dólar Australiano,3.5122,3.5136
2024-06-04,10:05:27,2024-06,USD,Dólar,5.2607,5.2613
2024-06-04,13:02:40,2024-06,EUR,Euro,5.7519,5.7546
2024-06-04,12:07:27,2024-06,EUR,Euro,5.735,5.7361
2024-06-04,10:05:27,2024-06,EUR,Euro,5.7152,5.7169
2024-06-04,12:07:27,2024-06,AUD,Dólar Australiano,3.5032,3.5046
2024-06-04,11:05:27,2024-06,AUD,Dólar Australiano,3.4884,3.4899
2024-06-04,11:05:27,2024-06,EUR,Euro,5.7096,5.7123
2024-06-04,10:05:27,2024-06,AUD,Dólar Australiano,3.4947,3.4961
2024-06-04,13:02:40,2024-06,GBP,Libra,6.7342,6.7355
2024-06-04,11:05:27,2024-06,USD,Dólar,5.2521,5.2527
2024-06-04,13:02:40,2024-06,AUD,Dólar Australiano,3.4985,3.5
2024-06-04,13:02:40,2024-06,USD,Dólar,5.2681,5.2687
2024-06-04,13:02:40,2024-06,GBP,Libra,6.7604,6.7617
2024-06-04,12:07:27,2024-06,USD,Dólar,5.2711,5.2717
2024-06-04,13:02:40,2024-06,USD,Dólar,5.2886,5.2892
2024-06-04,10:05:27,2024-06,GBP,Libra,6.7148,6.7171
2024-06-04,11:05:27,2024-06,GBP,Libra,6.7106,6.7135
2024-06-04,12:07:27,2024-06,GBP,Libra,6.7354,6.7383
2024-06-03,13:11:47,2024-06,AUD,Dólar Australiano,3.4954,3.4979
2024-06-03,13:11:47,2024-06,GBP,Libra,6.6983,6.7011
2024-06-03,13:11:47,2024-06,EUR,Euro,5.7012,5.705
2024-06-03,13:11:47,2024-06,EUR,Euro,5.6968,5.7006
2024-06-03,12:08:25,2024-06,EUR,Euro,5.6816,5.6843
2024-06-03,11:06:26,2024-06,EUR,Euro,5.7036,5.7053
2024-06-03,10:09:29,2024-06,EUR,Euro,5.6809,5.6836
2024-06-03,13:11:47,2024-06,GBP,Libra,6.6931,6.696
2024-06-03,13:11:47,2024-06,AUD,Dólar Australiano,3.4981,3.5006
2024-06-03,12:08:25,2024-06,AUD,Dólar Australiano,3.4903,3.4917
2024-06-03,10:09:29,2024-06,GBP,Libra,6.6705,6.6718
2024-06-03,12:08:25,2024-06,USD,Dólar,5.2273,5.2279
2024-06-03,13:11:47,2024-06,USD,Dólar,5.2327,5.2333
2024-06-03,13:11:47,2024-06,USD,Dólar,5.2367,5.2373
2024-06-03,11:06:26,2024-06,AUD,Dólar Australiano,3.5033,3.5058
2024-06-03,10:09:29,2024-06,USD,Dólar,5.2392,5.2398
2024-06-03,11:06:26,2024-06,GBP,Libra,6.6954,6.7009
2024-06-03,12:08:25,2024-06,GBP,Libra,6.6753,6.6781
2024-06-03,10:09:29,2024-06,AUD,Dólar Australiano,3.4909,3.4923
2024-06-03,11:06:26,2024-06,USD,Dólar,5.2476,5.2482
2024-05-31,13:03:45,2024-05,GBP,Libra,6.6728,6.6757
2024-05-31,10:07:54,2024-05,USD,Dólar,5.2306,5.2312
2024-05-31,11:07:26,2024-05,USD,Dólar,5.2389,5.2395
2024-05-31,12:08:26,2024-05,USD,Dólar,5.253,5.2536
2024-05-31,13:03:45,2024-05,GBP,Libra,6.6734,6.6762
2024-05-31,13:03:45,2024-05,USD,Dólar,5.241,5.2416
2024-05-31,12:08:26,2024-05,GBP,Libra,6.6865,6.6894
2024-05-31,11:07:26,2024-05,GBP,Libra,6.6827,6.6856
2024-05-31,10:07:54,2024-05,GBP,Libra,6.6674,6.6687
2024-05-31,13:03:45,2024-05,USD,Dólar,5.2414,5.242
2024-05-31,13:03:45,2024-05,AUD,Dólar Australiano,3.479,3.4804
2024-05-31,11:07:26,2024-05,AUD,Dólar Australiano,3.4923,3.4937
2024-05-31,10:07:54,2024-05,EUR,Euro,5.6898,5.6926
2024-05-31,11:07:26,2024-05,EUR,Euro,5.6936,5.6953
2024-05-31,12:08:26,2024-05,EUR,Euro,5.7016,5.7044
2024-05-31,13:03:45,2024-05,EUR,Euro,5.6848,5.686
2024-05-31,13:03:45,2024-05,EUR,Euro,5.6844,5.6856
2024-05-31,13:03:45,2024-05,AUD,Dólar Australiano,3.4792,3.4807
2024-05-31,12:08:26,2024-05,AUD,Dólar Australiano,3.4927,3.4942
2024-05-31,10:07:54,2024-05,AUD,Dólar Australiano,3.4862,3.4876
2024-05-29,10:09:51,2024-05,USD,Dólar,5.1895,5.1901
2024-05-29,11:05:25,2024-05,USD,Dólar,5.1978,5.1984
2024-05-29,12:10:26,2024-05,USD,Dólar,5.1944,5.195
2024-05-29,11:05:25,2024-05,AUD,Dólar Australiano,3.4446,3.446
2024-05-29,13:07:36,2024-05,USD,Dólar,5.2047,5.2053
2024-05-29,13:07:36,2024-05,USD,Dólar,5.1966,5.1972
2024-05-29,13:07:36,2024-05,AUD,Dólar Australiano,3.4386,3.44
2024-05-29,12:10:26,2024-05,AUD,Dólar Australiano,3.4387,3.4401
2024-05-29,13:07:36,2024-05,GBP,Libra,6.6049,6.6077
2024-05-29,13:07:36,2024-05,GBP,Libra,6.6152,6.618
2024-05-29,12:10:26,2024-05,GBP,Libra,6.6036,6.6065
2024-05-29,11:05:25,2024-05,GBP,Libra,6.6189,6.6202
2024-05-29,10:09:51,2024-05,GBP,Libra,6.6125,6.6158
2024-05-29,10:09:51,2024-05,AUD,Dólar Australiano,3.4406,3.4421
2024-05-29,13:07:36,2024-05,AUD,Dólar Australiano,3.4439,3.4454
2024-05-29,13:07:36,2024-05,EUR,Euro,5.6175,5.6187
2024-05-29,13:07:36,2024-05,EUR,Euro,5.6263,5.6274
2024-05-29,12:10:26,2024-05,EUR,Euro,5.6167,5.6194
2024-05-29,11:05:25,2024-05,EUR,Euro,5.6329,5.6345
2024-05-29,10:09:51,2024-05,EUR,Euro,5.6285,5.6302
2024-05-28,13:11:46,2024-05,GBP,Libra,6.5884,6.5912
2024-05-28,11:10:25,2024-05,AUD,Dólar Australiano,3.4313,3.4327
2024-05-28,10:09:26,2024-05,AUD,Dólar Australiano,3.4304,3.4318
2024-05-28,11:10:25,2024-05,GBP,Libra,6.5839,6.5857
2024-05-28,10:09:26,2024-05,USD,Dólar,5.1445,5.1451
2024-05-28,12:10:32,2024-05,GBP,Libra,6.5942,6.597
2024-05-28,11:10:25,2024-05,USD,Dólar,5.1529,5.1535
2024-05-28,13:11:46,2024-05,GBP,Libra,6.5873,6.5902
2024-05-28,13:11:46,2024-05,AUD,Dólar Australiano,3.4346,3.4361
2024-05-28,12:10:32,2024-05,USD,Dólar,5.1614,5.162
2024-05-28,13:11:46,2024-05,USD,Dólar,5.154,5.1546
2024-05-28,13:11:46,2024-05,USD,Dólar,5.1532,5.1538
2024-05-28,12:10:32,2024-05,AUD,Dólar Australiano,3.4385,3.44
2024-05-28,10:09:26,2024-05,GBP,Libra,6.5793,6.5821
2024-05-28,13:11:46,2024-05,AUD,Dólar Australiano,3.4341,3.4355
2024-05-28,10:09:26,2024-05,EUR,Euro,5.5936,5.5963
2024-05-28,11:10:25,2024-05,EUR,Euro,5.596,5.5972
2024-05-28,12:10:32,2024-05,EUR,Euro,5.612,5.6147
2024-05-28,13:11:46,2024-05,EUR,Euro,5.606,5.6087
2024-05-28,13:11:46,2024-05,EUR,Euro,5.6051,5.6078
2024-05-27,10:11:28,2024-05,USD,Dólar,5.1597,5.1602
2024-05-27,13:15:28,2024-05,GBP,Libra,6.6018,6.6047
2024-05-27,13:15:28,2024-05,GBP,Libra,6.6063,6.6091
2024-05-27,12:03:26,2024-05,GBP,Libra,6.6161,6.6173
2024-05-27,11:09:25,2024-05,GBP,Libra,6.598,6.6008
2024-05-27,10:11:28,2024-05,GBP,Libra,6.5822,6.5834
2024-05-27,12:03:26,2024-05,USD,Dólar,5.1781,5.1787
2024-05-27,11:09:25,2024-05,USD,Dólar,5.168,5.1686
2024-05-27,13:15:28,2024-05,USD,Dólar,5.1698,5.1704
2024-05-27,11:09:25,2024-05,AUD,Dólar Australiano,3.4398,3.4407
2024-05-27,10:11:28,2024-05,EUR,Euro,5.5972,5.5998
2024-05-27,13:15:28,2024-05,EUR,Euro,5.6134,5.6161
2024-05-27,13:15:28,2024-05,EUR,Euro,5.6172,5.6199
2024-05-27,12:03:26,2024-05,EUR,Euro,5.6213,5.6241
2024-05-27,11:09:25,2024-05,EUR,Euro,5.6088,5.6115
2024-05-27,10:11:28,2024-05,AUD,Dólar Australiano,3.4312,3.432
2024-05-27,13:15:28,2024-05,AUD,Dólar Australiano,3.441,3.443
2024-05-27,13:15:28,2024-05,AUD,Dólar Australiano,3.4433,3.4453
2024-05-27,12:03:26,2024-05,AUD,Dólar Australiano,3.4476,3.4485
2024-05-27,13:15:28,2024-05,USD,Dólar,5.1733,5.1739
2024-05-24,13:07:40,2024-05,AUD,Dólar Australiano,3.4133,3.4147
2024-05-24,12:09:26,2024-05,AUD,Dólar Australiano,3.414,3.4154
2024-05-24,10:05:27,2024-05,AUD,Dólar Australiano,3.4033,3.4042
2024-05-24,10:05:27,2024-05,USD,Dólar,5.1441,5.1447
2024-05-24,13:07:40,2024-05,AUD,Dólar Australiano,3.4125,3.414
2024-05-24,11:02:26,2024-05,USD,Dólar,5.1544,5.155
2024-05-24,13:07:40,2024-05,GBP,Libra,6.5629,6.5652
2024-05-24,11:02:26,2024-05,AUD,Dólar Australiano,3.4096,3.4126
2024-05-24,12:09:26,2024-05,GBP,Libra,6.5602,6.563
2024-05-24,13:07:40,2024-05,GBP,Libra,6.5643,6.5666
2024-05-24,11:02:26,2024-05,GBP,Libra,6.5579,6.5608
2024-05-24,12:09:26,2024-05,USD,Dólar,5.1509,5.1515
2024-05-24,13:07:40,2024-05,USD,Dólar,5.1513,5.1519
2024-05-24,10:05:27,2024-05,EUR,Euro,5.5819,5.583
2024-05-24,10:05:27,2024-05,GBP,Libra,6.5438,6.5451
2024-05-24,13:07:40,2024-05,USD,Dólar,5.1502,5.1508
2024-05-24,13:07:40,2024-05,EUR,Euro,5.5875,5.5902
2024-05-24,13:07:40,2024-05,EUR,Euro,5.5886,5.5914
2024-05-24,12:09:26,2024-05,EUR,Euro,5.5856,5.5883
2024-05-24,11:02:26,2024-05,EUR,Euro,5.5884,5.5911
2024-05-23,13:03:33,2024-05,GBP,Libra,6.5402,6.543
2024-05-23,13:03:33,2024-05,GBP,Libra,6.547,6.5498
2024-05-23,12:09:26,2024-05,GBP,Libra,6.5454,6.5482
2024-05-23,11:10:28,2024-05,GBP,Libra,6.5391,6.5419
2024-05-23,10:07:27,2024-05,GBP,Libra,6.5346,6.5374
2024-05-23,12:09:26,2024-05,AUD,Dólar Australiano,3.4123,3.4137
2024-05-23,10:07:27,2024-05,USD,Dólar,5.1332,5.1338
2024-05-23,10:07:27,2024-05,EUR,Euro,5.57,5.5727
2024-05-23,12:09:26,2024-05,USD,Dólar,5.1498,5.1504
2024-05-23,10:07:27,2024-05,AUD,Dólar Australiano,3.409,3.4104
2024-05-23,13:03:33,2024-05,AUD,Dólar Australiano,3.4128,3.4137
2024-05-23,13:03:33,2024-05,AUD,Dólar Australiano,3.4092,3.4102
2024-05-23,13:03:33,2024-05,EUR,Euro,5.5675,5.5702
2024-05-23,13:03:33,2024-05,EUR,Euro,5.5733,5.576
2024-05-23,11:10:28,2024-05,EUR,Euro,5.5727,5.5739
2024-05-23,13:03:33,2024-05,USD,Dólar,5.1437,5.1443
2024-05-23,13:03:33,2024-05,USD,Dólar,5.149,5.1496
2024-05-23,12:09:26,2024-05,EUR,Euro,5.5736,5.5763
2024-05-23,11:10:28,2024-05,USD,Dólar,5.1428,5.1434
2024-05-23,11:10:28,2024-05,AUD,Dólar Australiano,3.4102,3.4116
2024-05-22,10:11:27,2024-05,AUD,Dólar Australiano,3.4214,3.4228
2024-05-22,12:05:26,2024-05,USD,Dólar,5.1533,5.1539
2024-05-22,10:11:27,2024-05,GBP,Libra,6.5518,6.5547
2024-05-22,11:05:26,2024-05,GBP,Libra,6.5608,6.5642
2024-05-22,12:05:26,2024-05,GBP,Libra,6.556,6.5589
2024-05-22,13:05:28,2024-05,GBP,Libra,6.5528,6.5561
2024-05-22,13:05:28,2024-05,GBP,Libra,6.557,6.5603
2024-05-22,13:05:28,2024-05,AUD,Dólar Australiano,3.4152,3.4182
2024-05-22,13:05:28,2024-05,AUD,Dólar Australiano,3.413,3.416
2024-05-22,12:05:26,2024-05,AUD,Dólar Australiano,3.4218,3.4232
2024-05-22,11:05:26,2024-05,AUD,Dólar Australiano,3.4256,3.4271
2024-05-22,11:05:26,2024-05,USD,Dólar,5.1498,5.1504
2024-05-22,10:11:27,2024-05,USD,Dólar,5.1488,5.1494
2024-05-22,13:05:28,2024-05,USD,Dólar,5.1463,5.1469
2024-05-22,13:05:28,2024-05,EUR,Euro,5.5791,5.5818
2024-05-22,13:05:28,2024-05,EUR,Euro,5.5755,5.5782
2024-05-22,12:05:26,2024-05,EUR,Euro,5.5815,5.5843
2024-05-22,11:05:26,2024-05,EUR,Euro,5.5793,5.582
2024-05-22,10:11:27,2024-05,EUR,Euro,5.5762,5.5789
2024-05-22,13:05:28,2024-05,USD,Dólar,5.1496,5.1502
2024-05-21,10:08:27,2024-05,USD,Dólar,5.1003,5.1009
2024-05-21,11:04:26,2024-05,USD,Dólar,5.0935,5.0941
2024-05-21,12:07:27,2024-05,USD,Dólar,5.1072,5.1078
2024-05-21,13:06:29,2024-05,USD,Dólar,5.1112,5.1118
2024-05-21,13:06:29,2024-05,GBP,Libra,6.485,6.4863
2024-05-21,12:07:27,2024-05,EUR,Euro,5.5459,5.5476
2024-05-21,10:08:27,2024-05,GBP,Libra,6.4804,6.4838
2024-05-21,11:04:26,2024-05,GBP,Libra,6.4733,6.4766
2024-05-21,12:07:27,2024-05,GBP,Libra,6.4969,6.4981
2024-05-21,13:06:29,2024-05,GBP,Libra,6.4953,6.4966
2024-05-21,10:08:27,2024-05,AUD,Dólar Australiano,3.4024,3.4033
2024-05-21,11:04:26,2024-05,EUR,Euro,5.5259,5.5271
2024-05-21,10:08:27,2024-05,EUR,Euro,5.5364,5.5391
2024-05-21,13:06:29,2024-05,EUR,Euro,5.5467,5.5494
2024-05-21,13:06:29,2024-05,EUR,Euro,5.5379,5.5406
2024-05-21,13:06:29,2024-05,USD,Dólar,5.1031,5.1037
2024-05-21,13:06:29,2024-05,AUD,Dólar Australiano,3.4012,3.4021
2024-05-21,13:06:29,2024-05,AUD,Dólar Australiano,3.4066,3.4075
2024-05-21,12:07:27,2024-05,AUD,Dólar Australiano,3.406,3.4074
2024-05-21,11:04:26,2024-05,AUD,Dólar Australiano,3.3969,3.3998
2024-05-20,13:07:32,2024-05,GBP,Libra,6.4886,6.4914
2024-05-20,13:07:32,2024-05,GBP,Libra,6.4757,6.4785
2024-05-20,12:04:27,2024-05,GBP,Libra,6.4718,6.4761
2024-05-20,11:04:26,2024-05,GBP,Libra,6.4936,6.498
2024-05-20,10:04:28,2024-05,GBP,Libra,6.5074,6.5118
2024-05-20,10:04:28,2024-05,EUR,Euro,5.5657,5.5684
2024-05-20,11:04:26,2024-05,AUD,Dólar Australiano,3.4132,3.4152
2024-05-20,13:07:32,2024-05,USD,Dólar,5.1079,5.1085
2024-05-20,13:07:32,2024-05,USD,Dólar,5.0978,5.0984
2024-05-20,11:04:26,2024-05,EUR,Euro,5.5544,5.5561
2024-05-20,12:04:27,2024-05,EUR,Euro,5.5339,5.5366
2024-05-20,13:07:32,2024-05,EUR,Euro,5.5362,5.5379
2024-05-20,13:07:32,2024-05,EUR,Euro,5.5472,5.5489
2024-05-20,13:07:32,2024-05,AUD,Dólar Australiano,3.4085,3.4109
2024-05-20,13:07:32,2024-05,AUD,Dólar Australiano,3.4018,3.4042
2024-05-20,12:04:27,2024-05,AUD,Dólar Australiano,3.3999,3.4024
2024-05-20,10:04:28,2024-05,AUD,Dólar Australiano,3.417,3.4184
2024-05-20,10:04:28,2024-05,USD,Dólar,5.1268,5.1274
2024-05-20,11:04:26,2024-05,USD,Dólar,5.1127,5.1133
2024-05-20,12:04:27,2024-05,USD,Dólar,5.0943,5.0949
2024-05-17,13:10:28,2024-05,USD,Dólar,5.1151,5.1157
2024-05-17,13:10:28,2024-05,USD,Dólar,5.1121,5.1127
2024-05-17,12:09:32,2024-05,USD,Dólar,5.1116,5.1122
2024-05-17,11:04:26,2024-05,USD,Dólar,5.1152,5.1158
2024-05-17,13:10:28,2024-05,GBP,Libra,6.4929,6.4942
2024-05-17,10:04:26,2024-05,USD,Dólar,5.1213,5.1219
2024-05-17,13:10:28,2024-05,AUD,Dólar Australiano,3.4179,3.4193
2024-05-17,13:10:28,2024-05,AUD,Dólar Australiano,3.4159,3.4173
2024-05-17,12:09:32,2024-05,AUD,Dólar Australiano,3.4181,3.419
2024-05-17,11:04:26,2024-05,AUD,Dólar Australiano,3.4134,3.4163
2024-05-17,10:04:26,2024-05,AUD,Dólar Australiano,3.4118,3.4132
2024-05-17,12:09:32,2024-05,GBP,Libra,6.4897,6.4925
2024-05-17,13:10:28,2024-05,GBP,Libra,6.4967,6.498
2024-05-17,11:04:26,2024-05,GBP,Libra,6.483,6.4858
2024-05-17,10:04:26,2024-05,GBP,Libra,6.4825,6.4853
2024-05-17,11:04:26,2024-05,EUR,Euro,5.5515,5.5542
2024-05-17,12:09:32,2024-05,EUR,Euro,5.5584,5.56
2024-05-17,13:10:28,2024-05,EUR,Euro,5.5553,5.558
2024-05-17,13:10:28,2024-05,EUR,Euro,5.5586,5.5613
2024-05-17,10:04:26,2024-05,EUR,Euro,5.553,5.5542
2024-05-16,12:10:27,2024-05,GBP,Libra,6.4945,6.4973
2024-05-16,13:09:44,2024-05,GBP,Libra,6.4998,6.501
2024-05-16,13:09:43,2024-05,GBP,Libra,6.5018,6.5031
2024-05-16,13:09:44,2024-05,EUR,Euro,5.575,5.5761
2024-05-16,11:04:26,2024-05,GBP,Libra,6.4864,6.4892
2024-05-16,10:03:27,2024-05,GBP,Libra,6.4782,6.481
2024-05-16,10:03:27,2024-05,EUR,Euro,5.5611,5.5638
2024-05-16,11:04:26,2024-05,EUR,Euro,5.5672,5.5699
2024-05-16,12:10:27,2024-05,EUR,Euro,5.5731,5.5758
2024-05-16,13:09:43,2024-05,EUR,Euro,5.5767,5.5779
2024-05-16,13:09:44,2024-05,USD,Dólar,5.1264,5.127
2024-05-16,11:04:26,2024-05,AUD,Dólar Australiano,3.416,3.4175
2024-05-16,12:10:27,2024-05,USD,Dólar,5.1275,5.1281
2024-05-16,11:04:26,2024-05,USD,Dólar,5.1292,5.1298
2024-05-16,13:09:43,2024-05,USD,Dólar,5.128,5.1286
2024-05-16,13:09:44,2024-05,AUD,Dólar Australiano,3.4255,3.4264
2024-05-16,13:09:43,2024-05,AUD,Dólar Australiano,3.4265,3.4274
2024-05-16,12:10:27,2024-05,AUD,Dólar Australiano,3.4226,3.424
2024-05-16,10:03:27,2024-05,AUD,Dólar Australiano,3.4129,3.4144
2024-05-16,10:03:27,2024-05,USD,Dólar,5.1207,5.1213
2024-05-15,12:07:27,2024-05,USD,Dólar,5.1319,5.1325
2024-05-15,13:06:32,2024-05,GBP,Libra,6.5058,6.5086
2024-05-15,11:09:26,2024-05,USD,Dólar,5.1606,5.1612
2024-05-15,13:06:32,2024-05,EUR,Euro,5.5697,5.5724
2024-05-15,13:06:32,2024-05,USD,Dólar,5.1296,5.1302
2024-05-15,13:06:32,2024-05,USD,Dólar,5.1417,5.1423
2024-05-15,12:07:27,2024-05,GBP,Libra,6.4898,6.4926
2024-05-15,13:06:32,2024-05,GBP,Libra,6.4905,6.4933
2024-05-15,10:07:27,2024-05,AUD,Dólar Australiano,3.4264,3.4294
2024-05-15,11:09:26,2024-05,GBP,Libra,6.5116,6.5145
2024-05-15,10:07:27,2024-05,GBP,Libra,6.5051,6.5074
2024-05-15,10:07:27,2024-05,USD,Dólar,5.1448,5.1454
2024-05-15,13:06:32,2024-05,EUR,Euro,5.5829,5.5856
2024-05-15,11:09:26,2024-05,AUD,Dólar Australiano,3.4246,3.426
2024-05-15,12:07:27,2024-05,AUD,Dólar Australiano,3.4204,3.4213
2024-05-15,13:06:32,2024-05,AUD,Dólar Australiano,3.422,3.4234
2024-05-15,13:06:32,2024-05,AUD,Dólar Australiano,3.43,3.4315
2024-05-15,11:09:26,2024-05,EUR,Euro,5.591,5.5937
2024-05-15,12:07:27,2024-05,EUR,Euro,5.5717,5.5729
2024-05-15,10:07:27,2024-05,EUR,Euro,5.5867,5.5894
2024-05-14,10:04:26,2024-05,EUR,Euro,5.5502,5.5519
2024-05-14,13:04:30,2024-05,GBP,Libra,6.4629,6.4657
2024-05-14,12:02:27,2024-05,USD,Dólar,5.1336,5.1342
2024-05-14,13:04:30,2024-05,EUR,Euro,5.554,5.5567
2024-05-14,13:04:30,2024-05,GBP,Libra,6.4635,6.4663
2024-05-14,12:02:27,2024-05,EUR,Euro,5.5561,5.5588
2024-05-14,10:04:26,2024-05,AUD,Dólar Australiano,3.3989,3.4018
2024-05-14,11:07:27,2024-05,AUD,Dólar Australiano,3.4003,3.4018
2024-05-14,12:02:27,2024-05,AUD,Dólar Australiano,3.4,3.4014
2024-05-14,13:04:30,2024-05,AUD,Dólar Australiano,3.4007,3.4016
2024-05-14,11:07:27,2024-05,EUR,Euro,5.5519,5.5546
2024-05-14,11:07:27,2024-05,USD,Dólar,5.1326,5.1332
2024-05-14,10:04:26,2024-05,USD,Dólar,5.1381,5.1387
2024-05-14,13:04:30,2024-05,USD,Dólar,5.1355,5.1361
2024-05-14,13:04:30,2024-05,USD,Dólar,5.135,5.1356
2024-05-14,13:04:30,2024-05,AUD,Dólar Australiano,3.4004,3.4013
2024-05-14,10:04:26,2024-05,GBP,Libra,6.4488,6.4516
2024-05-14,11:07:27,2024-05,GBP,Libra,6.4573,6.4606
2024-05-14,12:02:27,2024-05,GBP,Libra,6.4622,6.4634
2024-05-14,13:04:30,2024-05,EUR,Euro,5.5535,5.5562
2024-05-13,10:03:27,2024-05,EUR,Euro,5.5372,5.5399
2024-05-13,11:03:26,2024-05,EUR,Euro,5.5402,5.5424
2024-05-13,12:07:27,2024-05,EUR,Euro,5.5595,5.5622
2024-05-13,13:11:29,2024-05,EUR,Euro,5.5675,5.5702
2024-05-13,13:11:29,2024-05,AUD,Dólar Australiano,3.3969,3.3994
2024-05-13,13:11:29,2024-05,AUD,Dólar Australiano,3.4087,3.4111
2024-05-13,12:07:27,2024-05,AUD,Dólar Australiano,3.4071,3.4085
2024-05-13,11:03:26,2024-05,AUD,Dólar Australiano,3.3955,3.3964
2024-05-13,10:03:27,2024-05,AUD,Dólar Australiano,3.3964,3.3973
2024-05-13,13:11:29,2024-05,EUR,Euro,5.5482,5.551
2024-05-13,11:03:26,2024-05,USD,Dólar,5.1284,5.129
2024-05-13,12:07:27,2024-05,USD,Dólar,5.1467,5.1473
2024-05-13,13:11:29,2024-05,GBP,Libra,6.4545,6.4589
2024-05-13,13:11:29,2024-05,GBP,Libra,6.4769,6.4813
2024-05-13,12:07:27,2024-05,GBP,Libra,6.4648,6.4676
2024-05-13,11:03:26,2024-05,GBP,Libra,6.4418,6.4461
2024-05-13,10:03:27,2024-05,GBP,Libra,6.4383,6.4427
2024-05-13,13:11:29,2024-05,USD,Dólar,5.1406,5.1412
2024-05-13,13:11:29,2024-05,USD,Dólar,5.1584,5.159
2024-05-13,10:03:27,2024-05,USD,Dólar,5.1289,5.1295
2024-05-10,13:04:52,2024-05,EUR,Euro,5.542,5.5447
2024-05-10,13:04:52,2024-05,EUR,Euro,5.5523,5.555
2024-05-10,12:05:27,2024-05,EUR,Euro,5.5401,5.5428
2024-05-10,11:05:28,2024-05,EUR,Euro,5.5422,5.5449
2024-05-10,10:02:27,2024-05,EUR,Euro,5.5372,5.5383
2024-05-10,11:05:28,2024-05,GBP,Libra,6.4399,6.4428
2024-05-10,12:05:27,2024-05,GBP,Libra,6.4378,6.4406
2024-05-10,13:04:52,2024-05,USD,Dólar,5.1458,5.1464
2024-05-10,13:04:52,2024-05,USD,Dólar,5.1553,5.1559
2024-05-10,12:05:27,2024-05,USD,Dólar,5.1478,5.1484
2024-05-10,11:05:28,2024-05,USD,Dólar,5.1388,5.1394
2024-05-10,13:04:52,2024-05,AUD,Dólar Australiano,3.3988,3.4002
2024-05-10,13:04:52,2024-05,AUD,Dólar Australiano,3.4051,3.4065
2024-05-10,12:05:27,2024-05,AUD,Dólar Australiano,3.3981,3.3995
2024-05-10,11:05:28,2024-05,AUD,Dólar Australiano,3.4009,3.4018
2024-05-10,10:02:27,2024-05,AUD,Dólar Australiano,3.3979,3.3993
2024-05-10,10:02:27,2024-05,USD,Dólar,5.1413,5.1419
2024-05-10,13:04:52,2024-05,GBP,Libra,6.4446,6.4474
2024-05-10,13:04:52,2024-05,GBP,Libra,6.4565,6.4593
2024-05-10,10:02:27,2024-05,GBP,Libra,6.4374,6.4402
2024-05-09,12:05:27,2024-05,AUD,Dólar Australiano,3.4062,3.4076
2024-05-09,13:07:40,2024-05,AUD,Dólar Australiano,3.4057,3.4067
2024-05-09,11:07:28,2024-05,AUD,Dólar Australiano,3.4125,3.4139
2024-05-09,10:07:26,2024-05,AUD,Dólar Australiano,3.3973,3.3987
2024-05-09,13:07:40,2024-05,AUD,Dólar Australiano,3.4054,3.4063
2024-05-09,11:07:28,2024-05,USD,Dólar,5.1696,5.1702
2024-05-09,13:07:40,2024-05,USD,Dólar,5.1571,5.1577
2024-05-09,13:07:40,2024-05,USD,Dólar,5.1566,5.1572
2024-05-09,12:05:27,2024-05,EUR,Euro,5.5558,5.5585
2024-05-09,11:07:28,2024-05,EUR,Euro,5.5635,5.5662
2024-05-09,10:07:26,2024-05,EUR,Euro,5.5359,5.537
2024-05-09,13:07:40,2024-05,EUR,Euro,5.5542,5.5554
2024-05-09,13:07:40,2024-05,GBP,Libra,6.4468,6.4496
2024-05-09,12:05:27,2024-05,GBP,Libra,6.4514,6.4527
2024-05-09,11:07:28,2024-05,GBP,Libra,6.4599,6.4628
2024-05-09,10:07:26,2024-05,GBP,Libra,6.4333,6.4345
2024-05-09,13:07:40,2024-05,GBP,Libra,6.4474,6.4502
2024-05-09,13:07:40,2024-05,EUR,Euro,5.5537,5.5548
2024-05-09,12:05:27,2024-05,USD,Dólar,5.1562,5.1568
2024-05-09,10:07:26,2024-05,USD,Dólar,5.1458,5.1464
2024-05-08,13:07:29,2024-05,AUD,Dólar Australiano,3.3465,3.3474
2024-05-08,12:04:26,2024-05,GBP,Libra,6.3469,6.3497
2024-05-08,13:07:29,2024-05,GBP,Libra,6.355,6.3578
2024-05-08,13:07:29,2024-05,GBP,Libra,6.3606,6.3634
2024-05-08,10:08:28,2024-05,USD,Dólar,5.1034,5.104
2024-05-08,11:03:27,2024-05,USD,Dólar,5.0842,5.0848
2024-05-08,12:04:26,2024-05,USD,Dólar,5.0812,5.0818
2024-05-08,13:07:29,2024-05,USD,Dólar,5.0836,5.0842
2024-05-08,13:07:29,2024-05,AUD,Dólar Australiano,3.3495,3.3504
2024-05-08,12:04:26,2024-05,AUD,Dólar Australiano,3.3404,3.3418
2024-05-08,10:08:28,2024-05,GBP,Libra,6.3675,6.3703
2024-05-08,11:03:27,2024-05,AUD,Dólar Australiano,3.3378,3.3392
2024-05-08,10:08:28,2024-05,EUR,Euro,5.4846,5.4873
2024-05-08,11:03:27,2024-05,EUR,Euro,5.465,5.4677
2024-05-08,12:04:26,2024-05,EUR,Euro,5.4618,5.4629
2024-05-08,13:07:29,2024-05,EUR,Euro,5.4664,5.4691
2024-05-08,13:07:29,2024-05,EUR,Euro,5.4712,5.4739
2024-05-08,13:07:29,2024-05,USD,Dólar,5.0881,5.0887
2024-05-08,11:03:27,2024-05,GBP,Libra,6.3425,6.3448
2024-05-08,10:08:28,2024-05,AUD,Dólar Australiano,3.3483,3.3498
2024-05-07,12:03:28,2024-05,USD,Dólar,5.0508,5.0514
2024-05-07,10:11:28,2024-05,EUR,Euro,5.4477,5.4503
2024-05-07,11:10:26,2024-05,AUD,Dólar Australiano,3.3523,3.3538
2024-05-07,12:03:28,2024-05,AUD,Dólar Australiano,3.3426,3.3455
2024-05-07,13:05:59,2024-05,AUD,Dólar Australiano,3.3471,3.3485
2024-05-07,13:05:59,2024-05,AUD,Dólar Australiano,3.3429,3.3443
2024-05-07,11:10:26,2024-05,USD,Dólar,5.0678,5.0684
2024-05-07,13:05:59,2024-05,USD,Dólar,5.0604,5.061
2024-05-07,13:05:59,2024-05,GBP,Libra,6.3412,6.344
2024-05-07,13:05:59,2024-05,GBP,Libra,6.3492,6.352
2024-05-07,12:03:28,2024-05,GBP,Libra,6.3398,6.3425
2024-05-07,11:10:26,2024-05,GBP,Libra,6.3641,6.3654
2024-05-07,10:11:28,2024-05,GBP,Libra,6.3467,6.3494
2024-05-07,13:05:59,2024-05,USD,Dólar,5.0668,5.0674
2024-05-07,10:11:28,2024-05,AUD,Dólar Australiano,3.3463,3.3477
2024-05-07,10:11:28,2024-05,USD,Dólar,5.0563,5.0569
2024-05-07,11:10:26,2024-05,EUR,Euro,5.4626,5.4653
2024-05-07,12:03:28,2024-05,EUR,Euro,5.4427,5.4454
2024-05-07,13:05:59,2024-05,EUR,Euro,5.4544,5.4571
2024-05-07,13:05:59,2024-05,EUR,Euro,5.4475,5.4502
2024-05-06,13:06:55,2024-05,EUR,Euro,5.4662,5.4689
2024-05-06,13:06:55,2024-05,EUR,Euro,5.4583,5.461
2024-05-06,13:06:55,2024-05,USD,Dólar,5.0721,5.0727
2024-05-06,13:06:55,2024-05,USD,Dólar,5.0648,5.0654
2024-05-06,12:04:26,2024-05,USD,Dólar,5.0698,5.0704
2024-05-06,11:07:27,2024-05,USD,Dólar,5.0724,5.073
2024-05-06,13:06:55,2024-05,AUD,Dólar Australiano,3.3529,3.3553
2024-05-06,12:04:26,2024-05,AUD,Dólar Australiano,3.3587,3.3602
2024-05-06,11:07:27,2024-05,AUD,Dólar Australiano,3.363,3.3639
2024-05-06,10:08:28,2024-05,AUD,Dólar Australiano,3.3704,3.3723
2024-05-06,10:08:28,2024-05,USD,Dólar,5.0813,5.0819
2024-05-06,13:06:55,2024-05,GBP,Libra,6.3751,6.3794
2024-05-06,13:06:55,2024-05,AUD,Dólar Australiano,3.3577,3.3602
2024-05-06,12:04:26,2024-05,EUR,Euro,5.4652,5.4664
2024-05-06,11:07:27,2024-05,EUR,Euro,5.4711,5.4722
2024-05-06,10:08:28,2024-05,EUR,Euro,5.4802,5.4829
2024-05-06,10:08:28,2024-05,GBP,Libra,6.3968,6.3996
2024-05-06,11:07:27,2024-05,GBP,Libra,6.3826,6.3854
2024-05-06,12:04:26,2024-05,GBP,Libra,6.3748,6.3791
2024-05-06,13:06:55,2024-05,GBP,Libra,6.3659,6.3702
2024-05-03,13:06:33,2024-05,EUR,Euro,5.459,5.4602
2024-05-03,13:06:33,2024-05,USD,Dólar,5.0692,5.0698
2024-05-03,13:06:33,2024-05,EUR,Euro,5.4558,5.4569
2024-05-03,13:06:33,2024-05,AUD,Dólar Australiano,3.3493,3.3522
2024-05-03,12:02:27,2024-05,AUD,Dólar Australiano,3.3505,3.3519
2024-05-03,11:06:27,2024-05,AUD,Dólar Australiano,3.3682,3.3696
2024-05-03,10:11:27,2024-05,AUD,Dólar Australiano,3.356,3.3574
2024-05-03,13:06:33,2024-05,USD,Dólar,5.0662,5.0668
2024-05-03,10:11:27,2024-05,EUR,Euro,5.457,5.4586
2024-05-03,11:06:27,2024-05,EUR,Euro,5.4621,5.4633
2024-05-03,12:02:27,2024-05,EUR,Euro,5.4577,5.4603
2024-05-03,13:06:33,2024-05,AUD,Dólar Australiano,3.3512,3.3542
2024-05-03,12:02:27,2024-05,USD,Dólar,5.0703,5.0709
2024-05-03,10:11:27,2024-05,USD,Dólar,5.0565,5.0571
2024-05-03,11:06:27,2024-05,USD,Dólar,5.0688,5.0694
2024-05-03,13:06:33,2024-05,GBP,Libra,6.3561,6.3593
2024-05-03,13:06:33,2024-05,GBP,Libra,6.3598,6.3631
2024-05-03,12:02:27,2024-05,GBP,Libra,6.3602,6.3635
2024-05-03,11:06:27,2024-05,GBP,Libra,6.3715,6.3748
2024-05-03,10:11:27,2024-05,GBP,Libra,6.3737,6.3755
2024-05-02,10:03:27,2024-05,GBP,Libra,6.4234,6.4258
2024-05-02,13:07:09,2024-05,EUR,Euro,5.4726,5.4752
2024-05-02,12:11:27,2024-05,EUR,Euro,5.4651,5.4662
2024-05-02,11:09:27,2024-05,EUR,Euro,5.4605,5.4632
2024-05-02,10:03:27,2024-05,EUR,Euro,5.4921,5.4949
2024-05-02,13:07:09,2024-05,GBP,Libra,6.4003,6.4016
2024-05-02,13:07:09,2024-05,GBP,Libra,6.3944,6.3957
2024-05-02,12:11:27,2024-05,GBP,Libra,6.3834,6.3847
2024-05-02,11:09:27,2024-05,GBP,Libra,6.3835,6.3863
2024-05-02,10:03:27,2024-05,USD,Dólar,5.1338,5.1345
2024-05-02,13:07:09,2024-05,AUD,Dólar Australiano,3.3465,3.3479
2024-05-02,13:07:09,2024-05,USD,Dólar,5.1178,5.1184
2024-05-02,13:07:09,2024-05,USD,Dólar,5.1131,5.1137
2024-05-02,12:11:27,2024-05,USD,Dólar,5.1133,5.1139
2024-05-02,11:09:27,2024-05,USD,Dólar,5.1109,5.1115
2024-05-02,13:07:09,2024-05,AUD,Dólar Australiano,3.3496,3.351
2024-05-02,13:07:09,2024-05,EUR,Euro,5.4776,5.4803
2024-05-02,12:11:27,2024-05,AUD,Dólar Australiano,3.3415,3.3424
2024-05-02,11:09:27,2024-05,AUD,Dólar Australiano,3.3349,3.3363
2024-05-02,10:03:27,2024-05,AUD,Dólar Australiano,3.3513,3.3528
2024-04-30,13:09:37,2024-04,GBP,Libra,6.4777,6.4805
2024-04-30,10:05:27,2024-04,USD,Dólar,5.1506,5.1512
2024-04-30,11:06:28,2024-04,USD,Dólar,5.1731,5.1737
2024-04-30,12:03:29,2024-04,USD,Dólar,5.1828,5.1834
2024-04-30,13:09:37,2024-04,USD,Dólar,5.1784,5.179
2024-04-30,11:06:28,2024-04,GBP,Libra,6.4767,6.4795
2024-04-30,10:05:27,2024-04,GBP,Libra,6.447,6.4503
2024-04-30,12:03:29,2024-04,GBP,Libra,6.4878,6.4912
2024-04-30,13:09:37,2024-04,USD,Dólar,5.1712,5.1718
2024-04-30,13:09:37,2024-04,GBP,Libra,6.4687,6.4715
2024-04-30,13:09:37,2024-04,EUR,Euro,5.5321,5.5338
2024-04-30,13:09:37,2024-04,EUR,Euro,5.5244,5.5261
2024-04-30,10:05:27,2024-04,AUD,Dólar Australiano,3.3474,3.3488
2024-04-30,11:06:28,2024-04,EUR,Euro,5.5378,5.5405
2024-04-30,10:05:27,2024-04,EUR,Euro,5.5106,5.5133
2024-04-30,13:09:37,2024-04,AUD,Dólar Australiano,3.3551,3.3565
2024-04-30,13:09:37,2024-04,AUD,Dólar Australiano,3.3597,3.3612
2024-04-30,12:03:29,2024-04,AUD,Dólar Australiano,3.3647,3.3661
2024-04-30,12:03:29,2024-04,EUR,Euro,5.5404,5.5431
2024-04-30,11:06:28,2024-04,AUD,Dólar Australiano,3.3584,3.3593
2024-04-29,12:02:31,2024-04,GBP,Libra,6.415,6.4178
2024-04-29,13:08:20,2024-04,GBP,Libra,6.424,6.4252
2024-04-29,13:08:20,2024-04,GBP,Libra,6.4192,6.4205
2024-04-29,11:04:57,2024-04,GBP,Libra,6.4006,6.4024
2024-04-29,13:08:20,2024-04,AUD,Dólar Australiano,3.3579,3.3593
2024-04-29,13:08:20,2024-04,AUD,Dólar Australiano,3.3554,3.3568
2024-04-29,12:02:31,2024-04,AUD,Dólar Australiano,3.353,3.3544
2024-04-29,11:04:57,2024-04,AUD,Dólar Australiano,3.348,3.3505
2024-04-29,10:05:31,2024-04,AUD,Dólar Australiano,3.3539,3.3553
2024-04-29,11:04:57,2024-04,EUR,Euro,5.4691,5.4718
2024-04-29,12:02:31,2024-04,EUR,Euro,5.4763,5.479
2024-04-29,13:08:20,2024-04,EUR,Euro,5.4842,5.4869
2024-04-29,13:08:20,2024-04,EUR,Euro,5.4801,5.4828
2024-04-29,10:05:31,2024-04,GBP,Libra,6.4096,6.4124
2024-04-29,10:05:31,2024-04,EUR,Euro,5.4754,5.4771
2024-04-29,10:05:31,2024-04,USD,Dólar,5.1158,5.1164
2024-04-29,11:04:57,2024-04,USD,Dólar,5.1123,5.1129
2024-04-29,12:02:31,2024-04,USD,Dólar,5.1128,5.1134
2024-04-29,13:08:20,2024-04,USD,Dólar,5.1187,5.1193
2024-04-29,13:08:20,2024-04,USD,Dólar,5.1149,5.1155
2024-04-26,15:44:48,2024-04,GBP,Libra,6.3783,6.3811
2024-04-26,15:44:48,2024-04,GBP,Libra,6.3824,6.3852
2024-04-26,10:10:29,2024-04,EUR,Euro,5.4879,5.4895
2024-04-26,15:44:48,2024-04,USD,Dólar,5.1145,5.1151
2024-04-26,15:44:48,2024-04,USD,Dólar,5.1178,5.1184
2024-04-26,12:11:27,2024-04,GBP,Libra,6.3818,6.3831
2024-04-26,10:10:29,2024-04,USD,Dólar,5.1212,5.1218
2024-04-26,11:08:27,2024-04,GBP,Libra,6.3939,6.3967
2024-04-26,10:10:29,2024-04,GBP,Libra,6.4056,6.4079
2024-04-26,15:44:48,2024-04,AUD,Dólar Australiano,3.3404,3.3418
2024-04-26,15:44:48,2024-04,AUD,Dólar Australiano,3.3382,3.3396
2024-04-26,12:11:27,2024-04,AUD,Dólar Australiano,3.342,3.3429
2024-04-26,15:44:48,2024-04,EUR,Euro,5.4684,5.4711
2024-04-26,15:44:48,2024-04,EUR,Euro,5.4648,5.4675
2024-04-26,12:11:27,2024-04,EUR,Euro,5.4682,5.4709
2024-04-26,11:08:27,2024-04,USD,Dólar,5.1143,5.1149
2024-04-26,12:11:27,2024-04,USD,Dólar,5.121,5.1216
2024-04-26,11:08:27,2024-04,EUR,Euro,5.4759,5.4775
2024-04-26,10:10:29,2024-04,AUD,Dólar Australiano,3.3513,3.3522
2024-04-26,11:08:27,2024-04,AUD,Dólar Australiano,3.3468,3.3482
2024-04-25,15:16:13,2024-04,USD,Dólar,5.1643,5.1649
2024-04-25,10:02:26,2024-04,AUD,Dólar Australiano,3.3552,3.3561
2024-04-25,11:03:27,2024-04,AUD,Dólar Australiano,3.3576,3.3585
2024-04-25,15:16:13,2024-04,EUR,Euro,5.5383,5.541
2024-04-25,12:05:26,2024-04,AUD,Dólar Australiano,3.3597,3.3606
2024-04-25,15:16:13,2024-04,AUD,Dólar Australiano,3.3589,3.3603
2024-04-25,15:16:13,2024-04,AUD,Dólar Australiano,3.3608,3.3622
2024-04-25,10:02:26,2024-04,GBP,Libra,6.4439,6.4452
2024-04-25,11:03:27,2024-04,GBP,Libra,6.4499,6.4512
2024-04-25,12:05:26,2024-04,GBP,Libra,6.4552,6.458
2024-04-25,15:16:13,2024-04,GBP,Libra,6.4512,6.4525
2024-04-25,15:16:13,2024-04,GBP,Libra,6.455,6.4563
2024-04-25,12:05:26,2024-04,USD,Dólar,5.1695,5.1701
2024-04-25,15:16:13,2024-04,EUR,Euro,5.5351,5.5378
2024-04-25,12:05:26,2024-04,EUR,Euro,5.5365,5.5392
2024-04-25,10:02:26,2024-04,EUR,Euro,5.5216,5.5227
2024-04-25,11:03:27,2024-04,EUR,Euro,5.5331,5.5348
2024-04-25,10:02:26,2024-04,USD,Dólar,5.1642,5.1648
2024-04-25,11:03:27,2024-04,USD,Dólar,5.1711,5.1717
2024-04-25,15:16:13,2024-04,USD,Dólar,5.1673,5.1679
2024-04-24,12:07:28,2024-04,GBP,Libra,6.4171,6.4199
2024-04-24,14:57:25,2024-04,GBP,Libra,6.412,6.4148
2024-04-24,10:10:27,2024-04,EUR,Euro,5.5086,5.5098
2024-04-24,11:06:26,2024-04,EUR,Euro,5.5145,5.5172
2024-04-24,12:07:28,2024-04,EUR,Euro,5.5173,5.5189
2024-04-24,14:57:25,2024-04,EUR,Euro,5.5113,5.514
2024-04-24,14:57:25,2024-04,EUR,Euro,5.5114,5.5142
2024-04-24,10:10:27,2024-04,GBP,Libra,6.4133,6.4146
2024-04-24,11:06:26,2024-04,GBP,Libra,6.4172,6.4185
2024-04-24,12:07:28,2024-04,AUD,Dólar Australiano,3.3516,3.353
2024-04-24,14:57:25,2024-04,GBP,Libra,6.4121,6.4149
2024-04-24,14:57:25,2024-04,AUD,Dólar Australiano,3.3448,3.3462
2024-04-24,14:57:25,2024-04,USD,Dólar,5.1586,5.1592
2024-04-24,14:57:25,2024-04,USD,Dólar,5.1585,5.1591
2024-04-24,12:07:28,2024-04,USD,Dólar,5.1626,5.1632
2024-04-24,11:06:26,2024-04,USD,Dólar,5.1581,5.1587
2024-04-24,10:10:27,2024-04,USD,Dólar,5.155,5.1556
2024-04-24,10:10:27,2024-04,AUD,Dólar Australiano,3.3497,3.3511
2024-04-24,11:06:26,2024-04,AUD,Dólar Australiano,3.3512,3.3521
2024-04-24,14:57:25,2024-04,AUD,Dólar Australiano,3.3448,3.3463
2024-04-23,15:35:21,2024-04,GBP,Libra,6.4164,6.4197
2024-04-23,11:04:28,2024-04,GBP,Libra,6.4138,6.4156
2024-04-23,12:04:28,2024-04,GBP,Libra,6.4088,6.4111
2024-04-23,15:35:21,2024-04,GBP,Libra,6.4033,6.4066
2024-04-23,11:04:28,2024-04,USD,Dólar,5.1566,5.1572
2024-04-23,12:04:28,2024-04,USD,Dólar,5.1551,5.1557
2024-04-23,15:35:21,2024-04,USD,Dólar,5.162,5.1626
2024-04-23,10:03:26,2024-04,USD,Dólar,5.1846,5.1852
2024-04-23,10:03:26,2024-04,GBP,Libra,6.4232,6.4255
2024-04-23,15:35:21,2024-04,USD,Dólar,5.1515,5.1521
2024-04-23,11:04:28,2024-04,AUD,Dólar Australiano,3.3425,3.3434
2024-04-23,15:35:21,2024-04,AUD,Dólar Australiano,3.3361,3.3391
2024-04-23,10:03:26,2024-04,EUR,Euro,5.532,5.5347
2024-04-23,12:04:28,2024-04,EUR,Euro,5.5144,5.5156
2024-04-23,12:04:28,2024-04,AUD,Dólar Australiano,3.3379,3.3409
2024-04-23,11:04:28,2024-04,EUR,Euro,5.517,5.5198
2024-04-23,15:35:21,2024-04,AUD,Dólar Australiano,3.3429,3.3459
2024-04-23,15:35:21,2024-04,EUR,Euro,5.5085,5.5112
2024-04-23,15:35:21,2024-04,EUR,Euro,5.5197,5.5224
2024-04-23,10:03:26,2024-04,AUD,Dólar Australiano,3.3461,3.3476
2024-04-22,10:05:29,2024-04,GBP,Libra,6.4175,6.4219
2024-04-22,16:00:10,2024-04,AUD,Dólar Australiano,3.3507,3.3521
2024-04-22,16:00:10,2024-04,EUR,Euro,5.5292,5.5304
2024-04-22,12:10:27,2024-04,EUR,Euro,5.5298,5.5325
2024-04-22,11:03:26,2024-04,EUR,Euro,5.5412,5.5423
2024-04-22,16:00:10,2024-04,GBP,Libra,6.4198,6.4226
2024-04-22,16:00:10,2024-04,GBP,Libra,6.4075,6.4103
2024-04-22,12:10:27,2024-04,GBP,Libra,6.4058,6.4086
2024-04-22,11:03:26,2024-04,GBP,Libra,6.4135,6.4179
2024-04-22,16:00:10,2024-04,EUR,Euro,5.5399,5.541
2024-04-22,12:10:27,2024-04,AUD,Dólar Australiano,3.3429,3.3449
2024-04-22,11:03:26,2024-04,AUD,Dólar Australiano,3.3514,3.3539
2024-04-22,10:05:29,2024-04,AUD,Dólar Australiano,3.3553,3.3577
2024-04-22,10:05:29,2024-04,USD,Dólar,5.2141,5.2147
2024-04-22,11:03:26,2024-04,USD,Dólar,5.2113,5.2119
2024-04-22,12:10:27,2024-04,USD,Dólar,5.1957,5.1963
2024-04-22,16:00:10,2024-04,USD,Dólar,5.1937,5.1943
2024-04-22,10:05:29,2024-04,EUR,Euro,5.5468,5.5495
2024-04-22,16:00:10,2024-04,USD,Dólar,5.2037,5.2043
2024-04-22,16:00:10,2024-04,AUD,Dólar Australiano,3.3442,3.3456
2024-04-19,14:59:03,2024-04,EUR,Euro,5.5496,5.5523
2024-04-19,10:03:28,2024-04,USD,Dólar,5.2505,5.2511
2024-04-19,14:59:03,2024-04,AUD,Dólar Australiano,3.3558,3.3572
2024-04-19,14:59:03,2024-04,AUD,Dólar Australiano,3.3446,3.3461
2024-04-19,12:10:27,2024-04,AUD,Dólar Australiano,3.3464,3.3478
2024-04-19,11:11:27,2024-04,AUD,Dólar Australiano,3.3593,3.3602
2024-04-19,14:59:03,2024-04,EUR,Euro,5.5681,5.5708
2024-04-19,11:11:27,2024-04,USD,Dólar,5.2334,5.234
2024-04-19,14:59:03,2024-04,GBP,Libra,6.457,6.4598
2024-04-19,12:10:27,2024-04,EUR,Euro,5.5606,5.5623
2024-04-19,11:11:27,2024-04,EUR,Euro,5.5809,5.5836
2024-04-19,10:03:28,2024-04,EUR,Euro,5.5997,5.6008
2024-04-19,14:59:03,2024-04,USD,Dólar,5.2263,5.2269
2024-04-19,10:03:28,2024-04,GBP,Libra,6.5358,6.5376
2024-04-19,11:11:27,2024-04,GBP,Libra,6.5182,6.521
2024-04-19,12:10:27,2024-04,GBP,Libra,6.4806,6.4818
2024-04-19,14:59:03,2024-04,GBP,Libra,6.4785,6.4814
2024-04-19,14:59:03,2024-04,USD,Dólar,5.2089,5.2095
2024-04-19,12:10:27,2024-04,USD,Dólar,5.2124,5.213
2024-04-19,10:03:28,2024-04,AUD,Dólar Australiano,3.3713,3.3723
2024-04-18,16:00:18,2024-04,USD,Dólar,5.2506,5.2512
2024-04-18,16:00:18,2024-04,AUD,Dólar Australiano,3.3788,3.3802
2024-04-18,10:10:26,2024-04,USD,Dólar,5.2489,5.2495
2024-04-18,11:09:26,2024-04,USD,Dólar,5.2389,5.2395
2024-04-18,12:09:27,2024-04,USD,Dólar,5.2538,5.2544
2024-04-18,16:00:18,2024-04,USD,Dólar,5.2608,5.2614
2024-04-18,10:10:26,2024-04,EUR,Euro,5.5964,5.5981
2024-04-18,16:00:18,2024-04,AUD,Dólar Australiano,3.3853,3.3868
2024-04-18,11:09:26,2024-04,EUR,Euro,5.5789,5.5816
2024-04-18,10:10:26,2024-04,GBP,Libra,6.5391,6.5419
2024-04-18,11:09:26,2024-04,GBP,Libra,6.5209,6.5237
2024-04-18,12:09:27,2024-04,GBP,Libra,6.5373,6.5386
2024-04-18,16:00:18,2024-04,GBP,Libra,6.5555,6.5583
2024-04-18,16:00:18,2024-04,GBP,Libra,6.5428,6.5456
2024-04-18,12:09:27,2024-04,AUD,Dólar Australiano,3.3792,3.3807
2024-04-18,12:09:27,2024-04,EUR,Euro,5.5963,5.5991
2024-04-18,16:00:18,2024-04,EUR,Euro,5.6075,5.6092
2024-04-18,16:00:18,2024-04,EUR,Euro,5.5966,5.5983
2024-04-18,10:10:26,2024-04,AUD,Dólar Australiano,3.3808,3.3823
2024-04-18,11:09:26,2024-04,AUD,Dólar Australiano,3.3686,3.37
2024-04-17,16:00:09,2024-04,EUR,Euro,5.5836,5.5853
2024-04-17,16:00:09,2024-04,GBP,Libra,6.5269,6.5298
2024-04-17,12:04:26,2024-04,EUR,Euro,5.5689,5.5701
2024-04-17,11:05:26,2024-04,EUR,Euro,5.5822,5.5849
2024-04-17,10:05:27,2024-04,EUR,Euro,5.5903,5.593
2024-04-17,16:00:09,2024-04,EUR,Euro,5.5832,5.5849
2024-04-17,12:04:26,2024-04,GBP,Libra,6.5176,6.5205
2024-04-17,16:00:09,2024-04,GBP,Libra,6.5264,6.5293
2024-04-17,11:05:26,2024-04,GBP,Libra,6.5358,6.537
2024-04-17,16:00:09,2024-04,USD,Dólar,5.2463,5.2469
2024-04-17,16:00:09,2024-04,USD,Dólar,5.2459,5.2465
2024-04-17,12:04:26,2024-04,USD,Dólar,5.2359,5.2365
2024-04-17,11:05:26,2024-04,USD,Dólar,5.2454,5.246
2024-04-17,10:05:27,2024-04,USD,Dólar,5.258,5.2586
2024-04-17,10:05:27,2024-04,GBP,Libra,6.5452,6.548
2024-04-17,10:05:27,2024-04,AUD,Dólar Australiano,3.3772,3.3787
2024-04-17,11:05:26,2024-04,AUD,Dólar Australiano,3.3733,3.3748
2024-04-17,12:04:26,2024-04,AUD,Dólar Australiano,3.3614,3.3624
2024-04-17,16:00:09,2024-04,AUD,Dólar Australiano,3.3663,3.3677
2024-04-17,16:00:09,2024-04,AUD,Dólar Australiano,3.3666,3.368
2024-04-16,15:50:06,2024-04,GBP,Libra,6.5432,6.5462
2024-04-16,10:02:29,2024-04,GBP,Libra,6.5279,6.5292
2024-04-16,11:09:28,2024-04,GBP,Libra,6.5498,6.5528
2024-04-16,12:03:28,2024-04,GBP,Libra,6.5706,6.5734
2024-04-16,15:50:06,2024-04,USD,Dólar,5.2628,5.2635
2024-04-16,15:50:06,2024-04,AUD,Dólar Australiano,3.3724,3.3734
2024-04-16,12:03:28,2024-04,AUD,Dólar Australiano,3.3804,3.3813
2024-04-16,15:50:06,2024-04,GBP,Libra,6.5506,6.5534
2024-04-16,15:50:06,2024-04,EUR,Euro,5.5923,5.5951
2024-04-16,15:50:06,2024-04,EUR,Euro,5.5985,5.6013
2024-04-16,12:03:28,2024-04,EUR,Euro,5.6146,5.6173
2024-04-16,10:02:29,2024-04,AUD,Dólar Australiano,3.3617,3.3626
2024-04-16,15:50:06,2024-04,AUD,Dólar Australiano,3.3762,3.3771
2024-04-16,11:09:28,2024-04,EUR,Euro,5.5917,5.5946
2024-04-16,10:02:29,2024-04,EUR,Euro,5.5738,5.5749
2024-04-16,15:50:06,2024-04,USD,Dólar,5.2687,5.2693
2024-04-16,10:02:29,2024-04,USD,Dólar,5.2395,5.2401
2024-04-16,11:09:28,2024-04,USD,Dólar,5.2613,5.262
2024-04-16,12:03:28,2024-04,USD,Dólar,5.2818,5.2824
2024-04-16,11:09:28,2024-04,AUD,Dólar Australiano,3.3662,3.3677
2024-04-15,15:59:49,2024-04,EUR,Euro,5.5067,5.5078
2024-04-15,10:03:29,2024-04,EUR,Euro,5.4873,5.4885
2024-04-15,11:07:28,2024-04,EUR,Euro,5.5103,5.513
2024-04-15,10:03:29,2024-04,AUD,Dólar Australiano,3.3391,3.3405
2024-04-15,11:07:28,2024-04,AUD,Dólar Australiano,3.3487,3.3501
2024-04-15,12:03:29,2024-04,AUD,Dólar Australiano,3.3451,3.3465
2024-04-15,15:59:49,2024-04,AUD,Dólar Australiano,3.3507,3.3516
2024-04-15,15:59:49,2024-04,AUD,Dólar Australiano,3.3465,3.3474
2024-04-15,12:03:29,2024-04,EUR,Euro,5.5052,5.5079
2024-04-15,15:59:49,2024-04,EUR,Euro,5.5135,5.5147
2024-04-15,15:59:49,2024-04,GBP,Libra,6.4553,6.4597
2024-04-15,15:59:49,2024-04,USD,Dólar,5.174,5.1746
2024-04-15,15:59:49,2024-04,USD,Dólar,5.1804,5.181
2024-04-15,12:03:29,2024-04,USD,Dólar,5.1814,5.182
2024-04-15,11:07:28,2024-04,USD,Dólar,5.1813,5.1819
2024-04-15,10:03:29,2024-04,USD,Dólar,5.1529,5.1535
2024-04-15,15:59:49,2024-04,GBP,Libra,6.4473,6.4517
2024-04-15,12:03:29,2024-04,GBP,Libra,6.4493,6.4537
2024-04-15,11:07:28,2024-04,GBP,Libra,6.46,6.4629
2024-04-15,10:03:29,2024-04,GBP,Libra,6.4313,6.4336
2024-04-12,11:05:27,2024-04,GBP,Libra,6.3911,6.3929
2024-04-12,15:00:05,2024-04,AUD,Dólar Australiano,3.3267,3.3281
2024-04-12,15:00:05,2024-04,AUD,Dólar Australiano,3.3254,3.3268
2024-04-12,15:00:05,2024-04,GBP,Libra,6.3956,6.3984
2024-04-12,15:00:05,2024-04,GBP,Libra,6.398,6.4008
2024-04-12,12:02:29,2024-04,GBP,Libra,6.3966,6.3994
2024-04-12,10:05:30,2024-04,GBP,Libra,6.3839,6.3867
2024-04-12,15:00:05,2024-04,EUR,Euro,5.4671,5.4698
2024-04-12,15:00:05,2024-04,EUR,Euro,5.4691,5.4718
2024-04-12,11:05:27,2024-04,USD,Dólar,5.1334,5.134
2024-04-12,12:02:29,2024-04,EUR,Euro,5.4684,5.4711
2024-04-12,10:05:30,2024-04,AUD,Dólar Australiano,3.3196,3.321
2024-04-12,11:05:27,2024-04,AUD,Dólar Australiano,3.3208,3.3222
2024-04-12,10:05:30,2024-04,USD,Dólar,5.1268,5.1274
2024-04-12,12:02:29,2024-04,AUD,Dólar Australiano,3.3285,3.3299
2024-04-12,12:02:29,2024-04,USD,Dólar,5.1453,5.1459
2024-04-12,15:00:05,2024-04,USD,Dólar,5.1377,5.1383
2024-04-12,15:00:05,2024-04,USD,Dólar,5.1358,5.1364
2024-04-12,10:05:30,2024-04,EUR,Euro,5.4539,5.455
2024-04-12,11:05:27,2024-04,EUR,Euro,5.4619,5.4631
2024-04-11,12:10:26,2024-04,GBP,Libra,6.3565,6.3578
2024-04-11,14:55:12,2024-04,USD,Dólar,5.0759,5.0765
2024-04-11,14:55:12,2024-04,USD,Dólar,5.0763,5.0769
2024-04-11,12:10:26,2024-04,USD,Dólar,5.0775,5.0781
2024-04-11,11:03:26,2024-04,USD,Dólar,5.0828,5.0834
2024-04-11,14:55:12,2024-04,GBP,Libra,6.3621,6.3649
2024-04-11,14:55:12,2024-04,GBP,Libra,6.3626,6.3654
2024-04-11,10:07:27,2024-04,GBP,Libra,6.3664,6.3692
2024-04-11,11:03:26,2024-04,GBP,Libra,6.3779,6.3807
2024-04-11,10:07:27,2024-04,AUD,Dólar Australiano,3.3162,3.3171
2024-04-11,11:03:26,2024-04,AUD,Dólar Australiano,3.3201,3.3215
2024-04-11,12:10:26,2024-04,AUD,Dólar Australiano,3.308,3.3109
2024-04-11,14:55:12,2024-04,AUD,Dólar Australiano,3.3113,3.3127
2024-04-11,14:55:12,2024-04,AUD,Dólar Australiano,3.311,3.3124
2024-04-11,10:07:27,2024-04,EUR,Euro,5.4422,5.4434
2024-04-11,11:03:26,2024-04,EUR,Euro,5.4549,5.4575
2024-04-11,12:10:26,2024-04,EUR,Euro,5.4344,5.4371
2024-04-11,14:55:12,2024-04,EUR,Euro,5.4418,5.4445
2024-04-11,14:55:12,2024-04,EUR,Euro,5.4414,5.444
2024-04-11,10:07:27,2024-04,USD,Dólar,5.0668,5.0674
2024-04-10,15:59:06,2024-04,AUD,Dólar Australiano,3.2957,3.2971
2024-04-10,15:59:06,2024-04,AUD,Dólar Australiano,3.3013,3.3027
2024-04-10,12:09:27,2024-04,AUD,Dólar Australiano,3.3094,3.3103
2024-04-10,11:02:27,2024-04,AUD,Dólar Australiano,3.3022,3.3036
2024-04-10,15:59:06,2024-04,GBP,Libra,6.3523,6.3545
2024-04-10,10:07:28,2024-04,AUD,Dólar Australiano,3.3122,3.3136
2024-04-10,15:59:06,2024-04,EUR,Euro,5.4371,5.4397
2024-04-10,15:59:06,2024-04,EUR,Euro,5.4463,5.449
2024-04-10,10:07:28,2024-04,USD,Dólar,5.053,5.0536
2024-04-10,11:02:27,2024-04,USD,Dólar,5.0608,5.0614
2024-04-10,12:09:27,2024-04,USD,Dólar,5.0719,5.0725
2024-04-10,15:59:06,2024-04,USD,Dólar,5.0734,5.074
2024-04-10,15:59:06,2024-04,USD,Dólar,5.0648,5.0654
2024-04-10,12:09:27,2024-04,EUR,Euro,5.4538,5.455
2024-04-10,11:02:27,2024-04,EUR,Euro,5.4404,5.4415
2024-04-10,10:07:28,2024-04,EUR,Euro,5.4466,5.4493
2024-04-10,12:09:27,2024-04,GBP,Libra,6.3718,6.3746
2024-04-10,11:02:27,2024-04,GBP,Libra,6.3584,6.3596
2024-04-10,10:07:28,2024-04,GBP,Libra,6.3718,6.3746
2024-04-10,15:59:06,2024-04,GBP,Libra,6.3631,6.3653
2024-04-09,15:50:01,2024-04,GBP,Libra,6.3444,6.3471
2024-04-09,15:50:01,2024-04,GBP,Libra,6.3412,6.344
2024-04-09,12:05:28,2024-04,AUD,Dólar Australiano,3.315,3.3164
2024-04-09,11:04:27,2024-04,AUD,Dólar Australiano,3.3249,3.3263
2024-04-09,10:03:28,2024-04,AUD,Dólar Australiano,3.321,3.3224
2024-04-09,10:03:28,2024-04,USD,Dólar,5.0091,5.0097
2024-04-09,11:04:27,2024-04,USD,Dólar,5.0096,5.0102
2024-04-09,12:05:28,2024-04,USD,Dólar,5.006,5.0066
2024-04-09,15:50:01,2024-04,USD,Dólar,5.0049,5.0055
2024-04-09,15:50:01,2024-04,USD,Dólar,5.0074,5.008
2024-04-09,15:50:01,2024-04,AUD,Dólar Australiano,3.3132,3.3146
2024-04-09,12:05:28,2024-04,GBP,Libra,6.3436,6.3464
2024-04-09,15:50:01,2024-04,EUR,Euro,5.4323,5.434
2024-04-09,11:04:27,2024-04,GBP,Libra,6.3607,6.362
2024-04-09,11:04:27,2024-04,EUR,Euro,5.4489,5.4516
2024-04-09,12:05:28,2024-04,EUR,Euro,5.4345,5.4372
2024-04-09,10:03:28,2024-04,EUR,Euro,5.4494,5.4511
2024-04-09,15:50:01,2024-04,EUR,Euro,5.435,5.4367
2024-04-09,15:50:01,2024-04,AUD,Dólar Australiano,3.3149,3.3163
2024-04-09,10:03:28,2024-04,GBP,Libra,6.3586,6.3613
2024-04-08,10:03:29,2024-04,EUR,Euro,5.4786,5.4812
2024-04-08,10:03:29,2024-04,AUD,Dólar Australiano,3.3338,3.3352
2024-04-08,11:10:27,2024-04,AUD,Dólar Australiano,3.3286,3.33
2024-04-08,12:09:26,2024-04,AUD,Dólar Australiano,3.3271,3.3285
2024-04-08,15:00:05,2024-04,AUD,Dólar Australiano,3.319,3.3214
2024-04-08,15:00:05,2024-04,EUR,Euro,5.47,5.4727
2024-04-08,15:00:05,2024-04,EUR,Euro,5.457,5.4597
2024-04-08,12:09:26,2024-04,EUR,Euro,5.47,5.4727
2024-04-08,11:10:27,2024-04,EUR,Euro,5.4662,5.4689
2024-04-08,15:00:05,2024-04,AUD,Dólar Australiano,3.3269,3.3293
2024-04-08,12:09:26,2024-04,GBP,Libra,6.3738,6.3766
2024-04-08,11:10:27,2024-04,USD,Dólar,5.038,5.0386
2024-04-08,15:00:05,2024-04,USD,Dólar,5.0415,5.0421
2024-04-08,10:03:29,2024-04,GBP,Libra,6.3848,6.3876
2024-04-08,11:10:27,2024-04,GBP,Libra,6.37,6.3728
2024-04-08,15:00:05,2024-04,GBP,Libra,6.3628,6.3641
2024-04-08,12:09:26,2024-04,USD,Dólar,5.041,5.0416
2024-04-08,15:00:05,2024-04,USD,Dólar,5.0295,5.0301
2024-04-08,10:03:29,2024-04,USD,Dólar,5.0573,5.0579
2024-04-08,15:00:05,2024-04,GBP,Libra,6.378,6.3793
2024-04-05,11:02:30,2024-04,USD,Dólar,5.0459,5.0465
2024-04-05,15:55:09,2024-04,EUR,Euro,5.4747,5.4774
2024-04-05,15:55:09,2024-04,EUR,Euro,5.4877,5.4904
2024-04-05,15:55:09,2024-04,GBP,Libra,6.3794,6.3822
2024-04-05,15:55:09,2024-04,GBP,Libra,6.3946,6.3974
2024-04-05,12:11:27,2024-04,GBP,Libra,6.3721,6.3749
2024-04-05,11:02:30,2024-04,GBP,Libra,6.3553,6.3566
2024-04-05,10:05:28,2024-04,GBP,Libra,6.3532,6.3544
2024-04-05,10:05:28,2024-04,EUR,Euro,5.4518,5.4545
2024-04-05,10:05:28,2024-04,USD,Dólar,5.0438,5.0444
2024-04-05,11:02:30,2024-04,EUR,Euro,5.4501,5.4512
2024-04-05,15:55:09,2024-04,USD,Dólar,5.0634,5.064
2024-04-05,12:11:27,2024-04,EUR,Euro,5.4657,5.4668
2024-04-05,12:11:27,2024-04,USD,Dólar,5.0524,5.053
2024-04-05,10:05:28,2024-04,AUD,Dólar Australiano,3.3097,3.3111
2024-04-05,11:02:30,2024-04,AUD,Dólar Australiano,3.3106,3.3115
2024-04-05,12:11:27,2024-04,AUD,Dólar Australiano,3.3194,3.3208
2024-04-05,15:55:09,2024-04,AUD,Dólar Australiano,3.3327,3.3341
2024-04-05,15:55:09,2024-04,AUD,Dólar Australiano,3.3248,3.3262
2024-04-05,15:55:09,2024-04,USD,Dólar,5.0514,5.052
2024-04-04,12:07:27,2024-04,USD,Dólar,5.0282,5.0288
2024-04-04,11:07:27,2024-04,USD,Dólar,5.0152,5.0158
2024-04-04,10:07:28,2024-04,EUR,Euro,5.4783,5.4795
2024-04-04,11:07:27,2024-04,EUR,Euro,5.4505,5.4532
2024-04-04,12:07:27,2024-04,EUR,Euro,5.4631,5.4658
2024-04-04,14:45:04,2024-04,EUR,Euro,5.441,5.4437
2024-04-04,14:45:04,2024-04,EUR,Euro,5.4566,5.4593
2024-04-04,14:45:04,2024-04,AUD,Dólar Australiano,3.3223,3.3232
2024-04-04,14:45:04,2024-04,AUD,Dólar Australiano,3.3128,3.3137
2024-04-04,12:07:27,2024-04,AUD,Dólar Australiano,3.3272,3.3281
2024-04-04,11:07:27,2024-04,AUD,Dólar Australiano,3.315,3.3159
2024-04-04,14:45:04,2024-04,GBP,Libra,6.3618,6.365
2024-04-04,14:45:04,2024-04,GBP,Libra,6.3435,6.3469
2024-04-04,12:07:27,2024-04,GBP,Libra,6.3687,6.3715
2024-04-04,11:07:27,2024-04,GBP,Libra,6.3543,6.357
2024-04-04,10:07:28,2024-04,GBP,Libra,6.3845,6.3873
2024-04-04,10:07:28,2024-04,AUD,Dólar Australiano,3.3342,3.3356
2024-04-04,14:45:04,2024-04,USD,Dólar,5.0231,5.0237
2024-04-04,14:45:04,2024-04,USD,Dólar,5.0087,5.0094
2024-04-04,10:07:28,2024-04,USD,Dólar,5.0403,5.0409
2024-04-03,10:04:29,2024-04,USD,Dólar,5.0683,5.0689
2024-04-03,12:11:28,2024-04,USD,Dólar,5.0735,5.0741
2024-04-03,15:35:28,2024-04,USD,Dólar,5.0619,5.0625
2024-04-03,15:35:28,2024-04,USD,Dólar,5.0718,5.0724
2024-04-03,11:10:27,2024-04,USD,Dólar,5.0836,5.0842
2024-04-03,11:10:27,2024-04,EUR,Euro,5.4888,5.4914
2024-04-03,15:35:28,2024-04,EUR,Euro,5.4902,5.4929
2024-04-03,10:04:29,2024-04,GBP,Libra,6.3719,6.3736
2024-04-03,10:04:29,2024-04,AUD,Dólar Australiano,3.302,3.3034
2024-04-03,11:10:27,2024-04,AUD,Dólar Australiano,3.3181,3.3195
2024-04-03,12:11:28,2024-04,AUD,Dólar Australiano,3.3211,3.3225
2024-04-03,15:35:28,2024-04,AUD,Dólar Australiano,3.3186,3.32
2024-04-03,15:35:28,2024-04,EUR,Euro,5.4795,5.4822
2024-04-03,15:35:28,2024-04,AUD,Dólar Australiano,3.3251,3.3265
2024-04-03,11:10:27,2024-04,GBP,Libra,6.3987,6.4015
2024-04-03,12:11:28,2024-04,GBP,Libra,6.4012,6.404
2024-04-03,10:04:29,2024-04,EUR,Euro,5.4621,5.4638
2024-04-03,15:35:28,2024-04,GBP,Libra,6.4062,6.409
2024-04-03,15:35:28,2024-04,GBP,Libra,6.3937,6.3965
2024-04-03,12:11:28,2024-04,EUR,Euro,5.49,5.4927
2024-04-02,10:07:29,2024-04,GBP,Libra,6.3399,6.3427
2024-04-02,11:09:27,2024-04,GBP,Libra,6.3277,6.3295
2024-04-02,12:04:28,2024-04,GBP,Libra,6.346,6.3473
2024-04-02,16:38:13,2024-04,GBP,Libra,6.3471,6.3505
2024-04-02,16:38:13,2024-04,GBP,Libra,6.345,6.3484
2024-04-02,16:38:13,2024-04,AUD,Dólar Australiano,3.2865,3.2875
2024-04-02,16:38:13,2024-04,AUD,Dólar Australiano,3.2876,3.2886
2024-04-02,12:04:28,2024-04,AUD,Dólar Australiano,3.2891,3.2906
2024-04-02,11:09:27,2024-04,AUD,Dólar Australiano,3.276,3.2774
2024-04-02,16:38:13,2024-04,USD,Dólar,5.0469,5.0476
2024-04-02,16:38:13,2024-04,USD,Dólar,5.0486,5.0493
2024-04-02,12:04:28,2024-04,USD,Dólar,5.0501,5.0508
2024-04-02,11:09:27,2024-04,USD,Dólar,5.0392,5.0398
2024-04-02,10:07:29,2024-04,USD,Dólar,5.0497,5.0503
2024-04-02,16:38:13,2024-04,EUR,Euro,5.434,5.4368
2024-04-02,10:07:29,2024-04,AUD,Dólar Australiano,3.2818,3.2827
2024-04-02,16:38:13,2024-04,EUR,Euro,5.4358,5.4386
2024-04-02,12:04:28,2024-04,EUR,Euro,5.4364,5.4392
2024-04-02,11:09:27,2024-04,EUR,Euro,5.4212,5.4238
2024-04-02,10:07:29,2024-04,EUR,Euro,5.4274,5.4301
2024-04-01,15:50:06,2024-04,GBP,Libra,6.3536,6.3579
2024-04-01,15:50:06,2024-04,AUD,Dólar Australiano,3.284,3.2864
2024-04-01,15:50:06,2024-04,AUD,Dólar Australiano,3.2746,3.277
2024-04-01,10:02:30,2024-04,GBP,Libra,6.3533,6.3546
2024-04-01,11:11:27,2024-04,GBP,Libra,6.3562,6.359
2024-04-01,12:11:27,2024-04,GBP,Libra,6.3511,6.3524
2024-04-01,11:11:27,2024-04,EUR,Euro,5.4401,5.4418
2024-04-01,15:50:06,2024-04,GBP,Libra,6.3355,6.3397
2024-04-01,10:02:30,2024-04,EUR,Euro,5.4299,5.4326
2024-04-01,11:11:27,2024-04,AUD,Dólar Australiano,3.2819,3.2833
2024-04-01,12:11:27,2024-04,EUR,Euro,5.4314,5.4341
2024-04-01,15:50:06,2024-04,EUR,Euro,5.438,5.4392
2024-04-01,15:50:06,2024-04,EUR,Euro,5.4225,5.4236
2024-04-01,12:11:27,2024-04,AUD,Dólar Australiano,3.2817,3.2831
2024-04-01,12:11:27,2024-04,USD,Dólar,5.0558,5.0564
2024-04-01,10:02:30,2024-04,AUD,Dólar Australiano,3.2819,3.2833
2024-04-01,10:02:30,2024-04,USD,Dólar,5.0375,5.0381
2024-04-01,11:11:27,2024-04,USD,Dólar,5.0498,5.0504
2024-04-01,15:50:06,2024-04,USD,Dólar,5.0671,5.0677
2024-04-01,15:50:06,2024-04,USD,Dólar,5.0526,5.0532
2024-03-28,10:11:29,2024-03,EUR,Euro,5.4014,5.404
2024-03-28,10:11:29,2024-03,USD,Dólar,4.9985,4.9991
2024-03-28,11:04:28,2024-03,USD,Dólar,4.9872,4.9878
2024-03-28,12:04:28,2024-03,USD,Dólar,4.9917,4.9923
2024-03-28,14:40:02,2024-03,USD,Dólar,5.0051,5.0057
2024-03-28,14:40:02,2024-03,USD,Dólar,4.9956,4.9962
2024-03-28,14:40:02,2024-03,EUR,Euro,5.3952,5.3979
2024-03-28,10:11:29,2024-03,AUD,Dólar Australiano,3.252,3.2534
2024-03-28,11:04:28,2024-03,AUD,Dólar Australiano,3.2492,3.2501
2024-03-28,12:04:28,2024-03,AUD,Dólar Australiano,3.2531,3.2545
2024-03-28,14:40:02,2024-03,GBP,Libra,6.3094,6.3122
2024-03-28,14:40:02,2024-03,GBP,Libra,6.3214,6.3242
2024-03-28,12:04:28,2024-03,GBP,Libra,6.3065,6.3088
2024-03-28,11:04:28,2024-03,GBP,Libra,6.3083,6.3096
2024-03-28,10:11:29,2024-03,GBP,Libra,6.3176,6.3204
2024-03-28,14:40:02,2024-03,EUR,Euro,5.4055,5.4082
2024-03-28,12:04:28,2024-03,EUR,Euro,5.3905,5.3922
2024-03-28,11:04:28,2024-03,EUR,Euro,5.3932,5.3948
2024-03-28,14:40:02,2024-03,AUD,Dólar Australiano,3.2648,3.2662
2024-03-28,14:40:02,2024-03,AUD,Dólar Australiano,3.2586,3.26
2024-03-27,15:15:35,2024-03,AUD,Dólar Australiano,3.2517,3.2531
2024-03-27,12:04:27,2024-03,AUD,Dólar Australiano,3.2525,3.2539
2024-03-27,10:11:30,2024-03,AUD,Dólar Australiano,3.2515,3.2534
2024-03-27,15:15:35,2024-03,AUD,Dólar Australiano,3.2475,3.2489
2024-03-27,11:03:27,2024-03,AUD,Dólar Australiano,3.2532,3.2546
2024-03-27,15:15:35,2024-03,GBP,Libra,6.2936,6.2968
2024-03-27,10:11:30,2024-03,EUR,Euro,5.3978,5.4004
2024-03-27,15:15:35,2024-03,USD,Dólar,4.985,4.9856
2024-03-27,15:15:35,2024-03,USD,Dólar,4.9786,4.9792
2024-03-27,12:04:27,2024-03,USD,Dólar,4.9831,4.9837
2024-03-27,11:03:27,2024-03,USD,Dólar,4.9881,4.9887
2024-03-27,10:11:30,2024-03,USD,Dólar,4.9901,4.9907
2024-03-27,15:15:35,2024-03,EUR,Euro,5.3928,5.3954
2024-03-27,15:15:35,2024-03,GBP,Libra,6.2855,6.2887
2024-03-27,12:04:27,2024-03,EUR,Euro,5.3882,5.3909
2024-03-27,11:03:27,2024-03,EUR,Euro,5.3946,5.3973
2024-03-27,15:15:35,2024-03,EUR,Euro,5.3858,5.3885
2024-03-27,11:03:27,2024-03,GBP,Libra,6.293,6.2957
2024-03-27,12:04:27,2024-03,GBP,Libra,6.2887,6.2914
2024-03-27,10:11:30,2024-03,GBP,Libra,6.2945,6.2973
2024-03-26,10:11:29,2024-03,GBP,Libra,6.296,6.2988
2024-03-26,11:08:26,2024-03,GBP,Libra,6.3005,6.3028
2024-03-26,15:40:45,2024-03,GBP,Libra,6.3011,6.3024
2024-03-26,15:40:45,2024-03,USD,Dólar,4.9864,4.987
2024-03-26,15:40:45,2024-03,USD,Dólar,4.9898,4.9904
2024-03-26,12:03:27,2024-03,USD,Dólar,4.989,4.9896
2024-03-26,11:08:26,2024-03,USD,Dólar,4.9846,4.9852
2024-03-26,10:11:29,2024-03,USD,Dólar,4.9822,4.9828
2024-03-26,15:40:45,2024-03,AUD,Dólar Australiano,3.2591,3.26
2024-03-26,15:40:45,2024-03,AUD,Dólar Australiano,3.2613,3.2622
2024-03-26,12:03:27,2024-03,AUD,Dólar Australiano,3.2613,3.2622
2024-03-26,12:03:27,2024-03,GBP,Libra,6.3016,6.3049
2024-03-26,15:40:45,2024-03,GBP,Libra,6.2968,6.2981
2024-03-26,11:08:26,2024-03,AUD,Dólar Australiano,3.2614,3.2628
2024-03-26,10:11:29,2024-03,AUD,Dólar Australiano,3.2618,3.2632
2024-03-26,15:40:45,2024-03,EUR,Euro,5.3983,5.4009
2024-03-26,15:40:45,2024-03,EUR,Euro,5.402,5.4046
2024-03-26,12:03:27,2024-03,EUR,Euro,5.4086,5.4097
2024-03-26,11:08:26,2024-03,EUR,Euro,5.4098,5.4109
2024-03-26,10:11:29,2024-03,EUR,Euro,5.4062,5.4073
2024-03-25,16:00:00,2024-03,AUD,Dólar Australiano,3.2595,3.2604
2024-03-25,16:00:00,2024-03,AUD,Dólar Australiano,3.2576,3.2586
2024-03-25,12:05:26,2024-03,AUD,Dólar Australiano,3.2608,3.2622
2024-03-25,11:07:27,2024-03,AUD,Dólar Australiano,3.2557,3.2565
2024-03-25,10:06:28,2024-03,AUD,Dólar Australiano,3.2654,3.2668
2024-03-25,12:05:26,2024-03,GBP,Libra,6.3028,6.3055
2024-03-25,16:00:00,2024-03,USD,Dólar,4.9863,4.9869
2024-03-25,11:07:27,2024-03,GBP,Libra,6.2928,6.2956
2024-03-25,16:00:00,2024-03,USD,Dólar,4.9834,4.9841
2024-03-25,12:05:26,2024-03,USD,Dólar,4.9844,4.985
2024-03-25,11:07:27,2024-03,USD,Dólar,4.9773,4.9779
2024-03-25,10:06:28,2024-03,USD,Dólar,4.9999,5.0005
2024-03-25,16:00:00,2024-03,GBP,Libra,6.3037,6.3064
2024-03-25,16:00:00,2024-03,GBP,Libra,6.3,6.3029
2024-03-25,16:00:00,2024-03,EUR,Euro,5.4032,5.4043
2024-03-25,16:00:00,2024-03,EUR,Euro,5.4,5.4013
2024-03-25,12:05:26,2024-03,EUR,Euro,5.4016,5.4042
2024-03-25,10:06:28,2024-03,EUR,Euro,5.4139,5.4165
2024-03-25,10:06:28,2024-03,GBP,Libra,6.3184,6.3196
2024-03-25,11:07:27,2024-03,EUR,Euro,5.3929,5.3941
2024-03-22,12:06:26,2024-03,USD,Dólar,4.9867,4.9873
2024-03-22,15:15:23,2024-03,GBP,Libra,6.2858,6.2885
2024-03-22,10:07:30,2024-03,EUR,Euro,5.4073,5.4089
2024-03-22,10:07:30,2024-03,USD,Dólar,4.9947,4.9953
2024-03-22,15:15:23,2024-03,AUD,Dólar Australiano,3.2524,3.2538
2024-03-22,15:15:23,2024-03,AUD,Dólar Australiano,3.253,3.2544
2024-03-22,12:06:26,2024-03,AUD,Dólar Australiano,3.2523,3.2537
2024-03-22,11:07:27,2024-03,AUD,Dólar Australiano,3.2535,3.2549
2024-03-22,10:07:30,2024-03,AUD,Dólar Australiano,3.2575,3.2604
2024-03-22,15:15:23,2024-03,USD,Dólar,4.9891,4.9897
2024-03-22,15:15:23,2024-03,USD,Dólar,4.9901,4.9907
2024-03-22,15:15:23,2024-03,EUR,Euro,5.3952,5.3979
2024-03-22,15:15:23,2024-03,EUR,Euro,5.3963,5.3989
2024-03-22,12:06:26,2024-03,EUR,Euro,5.3921,5.3948
2024-03-22,11:07:27,2024-03,EUR,Euro,5.3979,5.3996
2024-03-22,15:15:23,2024-03,GBP,Libra,6.287,6.2898
2024-03-22,11:07:27,2024-03,USD,Dólar,4.9847,4.9853
2024-03-22,11:07:27,2024-03,GBP,Libra,6.2907,6.2924
2024-03-22,10:07:30,2024-03,GBP,Libra,6.3023,6.3051
2024-03-22,12:06:26,2024-03,GBP,Libra,6.2852,6.288
2024-03-21,14:36:42,2024-03,EUR,Euro,5.4073,5.41
2024-03-21,12:10:27,2024-03,EUR,Euro,5.4201,5.4228
2024-03-21,11:07:26,2024-03,EUR,Euro,5.4248,5.426
2024-03-21,10:07:27,2024-03,EUR,Euro,5.4253,5.427
2024-03-21,10:07:27,2024-03,GBP,Libra,6.3324,6.3351
2024-03-21,11:07:26,2024-03,AUD,Dólar Australiano,3.2804,3.2818
2024-03-21,12:10:27,2024-03,AUD,Dólar Australiano,3.2744,3.2758
2024-03-21,14:36:42,2024-03,AUD,Dólar Australiano,3.2706,3.272
2024-03-21,14:36:42,2024-03,AUD,Dólar Australiano,3.2709,3.2723
2024-03-21,12:10:27,2024-03,GBP,Libra,6.3285,6.3313
2024-03-21,14:36:42,2024-03,GBP,Libra,6.3067,6.3094
2024-03-21,14:36:42,2024-03,GBP,Libra,6.3073,6.31
2024-03-21,11:07:26,2024-03,GBP,Libra,6.3336,6.3358
2024-03-21,10:07:27,2024-03,AUD,Dólar Australiano,3.2816,3.2829
2024-03-21,14:36:42,2024-03,EUR,Euro,5.4079,5.4105
2024-03-21,11:07:26,2024-03,USD,Dólar,4.9847,4.9853
2024-03-21,14:36:42,2024-03,USD,Dólar,4.9801,4.9807
2024-03-21,14:36:42,2024-03,USD,Dólar,4.9796,4.9802
2024-03-21,12:10:27,2024-03,USD,Dólar,4.9831,4.9837
2024-03-21,10:07:27,2024-03,USD,Dólar,4.9728,4.9734
2024-03-20,13:45:09,2024-03,GBP,Libra,6.3597,6.3625
2024-03-20,13:45:09,2024-03,GBP,Libra,6.369,6.3718
2024-03-20,13:45:09,2024-03,USD,Dólar,5.0114,5.012
2024-03-20,10:06:27,2024-03,EUR,Euro,5.4391,5.4417
2024-03-20,11:03:27,2024-03,EUR,Euro,5.4405,5.4431
2024-03-20,12:11:27,2024-03,EUR,Euro,5.4316,5.4332
2024-03-20,13:45:09,2024-03,EUR,Euro,5.4315,5.4331
2024-03-20,13:45:09,2024-03,EUR,Euro,5.4394,5.441
2024-03-20,11:03:27,2024-03,AUD,Dólar Australiano,3.2704,3.2733
2024-03-20,10:06:27,2024-03,AUD,Dólar Australiano,3.2715,3.2724
2024-03-20,11:03:27,2024-03,GBP,Libra,6.3712,6.374
2024-03-20,12:11:27,2024-03,AUD,Dólar Australiano,3.2672,3.2681
2024-03-20,13:45:09,2024-03,AUD,Dólar Australiano,3.2662,3.2676
2024-03-20,13:45:09,2024-03,AUD,Dólar Australiano,3.2709,3.2723
2024-03-20,10:06:27,2024-03,GBP,Libra,6.3678,6.3706
2024-03-20,13:45:09,2024-03,USD,Dólar,5.0041,5.0047
2024-03-20,12:11:27,2024-03,USD,Dólar,5.0065,5.0071
2024-03-20,11:03:27,2024-03,USD,Dólar,5.0175,5.0181
2024-03-20,10:06:27,2024-03,USD,Dólar,5.0176,5.0182
2024-03-20,12:11:27,2024-03,GBP,Libra,6.3598,6.3625
2024-03-19,10:03:28,2024-03,USD,Dólar,5.0439,5.0445
2024-03-19,15:40:01,2024-03,GBP,Libra,6.3889,6.3917
2024-03-19,10:03:28,2024-03,AUD,Dólar Australiano,3.2871,3.2885
2024-03-19,11:08:30,2024-03,USD,Dólar,5.0362,5.0368
2024-03-19,12:11:29,2024-03,AUD,Dólar Australiano,3.2864,3.2878
2024-03-19,15:40:01,2024-03,AUD,Dólar Australiano,3.2812,3.2826
2024-03-19,15:40:01,2024-03,AUD,Dólar Australiano,3.2861,3.2875
2024-03-19,15:40:01,2024-03,USD,Dólar,5.0346,5.0352
2024-03-19,15:40:01,2024-03,USD,Dólar,5.0271,5.0277
2024-03-19,12:11:29,2024-03,USD,Dólar,5.0312,5.0318
2024-03-19,11:08:30,2024-03,AUD,Dólar Australiano,3.2831,3.284
2024-03-19,15:40:01,2024-03,GBP,Libra,6.3985,6.4012
2024-03-19,15:40:01,2024-03,EUR,Euro,5.4661,5.4687
2024-03-19,15:40:01,2024-03,EUR,Euro,5.4579,5.4606
2024-03-19,12:11:29,2024-03,EUR,Euro,5.4639,5.4665
2024-03-19,11:08:30,2024-03,EUR,Euro,5.4658,5.468
2024-03-19,10:03:28,2024-03,EUR,Euro,5.4731,5.4743
2024-03-19,12:11:29,2024-03,GBP,Libra,6.3962,6.3989
2024-03-19,11:08:30,2024-03,GBP,Libra,6.395,6.3967
2024-03-19,10:03:28,2024-03,GBP,Libra,6.4042,6.407
2024-03-18,12:10:27,2024-03,AUD,Dólar Australiano,3.2961,3.298
2024-03-18,14:10:32,2024-03,AUD,Dólar Australiano,3.2922,3.2936
2024-03-18,14:10:32,2024-03,AUD,Dólar Australiano,3.2872,3.2886
2024-03-18,12:10:27,2024-03,EUR,Euro,5.4695,5.4722
2024-03-18,10:11:30,2024-03,EUR,Euro,5.4379,5.4406
2024-03-18,12:10:27,2024-03,USD,Dólar,5.0253,5.0259
2024-03-18,14:10:32,2024-03,USD,Dólar,5.0118,5.0124
2024-03-18,14:10:32,2024-03,USD,Dólar,5.0194,5.02
2024-03-18,10:11:30,2024-03,AUD,Dólar Australiano,3.2797,3.2811
2024-03-18,11:11:26,2024-03,USD,Dólar,5.0091,5.0097
2024-03-18,10:11:30,2024-03,USD,Dólar,4.9935,4.9941
2024-03-18,11:11:26,2024-03,AUD,Dólar Australiano,3.2875,3.2889
2024-03-18,11:11:26,2024-03,EUR,Euro,5.4534,5.4561
2024-03-18,10:11:30,2024-03,GBP,Libra,6.3582,6.3615
2024-03-18,14:10:32,2024-03,EUR,Euro,5.4543,5.457
2024-03-18,14:10:32,2024-03,GBP,Libra,6.38,6.3828
2024-03-18,14:10:32,2024-03,GBP,Libra,6.3897,6.3925
2024-03-18,12:10:27,2024-03,GBP,Libra,6.3942,6.397
2024-03-18,11:11:26,2024-03,GBP,Libra,6.3781,6.3794
2024-03-18,14:10:32,2024-03,EUR,Euro,5.4626,5.4653
2024-03-15,15:16:04,2024-03,AUD,Dólar Australiano,3.2785,3.2799
2024-03-15,11:02:26,2024-03,GBP,Libra,6.3626,6.3653
2024-03-15,10:06:28,2024-03,USD,Dólar,4.9976,4.9982
2024-03-15,11:02:26,2024-03,USD,Dólar,4.993,4.9936
2024-03-15,12:08:26,2024-03,USD,Dólar,4.9862,4.9868
2024-03-15,15:16:04,2024-03,USD,Dólar,4.9955,4.9961
2024-03-15,15:16:04,2024-03,USD,Dólar,4.9931,4.9937
2024-03-15,15:16:04,2024-03,AUD,Dólar Australiano,3.28,3.2814
2024-03-15,10:06:28,2024-03,GBP,Libra,6.3699,6.3727
2024-03-15,12:08:26,2024-03,GBP,Libra,6.3529,6.3562
2024-03-15,15:16:04,2024-03,GBP,Libra,6.3628,6.3655
2024-03-15,15:16:04,2024-03,GBP,Libra,6.3597,6.3625
2024-03-15,10:06:28,2024-03,EUR,Euro,5.4399,5.4425
2024-03-15,11:02:26,2024-03,EUR,Euro,5.4354,5.437
2024-03-15,12:08:26,2024-03,EUR,Euro,5.428,5.4306
2024-03-15,15:16:04,2024-03,EUR,Euro,5.4376,5.4403
2024-03-15,15:16:04,2024-03,EUR,Euro,5.435,5.4376
2024-03-15,10:06:28,2024-03,AUD,Dólar Australiano,3.2799,3.2808
2024-03-15,11:02:26,2024-03,AUD,Dólar Australiano,3.2769,3.2783
2024-03-15,12:08:26,2024-03,AUD,Dólar Australiano,3.2724,3.2753
2024-03-14,14:45:30,2024-03,GBP,Libra,6.3432,6.3444
2024-03-14,14:45:30,2024-03,GBP,Libra,6.3494,6.3507
2024-03-14,12:11:26,2024-03,GBP,Libra,6.3496,6.3508
2024-03-14,14:45:30,2024-03,USD,Dólar,4.9811,4.9817
2024-03-14,14:45:30,2024-03,USD,Dólar,4.9762,4.9768
2024-03-14,14:45:30,2024-03,AUD,Dólar Australiano,3.2791,3.2804
2024-03-14,12:11:26,2024-03,USD,Dólar,4.9785,4.9791
2024-03-14,11:03:27,2024-03,USD,Dólar,4.9799,4.9805
2024-03-14,10:08:30,2024-03,AUD,Dólar Australiano,3.2836,3.285
2024-03-14,11:03:27,2024-03,AUD,Dólar Australiano,3.2862,3.2876
2024-03-14,12:11:26,2024-03,AUD,Dólar Australiano,3.2788,3.2797
2024-03-14,14:45:30,2024-03,AUD,Dólar Australiano,3.2758,3.2772
2024-03-14,14:45:30,2024-03,EUR,Euro,5.4176,5.4187
2024-03-14,14:45:30,2024-03,EUR,Euro,5.4229,5.4241
2024-03-14,12:11:26,2024-03,EUR,Euro,5.4246,5.4272
2024-03-14,11:03:27,2024-03,EUR,Euro,5.4336,5.4352
2024-03-14,10:08:30,2024-03,EUR,Euro,5.4262,5.4288
2024-03-14,10:08:30,2024-03,GBP,Libra,6.3527,6.354
2024-03-14,11:03:27,2024-03,GBP,Libra,6.3613,6.3626
2024-03-14,10:08:30,2024-03,USD,Dólar,4.9654,4.966
2024-03-13,12:03:26,2024-03,EUR,Euro,5.4469,5.448
2024-03-13,15:55:01,2024-03,USD,Dólar,4.9797,4.9803
2024-03-13,10:05:27,2024-03,AUD,Dólar Australiano,3.2913,3.2927
2024-03-13,11:05:26,2024-03,AUD,Dólar Australiano,3.2957,3.2971
2024-03-13,12:03:26,2024-03,AUD,Dólar Australiano,3.2947,3.2961
2024-03-13,15:55:01,2024-03,AUD,Dólar Australiano,3.296,3.2974
2024-03-13,12:03:26,2024-03,USD,Dólar,4.9784,4.979
2024-03-13,15:55:01,2024-03,USD,Dólar,4.9781,4.9787
2024-03-13,15:55:01,2024-03,EUR,Euro,5.4475,5.4487
2024-03-13,11:05:26,2024-03,USD,Dólar,4.9829,4.9835
2024-03-13,10:05:27,2024-03,USD,Dólar,4.9793,4.9799
2024-03-13,10:05:27,2024-03,EUR,Euro,5.4454,5.4465
2024-03-13,15:55:01,2024-03,EUR,Euro,5.4493,5.4504
2024-03-13,11:05:26,2024-03,EUR,Euro,5.4498,5.4515
2024-03-13,15:55:01,2024-03,AUD,Dólar Australiano,3.2971,3.2985
2024-03-13,10:05:27,2024-03,GBP,Libra,6.372,6.3758
2024-03-13,11:05:26,2024-03,GBP,Libra,6.3731,6.3749
2024-03-13,15:55:01,2024-03,GBP,Libra,6.372,6.3733
2024-03-13,15:55:01,2024-03,GBP,Libra,6.37,6.3712
2024-03-13,12:03:26,2024-03,GBP,Libra,6.3724,6.3751
2024-03-12,11:05:27,2024-03,EUR,Euro,5.4344,5.436
2024-03-12,12:04:26,2024-03,EUR,Euro,5.4362,5.4389
2024-03-12,14:50:50,2024-03,EUR,Euro,5.4378,5.4405
2024-03-12,14:50:50,2024-03,EUR,Euro,5.4369,5.4396
2024-03-12,14:50:50,2024-03,GBP,Libra,6.3663,6.3691
2024-03-12,14:50:50,2024-03,USD,Dólar,4.9807,4.9813
2024-03-12,14:50:50,2024-03,GBP,Libra,6.3674,6.3701
2024-03-12,12:04:26,2024-03,GBP,Libra,6.3601,6.3629
2024-03-12,11:05:27,2024-03,GBP,Libra,6.3557,6.358
2024-03-12,10:02:27,2024-03,GBP,Libra,6.3596,6.3624
2024-03-12,10:02:27,2024-03,USD,Dólar,4.9805,4.9811
2024-03-12,11:05:27,2024-03,USD,Dólar,4.9802,4.9808
2024-03-12,12:04:26,2024-03,USD,Dólar,4.9805,4.9811
2024-03-12,10:02:27,2024-03,EUR,Euro,5.4377,5.4404
2024-03-12,14:50:50,2024-03,USD,Dólar,4.9815,4.9821
2024-03-12,14:50:50,2024-03,AUD,Dólar Australiano,3.2868,3.2882
2024-03-12,14:50:50,2024-03,AUD,Dólar Australiano,3.2873,3.2887
2024-03-12,12:04:26,2024-03,AUD,Dólar Australiano,3.2851,3.286
2024-03-12,11:05:27,2024-03,AUD,Dólar Australiano,3.2849,3.2873
2024-03-12,10:02:27,2024-03,AUD,Dólar Australiano,3.2926,3.294
2024-03-11,11:05:34,2024-03,USD,Dólar,4.9723,4.9729
2024-03-11,15:31:13,2024-03,AUD,Dólar Australiano,3.2884,3.2898
2024-03-11,15:31:13,2024-03,USD,Dólar,4.9771,4.9777
2024-03-11,10:02:28,2024-03,GBP,Libra,6.4055,6.4082
2024-03-11,11:05:34,2024-03,GBP,Libra,6.375,6.3792
2024-03-11,12:05:27,2024-03,GBP,Libra,6.3639,6.3667
2024-03-11,15:31:13,2024-03,GBP,Libra,6.3693,6.3721
2024-03-11,15:31:13,2024-03,GBP,Libra,6.3727,6.3754
2024-03-11,12:05:27,2024-03,USD,Dólar,4.9664,4.967
2024-03-11,15:31:13,2024-03,USD,Dólar,4.9745,4.9751
2024-03-11,15:31:13,2024-03,AUD,Dólar Australiano,3.2867,3.288
2024-03-11,12:05:27,2024-03,AUD,Dólar Australiano,3.2803,3.2832
2024-03-11,10:02:28,2024-03,EUR,Euro,5.4589,5.4615
2024-03-11,11:05:34,2024-03,EUR,Euro,5.4293,5.4304
2024-03-11,12:05:27,2024-03,EUR,Euro,5.4253,5.4269
2024-03-11,15:31:13,2024-03,EUR,Euro,5.4346,5.4373
2024-03-11,10:02:28,2024-03,USD,Dólar,4.9953,4.9959
2024-03-11,10:02:28,2024-03,AUD,Dólar Australiano,3.2969,3.2983
2024-03-11,11:05:34,2024-03,AUD,Dólar Australiano,3.2817,3.2836
2024-03-11,15:31:13,2024-03,EUR,Euro,5.4375,5.4401
2024-03-08,12:06:26,2024-03,AUD,Dólar Australiano,3.307,3.3084
2024-03-08,15:00:11,2024-03,USD,Dólar,4.9734,4.974
2024-03-08,12:06:26,2024-03,USD,Dólar,4.9759,4.9765
2024-03-08,11:05:28,2024-03,USD,Dólar,4.9826,4.9832
2024-03-08,10:10:29,2024-03,USD,Dólar,4.9661,4.9667
2024-03-08,11:05:28,2024-03,AUD,Dólar Australiano,3.3104,3.3113
2024-03-08,10:10:29,2024-03,AUD,Dólar Australiano,3.2965,3.2994
2024-03-08,15:00:11,2024-03,USD,Dólar,4.9745,4.9751
2024-03-08,10:10:29,2024-03,GBP,Libra,6.376,6.3772
2024-03-08,15:00:11,2024-03,EUR,Euro,5.4508,5.4525
2024-03-08,15:00:11,2024-03,AUD,Dólar Australiano,3.3036,3.3045
2024-03-08,15:00:11,2024-03,AUD,Dólar Australiano,3.3028,3.3037
2024-03-08,11:05:28,2024-03,GBP,Libra,6.4096,6.4129
2024-03-08,11:05:28,2024-03,EUR,Euro,5.4599,5.4611
2024-03-08,12:06:26,2024-03,EUR,Euro,5.4526,5.4552
2024-03-08,10:10:29,2024-03,EUR,Euro,5.4279,5.4306
2024-03-08,15:00:11,2024-03,EUR,Euro,5.4521,5.4537
2024-03-08,15:00:11,2024-03,GBP,Libra,6.4067,6.4099
2024-03-08,15:00:11,2024-03,GBP,Libra,6.4052,6.4085
2024-03-08,12:06:26,2024-03,GBP,Libra,6.4085,6.4112
2024-03-07,10:03:26,2024-03,AUD,Dólar Australiano,3.2604,3.2617
2024-03-07,15:18:18,2024-03,GBP,Libra,6.3114,6.3141
2024-03-07,15:18:18,2024-03,GBP,Libra,6.3086,6.3113
2024-03-07,12:08:26,2024-03,GBP,Libra,6.3029,6.3042
2024-03-07,15:18:18,2024-03,AUD,Dólar Australiano,3.2645,3.2674
2024-03-07,15:18:18,2024-03,AUD,Dólar Australiano,3.2631,3.2659
2024-03-07,12:08:26,2024-03,AUD,Dólar Australiano,3.263,3.2644
2024-03-07,11:10:27,2024-03,AUD,Dólar Australiano,3.2614,3.2642
2024-03-07,15:18:18,2024-03,USD,Dólar,4.9336,4.9342
2024-03-07,10:03:26,2024-03,USD,Dólar,4.9377,4.9383
2024-03-07,11:10:27,2024-03,USD,Dólar,4.9355,4.9361
2024-03-07,10:03:26,2024-03,EUR,Euro,5.3781,5.3808
2024-03-07,11:10:27,2024-03,EUR,Euro,5.3664,5.368
2024-03-07,12:08:26,2024-03,EUR,Euro,5.3882,5.3893
2024-03-07,15:18:18,2024-03,EUR,Euro,5.3914,5.3941
2024-03-07,15:18:18,2024-03,EUR,Euro,5.3938,5.3965
2024-03-07,10:03:26,2024-03,GBP,Libra,6.2946,6.2973
2024-03-07,15:18:18,2024-03,USD,Dólar,4.9358,4.9364
2024-03-07,12:08:26,2024-03,USD,Dólar,4.9365,4.9371
2024-03-07,11:10:27,2024-03,GBP,Libra,6.2937,6.2965
2024-03-06,12:10:27,2024-03,USD,Dólar,4.9425,4.9431
2024-03-06,14:56:03,2024-03,EUR,Euro,5.3862,5.3873
2024-03-06,14:56:03,2024-03,EUR,Euro,5.3865,5.3877
2024-03-06,12:10:27,2024-03,EUR,Euro,5.3789,5.3801
2024-03-06,11:03:26,2024-03,EUR,Euro,5.3702,5.3728
2024-03-06,10:07:28,2024-03,GBP,Libra,6.2767,6.2794
2024-03-06,10:07:28,2024-03,EUR,Euro,5.3691,5.3708
2024-03-06,11:03:26,2024-03,GBP,Libra,6.2782,6.2809
2024-03-06,12:10:27,2024-03,GBP,Libra,6.2854,6.2876
2024-03-06,11:03:26,2024-03,USD,Dólar,4.9345,4.9351
2024-03-06,14:56:03,2024-03,USD,Dólar,4.9392,4.9398
2024-03-06,14:56:03,2024-03,USD,Dólar,4.9395,4.9401
2024-03-06,14:56:03,2024-03,AUD,Dólar Australiano,3.2421,3.245
2024-03-06,14:56:03,2024-03,AUD,Dólar Australiano,3.2423,3.2452
2024-03-06,12:10:27,2024-03,AUD,Dólar Australiano,3.2363,3.2377
2024-03-06,11:03:26,2024-03,AUD,Dólar Australiano,3.2277,3.2285
2024-03-06,10:07:28,2024-03,AUD,Dólar Australiano,3.2201,3.2229
2024-03-06,14:56:03,2024-03,GBP,Libra,6.2939,6.2952
2024-03-06,14:56:03,2024-03,GBP,Libra,6.2935,6.2948
2024-03-06,10:07:28,2024-03,USD,Dólar,4.9403,4.9409
2024-03-05,15:43:56,2024-03,EUR,Euro,5.3752,5.3778
2024-03-05,15:43:56,2024-03,EUR,Euro,5.3787,5.3813
2024-03-05,12:04:27,2024-03,EUR,Euro,5.3698,5.3724
2024-03-05,11:05:26,2024-03,EUR,Euro,5.3692,5.3718
2024-03-05,10:11:27,2024-03,EUR,Euro,5.3683,5.3709
2024-03-05,15:43:56,2024-03,GBP,Libra,6.2991,6.3018
2024-03-05,15:43:56,2024-03,USD,Dólar,4.9482,4.9488
2024-03-05,15:43:56,2024-03,USD,Dólar,4.945,4.9456
2024-03-05,12:04:27,2024-03,USD,Dólar,4.9464,4.947
2024-03-05,10:11:27,2024-03,USD,Dólar,4.95,4.9506
2024-03-05,11:05:26,2024-03,GBP,Libra,6.2827,6.2854
2024-03-05,10:11:27,2024-03,GBP,Libra,6.2756,6.2784
2024-03-05,12:04:27,2024-03,GBP,Libra,6.2889,6.2921
2024-03-05,15:43:56,2024-03,GBP,Libra,6.295,6.2977
2024-03-05,15:43:56,2024-03,AUD,Dólar Australiano,3.2267,3.2276
2024-03-05,15:43:56,2024-03,AUD,Dólar Australiano,3.2246,3.2255
2024-03-05,12:04:27,2024-03,AUD,Dólar Australiano,3.2161,3.2175
2024-03-05,11:05:26,2024-03,AUD,Dólar Australiano,3.2149,3.2163
2024-03-05,10:11:27,2024-03,AUD,Dólar Australiano,3.2121,3.2129
2024-03-05,11:05:26,2024-03,USD,Dólar,4.9513,4.9519
2024-03-04,14:42:02,2024-03,EUR,Euro,5.3728,5.3755
2024-03-04,10:10:31,2024-03,GBP,Libra,6.2751,6.2793
2024-03-04,11:10:27,2024-03,EUR,Euro,5.3642,5.3659
2024-03-04,10:10:31,2024-03,EUR,Euro,5.3698,5.3709
2024-03-04,14:42:02,2024-03,EUR,Euro,5.3692,5.3719
2024-03-04,14:42:02,2024-03,AUD,Dólar Australiano,3.2239,3.2263
2024-03-04,14:42:02,2024-03,AUD,Dólar Australiano,3.2217,3.2241
2024-03-04,12:03:27,2024-03,AUD,Dólar Australiano,3.2247,3.2261
2024-03-04,11:10:27,2024-03,AUD,Dólar Australiano,3.2221,3.2235
2024-03-04,10:10:31,2024-03,AUD,Dólar Australiano,3.2274,3.2298
2024-03-04,12:03:27,2024-03,GBP,Libra,6.2767,6.281
2024-03-04,11:10:27,2024-03,GBP,Libra,6.2686,6.2704
2024-03-04,12:03:27,2024-03,EUR,Euro,5.3715,5.3732
2024-03-04,14:42:02,2024-03,GBP,Libra,6.2759,6.2791
2024-03-04,14:42:02,2024-03,USD,Dólar,4.9469,4.9475
2024-03-04,14:42:02,2024-03,GBP,Libra,6.2801,6.2833
2024-03-04,10:10:31,2024-03,USD,Dólar,4.9523,4.9529
2024-03-04,11:10:27,2024-03,USD,Dólar,4.9449,4.9455
2024-03-04,14:42:02,2024-03,USD,Dólar,4.9436,4.9442
2024-03-04,12:03:27,2024-03,USD,Dólar,4.9466,4.9472
2024-03-01,16:03:40,2024-03,AUD,Dólar Australiano,3.2387,3.2401
2024-03-01,16:03:40,2024-03,AUD,Dólar Australiano,3.2323,3.2336
2024-03-01,12:07:27,2024-03,AUD,Dólar Australiano,3.2297,3.2321
2024-03-01,10:10:26,2024-03,GBP,Libra,6.2639,6.2666
2024-03-01,11:09:26,2024-03,AUD,Dólar Australiano,3.2237,3.2251
2024-03-01,10:10:26,2024-03,AUD,Dólar Australiano,3.224,3.2253
2024-03-01,16:03:40,2024-03,USD,Dólar,4.959,4.9596
2024-03-01,16:03:40,2024-03,USD,Dólar,4.9491,4.9497
2024-03-01,16:03:40,2024-03,GBP,Libra,6.2736,6.2764
2024-03-01,11:09:26,2024-03,USD,Dólar,4.9619,4.9625
2024-03-01,10:10:26,2024-03,USD,Dólar,4.9607,4.9613
2024-03-01,12:07:27,2024-03,GBP,Libra,6.2544,6.2576
2024-03-01,11:09:26,2024-03,GBP,Libra,6.2669,6.2681
2024-03-01,12:07:27,2024-03,USD,Dólar,4.9642,4.9648
2024-03-01,10:10:26,2024-03,EUR,Euro,5.363,5.3656
2024-03-01,16:03:40,2024-03,GBP,Libra,6.2611,6.2638
2024-03-01,11:09:26,2024-03,EUR,Euro,5.3643,5.3669
2024-03-01,12:07:27,2024-03,EUR,Euro,5.3613,5.3625
2024-03-01,16:03:40,2024-03,EUR,Euro,5.3614,5.364
2024-03-01,16:03:40,2024-03,EUR,Euro,5.3721,5.3747
2024-02-29,11:08:28,2024-02,USD,Dólar,4.988,4.9886
2024-02-29,12:07:28,2024-02,USD,Dólar,4.9757,4.9763
2024-02-29,14:45:45,2024-02,GBP,Libra,6.3021,6.3049
2024-02-29,11:08:28,2024-02,EUR,Euro,5.4055,5.4071
2024-02-29,14:45:45,2024-02,GBP,Libra,6.2852,6.2879
2024-02-29,12:07:28,2024-02,GBP,Libra,6.3042,6.3055
2024-02-29,11:08:28,2024-02,GBP,Libra,6.3103,6.3126
2024-02-29,10:05:27,2024-02,GBP,Libra,6.3178,6.3206
2024-02-29,14:45:45,2024-02,USD,Dólar,4.9827,4.9833
2024-02-29,14:45:45,2024-02,EUR,Euro,5.3768,5.3794
2024-02-29,14:45:45,2024-02,EUR,Euro,5.3913,5.3939
2024-02-29,12:07:28,2024-02,EUR,Euro,5.3981,5.3993
2024-02-29,10:05:27,2024-02,USD,Dólar,4.9979,4.9985
2024-02-29,14:45:45,2024-02,USD,Dólar,4.9693,4.9699
2024-02-29,10:05:27,2024-02,EUR,Euro,5.4117,5.4144
2024-02-29,14:45:45,2024-02,AUD,Dólar Australiano,3.2442,3.2451
2024-02-29,14:45:45,2024-02,AUD,Dólar Australiano,3.2355,3.2364
2024-02-29,12:07:28,2024-02,AUD,Dólar Australiano,3.2466,3.248
2024-02-29,11:08:28,2024-02,AUD,Dólar Australiano,3.2472,3.2486
2024-02-29,10:05:27,2024-02,AUD,Dólar Australiano,3.2426,3.2435
2024-02-28,15:24:17,2024-02,USD,Dólar,4.9551,4.9557
2024-02-28,15:24:17,2024-02,USD,Dólar,4.9551,4.9557
2024-02-28,11:04:34,2024-02,EUR,Euro,5.3666,5.3692
2024-02-28,10:07:51,2024-02,EUR,Euro,5.3495,5.3521
2024-02-28,11:04:34,2024-02,USD,Dólar,4.9571,4.9577
2024-02-28,15:24:17,2024-02,AUD,Dólar Australiano,3.2173,3.2182
2024-02-28,15:24:17,2024-02,AUD,Dólar Australiano,3.2173,3.2182
2024-02-28,12:15:21,2024-02,AUD,Dólar Australiano,3.2193,3.2202
2024-02-28,11:04:34,2024-02,AUD,Dólar Australiano,3.2191,3.2205
2024-02-28,10:07:51,2024-02,AUD,Dólar Australiano,3.213,3.2144
2024-02-28,12:15:21,2024-02,USD,Dólar,4.9581,4.9587
2024-02-28,10:07:51,2024-02,USD,Dólar,4.95,4.9506
2024-02-28,12:15:21,2024-02,GBP,Libra,6.272,6.2733
2024-02-28,15:24:17,2024-02,GBP,Libra,6.2682,6.2719
2024-02-28,10:07:51,2024-02,GBP,Libra,6.2514,6.2541
2024-02-28,15:24:17,2024-02,EUR,Euro,5.3674,5.369
2024-02-28,11:04:34,2024-02,GBP,Libra,6.2668,6.2695
2024-02-28,15:24:17,2024-02,EUR,Euro,5.3674,5.369
2024-02-28,15:24:17,2024-02,GBP,Libra,6.2682,6.2719
2024-02-28,12:15:21,2024-02,EUR,Euro,5.3691,5.3718
2024-02-27,15:46:53,2024-02,AUD,Dólar Australiano,3.2368,3.2377
2024-02-27,12:05:26,2024-02,AUD,Dólar Australiano,3.2375,3.2388
2024-02-27,12:05:26,2024-02,GBP,Libra,6.2668,6.2695
2024-02-27,11:07:27,2024-02,AUD,Dólar Australiano,3.2531,3.256
2024-02-27,10:04:27,2024-02,AUD,Dólar Australiano,3.2557,3.2585
2024-02-27,15:46:53,2024-02,GBP,Libra,6.2713,6.274
2024-02-27,15:46:53,2024-02,GBP,Libra,6.2858,6.2886
2024-02-27,15:46:53,2024-02,EUR,Euro,5.3643,5.3654
2024-02-27,15:46:53,2024-02,EUR,Euro,5.3767,5.3779
2024-02-27,12:05:26,2024-02,EUR,Euro,5.3615,5.3641
2024-02-27,11:07:27,2024-02,EUR,Euro,5.3889,5.391
2024-02-27,10:04:27,2024-02,EUR,Euro,5.3946,5.3972
2024-02-27,11:07:27,2024-02,GBP,Libra,6.2996,6.3023
2024-02-27,10:04:27,2024-02,GBP,Libra,6.3006,6.3033
2024-02-27,15:46:53,2024-02,USD,Dólar,4.9569,4.9575
2024-02-27,15:46:53,2024-02,USD,Dólar,4.9454,4.946
2024-02-27,12:05:26,2024-02,USD,Dólar,4.9442,4.9448
2024-02-27,11:07:27,2024-02,USD,Dólar,4.9681,4.9687
2024-02-27,10:04:27,2024-02,USD,Dólar,4.9697,4.9703
2024-02-27,15:46:53,2024-02,AUD,Dólar Australiano,3.2443,3.2452
2024-02-26,10:11:29,2024-02,GBP,Libra,6.3239,6.3266
2024-02-26,14:20:09,2024-02,USD,Dólar,4.9806,4.9812
2024-02-26,12:02:29,2024-02,GBP,Libra,6.3087,6.3109
2024-02-26,14:20:09,2024-02,AUD,Dólar Australiano,3.2568,3.2582
2024-02-26,14:20:09,2024-02,AUD,Dólar Australiano,3.2563,3.2577
2024-02-26,12:02:29,2024-02,AUD,Dólar Australiano,3.2528,3.2542
2024-02-26,11:11:29,2024-02,AUD,Dólar Australiano,3.2671,3.2685
2024-02-26,11:11:29,2024-02,GBP,Libra,6.3283,6.3296
2024-02-26,10:11:29,2024-02,AUD,Dólar Australiano,3.2654,3.2668
2024-02-26,14:20:09,2024-02,GBP,Libra,6.3154,6.3196
2024-02-26,14:20:09,2024-02,GBP,Libra,6.3163,6.3205
2024-02-26,14:20:09,2024-02,EUR,Euro,5.4044,5.4056
2024-02-26,12:02:29,2024-02,EUR,Euro,5.3958,5.3975
2024-02-26,11:11:29,2024-02,EUR,Euro,5.4107,5.4134
2024-02-26,10:11:29,2024-02,EUR,Euro,5.4089,5.4116
2024-02-26,14:20:09,2024-02,USD,Dólar,4.9813,4.9819
2024-02-26,14:20:09,2024-02,EUR,Euro,5.4052,5.4064
2024-02-26,10:11:29,2024-02,USD,Dólar,4.9861,4.9867
2024-02-26,11:11:29,2024-02,USD,Dólar,4.9841,4.9847
2024-02-26,12:02:29,2024-02,USD,Dólar,4.9745,4.9751
2024-02-23,12:07:27,2024-02,AUD,Dólar Australiano,3.2814,3.2828
2024-02-23,10:11:27,2024-02,AUD,Dólar Australiano,3.27,3.2713
2024-02-23,15:22:33,2024-02,AUD,Dólar Australiano,3.2724,3.2738
2024-02-23,11:05:27,2024-02,AUD,Dólar Australiano,3.2745,3.2759
2024-02-23,11:05:27,2024-02,EUR,Euro,5.3953,5.3979
2024-02-23,15:22:33,2024-02,AUD,Dólar Australiano,3.2693,3.2707
2024-02-23,11:05:27,2024-02,USD,Dólar,4.9818,4.9824
2024-02-23,11:05:27,2024-02,GBP,Libra,6.3229,6.3257
2024-02-23,12:07:27,2024-02,GBP,Libra,6.3385,6.3418
2024-02-23,15:22:33,2024-02,GBP,Libra,6.3243,6.3271
2024-02-23,15:22:33,2024-02,GBP,Libra,6.3184,6.3211
2024-02-23,10:11:27,2024-02,EUR,Euro,5.3864,5.3891
2024-02-23,10:11:27,2024-02,GBP,Libra,6.3127,6.3154
2024-02-23,10:11:27,2024-02,USD,Dólar,4.9718,4.9724
2024-02-23,12:07:27,2024-02,USD,Dólar,4.9953,4.9959
2024-02-23,15:22:33,2024-02,USD,Dólar,4.9892,4.9898
2024-02-23,15:22:33,2024-02,USD,Dólar,4.9845,4.9851
2024-02-23,12:07:27,2024-02,EUR,Euro,5.4069,5.4096
2024-02-23,15:22:33,2024-02,EUR,Euro,5.4003,5.403
2024-02-23,15:22:33,2024-02,EUR,Euro,5.3952,5.3979
2024-02-22,14:54:54,2024-02,EUR,Euro,5.3406,5.3432
2024-02-22,14:54:54,2024-02,EUR,Euro,5.3437,5.3463
2024-02-22,12:07:28,2024-02,EUR,Euro,5.3493,5.3519
2024-02-22,14:54:54,2024-02,GBP,Libra,6.2359,6.2377
2024-02-22,11:05:27,2024-02,EUR,Euro,5.3474,5.3486
2024-02-22,11:05:27,2024-02,USD,Dólar,4.9408,4.9414
2024-02-22,10:05:27,2024-02,AUD,Dólar Australiano,3.2406,3.242
2024-02-22,14:54:54,2024-02,USD,Dólar,4.9413,4.9419
2024-02-22,14:54:54,2024-02,GBP,Libra,6.2396,6.2413
2024-02-22,12:07:28,2024-02,GBP,Libra,6.2461,6.2488
2024-02-22,11:05:27,2024-02,GBP,Libra,6.2387,6.241
2024-02-22,10:05:27,2024-02,GBP,Libra,6.2503,6.2515
2024-02-22,14:54:54,2024-02,USD,Dólar,4.9442,4.9448
2024-02-22,12:07:28,2024-02,USD,Dólar,4.9462,4.9468
2024-02-22,10:05:27,2024-02,EUR,Euro,5.3493,5.352
2024-02-22,10:05:27,2024-02,USD,Dólar,4.9339,4.9345
2024-02-22,14:54:54,2024-02,AUD,Dólar Australiano,3.2336,3.235
2024-02-22,14:54:54,2024-02,AUD,Dólar Australiano,3.2355,3.2369
2024-02-22,12:07:28,2024-02,AUD,Dólar Australiano,3.2432,3.2446
2024-02-22,11:05:27,2024-02,AUD,Dólar Australiano,3.2372,3.2386
2024-02-21,11:03:26,2024-02,EUR,Euro,5.3286,5.3312
2024-02-21,16:55:39,2024-02,EUR,Euro,5.3311,5.3337
2024-02-21,16:55:39,2024-02,EUR,Euro,5.3256,5.3282
2024-02-21,12:03:26,2024-02,EUR,Euro,5.329,5.3316
2024-02-21,16:55:39,2024-02,USD,Dólar,4.9297,4.9303
2024-02-21,16:55:39,2024-02,USD,Dólar,4.9348,4.9354
2024-02-21,12:03:26,2024-02,USD,Dólar,4.9292,4.9298
2024-02-21,11:03:26,2024-02,USD,Dólar,4.9302,4.9308
2024-02-21,10:06:27,2024-02,USD,Dólar,4.9246,4.9252
2024-02-21,10:06:27,2024-02,EUR,Euro,5.3196,5.3217
2024-02-21,12:03:26,2024-02,AUD,Dólar Australiano,3.2291,3.23
2024-02-21,11:03:26,2024-02,GBP,Libra,6.2229,6.2256
2024-02-21,12:03:26,2024-02,GBP,Libra,6.2221,6.2239
2024-02-21,10:06:27,2024-02,AUD,Dólar Australiano,3.2251,3.228
2024-02-21,11:03:26,2024-02,AUD,Dólar Australiano,3.2308,3.2316
2024-02-21,16:55:39,2024-02,AUD,Dólar Australiano,3.2288,3.2297
2024-02-21,16:55:39,2024-02,AUD,Dólar Australiano,3.2255,3.2264
2024-02-21,16:55:39,2024-02,GBP,Libra,6.2228,6.2255
2024-02-21,16:55:39,2024-02,GBP,Libra,6.2164,6.2191
2024-02-21,10:06:27,2024-02,GBP,Libra,6.2124,6.2151
2024-02-20,16:53:02,2024-02,EUR,Euro,5.3412,5.3423
2024-02-20,10:12:38,2024-02,GBP,Libra,6.2428,6.2456
2024-02-20,12:08:27,2024-02,EUR,Euro,5.3392,5.3404
2024-02-20,11:07:28,2024-02,EUR,Euro,5.346,5.3472
2024-02-20,10:12:38,2024-02,EUR,Euro,5.3503,5.3525
2024-02-20,16:53:02,2024-02,EUR,Euro,5.3463,5.3474
2024-02-20,16:53:02,2024-02,GBP,Libra,6.2543,6.257
2024-02-20,10:12:38,2024-02,AUD,Dólar Australiano,3.2512,3.2526
2024-02-20,11:07:28,2024-02,AUD,Dólar Australiano,3.2462,3.2476
2024-02-20,12:08:27,2024-02,AUD,Dólar Australiano,3.2379,3.2392
2024-02-20,11:07:28,2024-02,GBP,Libra,6.2445,6.2458
2024-02-20,16:53:02,2024-02,AUD,Dólar Australiano,3.2442,3.2456
2024-02-20,12:08:27,2024-02,USD,Dólar,4.9305,4.9311
2024-02-20,16:53:02,2024-02,GBP,Libra,6.2483,6.2511
2024-02-20,16:53:02,2024-02,USD,Dólar,4.9402,4.9408
2024-02-20,16:53:02,2024-02,USD,Dólar,4.9355,4.9361
2024-02-20,16:53:02,2024-02,AUD,Dólar Australiano,3.2411,3.2425
2024-02-20,12:08:27,2024-02,GBP,Libra,6.2361,6.2388
2024-02-20,10:12:38,2024-02,USD,Dólar,4.9554,4.956
2024-02-20,11:07:28,2024-02,USD,Dólar,4.9395,4.9401
2024-02-19,12:08:27,2024-02,EUR,Euro,5.339,5.3411
2024-02-19,16:19:32,2024-02,EUR,Euro,5.338,5.3407
2024-02-19,10:04:28,2024-02,EUR,Euro,5.338,5.3406
2024-02-19,10:04:28,2024-02,AUD,Dólar Australiano,3.2406,3.2415
2024-02-19,11:03:26,2024-02,AUD,Dólar Australiano,3.2402,3.2416
2024-02-19,16:19:32,2024-02,AUD,Dólar Australiano,3.241,3.2419
2024-02-19,16:19:32,2024-02,AUD,Dólar Australiano,3.2405,3.2414
2024-02-19,11:03:26,2024-02,EUR,Euro,5.3371,5.3392
2024-02-19,12:08:27,2024-02,AUD,Dólar Australiano,3.2411,3.2435
2024-02-19,16:19:32,2024-02,EUR,Euro,5.3372,5.3398
2024-02-19,10:04:28,2024-02,USD,Dólar,4.9573,4.9579
2024-02-19,10:04:28,2024-02,GBP,Libra,6.2487,6.2514
2024-02-19,12:08:27,2024-02,GBP,Libra,6.2461,6.2474
2024-02-19,11:03:26,2024-02,GBP,Libra,6.2441,6.2453
2024-02-19,16:19:32,2024-02,GBP,Libra,6.2405,6.2418
2024-02-19,16:19:32,2024-02,GBP,Libra,6.2415,6.2428
2024-02-19,11:03:26,2024-02,USD,Dólar,4.956,4.9566
2024-02-19,12:08:27,2024-02,USD,Dólar,4.9596,4.9602
2024-02-19,16:19:32,2024-02,USD,Dólar,4.9587,4.9593
2024-02-19,16:19:32,2024-02,USD,Dólar,4.9579,4.9585
2024-02-16,15:17:16,2024-02,USD,Dólar,4.9755,4.9761
2024-02-16,15:17:16,2024-02,USD,Dólar,4.9661,4.9667
2024-02-16,12:02:27,2024-02,USD,Dólar,4.9782,4.9788
2024-02-16,15:17:16,2024-02,AUD,Dólar Australiano,3.247,3.2484
2024-02-16,15:17:16,2024-02,AUD,Dólar Australiano,3.2409,3.2423
2024-02-16,12:02:27,2024-02,AUD,Dólar Australiano,3.2388,3.2402
2024-02-16,11:09:28,2024-02,AUD,Dólar Australiano,3.2416,3.243
2024-02-16,10:08:28,2024-02,AUD,Dólar Australiano,3.2434,3.2448
2024-02-16,12:02:27,2024-02,EUR,Euro,5.3516,5.3527
2024-02-16,11:09:28,2024-02,EUR,Euro,5.3544,5.3571
2024-02-16,10:08:28,2024-02,GBP,Libra,6.2584,6.2612
2024-02-16,11:09:28,2024-02,GBP,Libra,6.2619,6.2631
2024-02-16,15:17:16,2024-02,GBP,Libra,6.2483,6.2511
2024-02-16,15:17:16,2024-02,GBP,Libra,6.2602,6.2629
2024-02-16,11:09:28,2024-02,USD,Dólar,4.9832,4.9838
2024-02-16,10:08:28,2024-02,USD,Dólar,4.9745,4.9751
2024-02-16,12:02:27,2024-02,GBP,Libra,6.2536,6.2554
2024-02-16,10:08:28,2024-02,EUR,Euro,5.3565,5.3577
2024-02-16,15:17:16,2024-02,EUR,Euro,5.3581,5.3608
2024-02-16,15:17:16,2024-02,EUR,Euro,5.348,5.3506
2024-02-15,11:08:26,2024-02,GBP,Libra,6.2408,6.243
2024-02-15,10:08:29,2024-02,USD,Dólar,4.9709,4.9715
2024-02-15,11:08:26,2024-02,EUR,Euro,5.3449,5.3475
2024-02-15,15:48:58,2024-02,EUR,Euro,5.3564,5.3575
2024-02-15,10:08:29,2024-02,GBP,Libra,6.2375,6.2402
2024-02-15,15:48:58,2024-02,EUR,Euro,5.3486,5.3498
2024-02-15,12:04:26,2024-02,EUR,Euro,5.3519,5.3546
2024-02-15,12:04:26,2024-02,GBP,Libra,6.249,6.2517
2024-02-15,15:48:58,2024-02,USD,Dólar,4.9776,4.9782
2024-02-15,10:08:29,2024-02,EUR,Euro,5.3402,5.3429
2024-02-15,11:08:26,2024-02,USD,Dólar,4.966,4.9666
2024-02-15,15:48:58,2024-02,USD,Dólar,4.9704,4.971
2024-02-15,15:48:58,2024-02,AUD,Dólar Australiano,3.2377,3.2406
2024-02-15,15:48:58,2024-02,AUD,Dólar Australiano,3.2424,3.2453
2024-02-15,15:48:58,2024-02,GBP,Libra,6.2533,6.257
2024-02-15,11:08:26,2024-02,AUD,Dólar Australiano,3.2358,3.2372
2024-02-15,10:08:29,2024-02,AUD,Dólar Australiano,3.2321,3.2335
2024-02-15,15:48:58,2024-02,GBP,Libra,6.2623,6.2661
2024-02-15,12:04:26,2024-02,USD,Dólar,4.967,4.9676
2024-02-15,12:04:26,2024-02,AUD,Dólar Australiano,3.2385,3.2394
2024-02-14,16:08:18,2024-02,USD,Dólar,4.9717,4.9723
2024-02-14,16:08:18,2024-02,USD,Dólar,4.9712,4.9718
2024-02-14,14:41:29,2024-02,USD,Dólar,4.9721,4.9727
2024-02-14,14:41:29,2024-02,AUD,Dólar Australiano,3.2249,3.2263
2024-02-14,16:08:18,2024-02,AUD,Dólar Australiano,3.2261,3.2275
2024-02-14,16:08:18,2024-02,GBP,Libra,6.2425,6.2452
2024-02-14,16:08:18,2024-02,EUR,Euro,5.3331,5.3343
2024-02-14,16:08:18,2024-02,EUR,Euro,5.3326,5.3337
2024-02-14,14:41:29,2024-02,EUR,Euro,5.3346,5.3372
2024-02-14,14:41:29,2024-02,GBP,Libra,6.244,6.2467
2024-02-14,16:08:18,2024-02,AUD,Dólar Australiano,3.2258,3.2272
2024-02-14,16:08:18,2024-02,GBP,Libra,6.2418,6.2446
2024-02-09,12:07:27,2024-02,USD,Dólar,4.9676,4.9682
2024-02-09,17:00:17,2024-02,USD,Dólar,4.9661,4.9667
2024-02-09,17:00:17,2024-02,USD,Dólar,4.9711,4.9717
2024-02-09,10:11:29,2024-02,GBP,Libra,6.2735,6.2763
2024-02-09,11:03:26,2024-02,GBP,Libra,6.2722,6.2749
2024-02-09,12:07:27,2024-02,GBP,Libra,6.2756,6.2768
2024-02-09,17:00:17,2024-02,GBP,Libra,6.2732,6.2759
2024-02-09,17:00:17,2024-02,GBP,Libra,6.2795,6.2822
2024-02-09,11:03:26,2024-02,EUR,Euro,5.3609,5.362
2024-02-09,10:11:29,2024-02,EUR,Euro,5.3599,5.3625
2024-02-09,12:07:27,2024-02,EUR,Euro,5.3551,5.3577
2024-02-09,17:00:17,2024-02,EUR,Euro,5.3554,5.3581
2024-02-09,17:00:17,2024-02,EUR,Euro,5.3608,5.3635
2024-02-09,10:11:29,2024-02,AUD,Dólar Australiano,3.2403,3.2417
2024-02-09,11:03:26,2024-02,AUD,Dólar Australiano,3.2415,3.2429
2024-02-09,12:07:27,2024-02,AUD,Dólar Australiano,3.2394,3.2408
2024-02-09,17:00:17,2024-02,AUD,Dólar Australiano,3.2379,3.2388
2024-02-09,17:00:17,2024-02,AUD,Dólar Australiano,3.2412,3.242
2024-02-09,10:11:29,2024-02,USD,Dólar,4.979,4.9796
2024-02-09,11:03:26,2024-02,USD,Dólar,4.9716,4.9722
2024-02-08,10:09:27,2024-02,AUD,Dólar Australiano,3.2311,3.2325
2024-02-08,15:58:03,2024-02,USD,Dólar,4.9798,4.9804
2024-02-08,15:58:03,2024-02,AUD,Dólar Australiano,3.2332,3.2341
2024-02-08,10:09:27,2024-02,GBP,Libra,6.269,6.2723
2024-02-08,11:06:26,2024-02,GBP,Libra,6.2596,6.2622
2024-02-08,12:09:27,2024-02,GBP,Libra,6.2792,6.2824
2024-02-08,15:58:03,2024-02,GBP,Libra,6.283,6.2857
2024-02-08,15:58:03,2024-02,GBP,Libra,6.2765,6.2793
2024-02-08,15:58:03,2024-02,EUR,Euro,5.3633,5.3659
2024-02-08,15:58:03,2024-02,EUR,Euro,5.3578,5.3604
2024-02-08,15:58:03,2024-02,USD,Dólar,4.9849,4.9855
2024-02-08,12:09:27,2024-02,AUD,Dólar Australiano,3.2305,3.2319
2024-02-08,11:06:26,2024-02,AUD,Dólar Australiano,3.2263,3.2276
2024-02-08,15:58:03,2024-02,AUD,Dólar Australiano,3.2299,3.2308
2024-02-08,12:09:27,2024-02,EUR,Euro,5.3607,5.3634
2024-02-08,11:06:26,2024-02,EUR,Euro,5.3459,5.3484
2024-02-08,10:09:27,2024-02,USD,Dólar,4.977,4.9776
2024-02-08,11:06:26,2024-02,USD,Dólar,4.9766,4.9771
2024-02-08,12:09:27,2024-02,USD,Dólar,4.9807,4.9813
2024-02-08,10:09:27,2024-02,EUR,Euro,5.3528,5.3554
2024-02-07,14:22:27,2024-02,EUR,Euro,5.3357,5.3374
2024-02-07,10:11:29,2024-02,EUR,Euro,5.3416,5.3442
2024-02-07,11:10:27,2024-02,EUR,Euro,5.3467,5.3494
2024-02-07,12:02:28,2024-02,EUR,Euro,5.3373,5.3399
2024-02-07,14:22:27,2024-02,GBP,Libra,6.2642,6.2675
2024-02-07,14:22:27,2024-02,GBP,Libra,6.2649,6.2681
2024-02-07,12:02:28,2024-02,GBP,Libra,6.26,6.2628
2024-02-07,11:10:27,2024-02,GBP,Libra,6.2678,6.2706
2024-02-07,10:11:29,2024-02,GBP,Libra,6.2635,6.2647
2024-02-07,12:02:28,2024-02,USD,Dólar,4.9557,4.9563
2024-02-07,14:22:27,2024-02,EUR,Euro,5.3352,5.3368
2024-02-07,14:22:27,2024-02,AUD,Dólar Australiano,3.2383,3.2397
2024-02-07,14:22:27,2024-02,USD,Dólar,4.9602,4.9608
2024-02-07,11:10:27,2024-02,USD,Dólar,4.9654,4.966
2024-02-07,10:11:29,2024-02,AUD,Dólar Australiano,3.2361,3.2375
2024-02-07,11:10:27,2024-02,AUD,Dólar Australiano,3.2399,3.2413
2024-02-07,12:02:28,2024-02,AUD,Dólar Australiano,3.2356,3.237
2024-02-07,10:11:29,2024-02,USD,Dólar,4.9588,4.9594
2024-02-07,14:22:27,2024-02,AUD,Dólar Australiano,3.238,3.2394
2024-02-07,14:22:27,2024-02,USD,Dólar,4.9607,4.9613
2024-02-06,15:11:48,2024-02,GBP,Libra,6.2479,6.2491
2024-02-06,10:06:27,2024-02,GBP,Libra,6.2493,6.2506
2024-02-06,11:03:26,2024-02,GBP,Libra,6.2503,6.2516
2024-02-06,15:11:48,2024-02,AUD,Dólar Australiano,3.2352,3.2366
2024-02-06,12:08:28,2024-02,AUD,Dólar Australiano,3.2263,3.2276
2024-02-06,11:03:26,2024-02,AUD,Dólar Australiano,3.2291,3.2305
2024-02-06,10:06:27,2024-02,AUD,Dólar Australiano,3.2331,3.236
2024-02-06,12:08:28,2024-02,GBP,Libra,6.2391,6.2423
2024-02-06,10:06:27,2024-02,USD,Dólar,4.974,4.9746
2024-02-06,11:03:26,2024-02,USD,Dólar,4.9748,4.9754
2024-02-06,12:08:28,2024-02,USD,Dólar,4.9627,4.9633
2024-02-06,15:11:48,2024-02,USD,Dólar,4.9607,4.9613
2024-02-06,15:11:48,2024-02,USD,Dólar,4.9681,4.9687
2024-02-06,15:11:48,2024-02,AUD,Dólar Australiano,3.2304,3.2318
2024-02-06,15:11:48,2024-02,GBP,Libra,6.2386,6.2398
2024-02-06,15:11:48,2024-02,EUR,Euro,5.3362,5.3389
2024-02-06,15:11:48,2024-02,EUR,Euro,5.3283,5.3309
2024-02-06,10:06:27,2024-02,EUR,Euro,5.3406,5.3422
2024-02-06,11:03:26,2024-02,EUR,Euro,5.338,5.3391
2024-02-06,12:08:28,2024-02,EUR,Euro,5.3289,5.3316
2024-02-05,13:56:02,2024-02,AUD,Dólar Australiano,3.2423,3.2437
2024-02-05,11:11:28,2024-02,EUR,Euro,5.3655,5.3666
2024-02-05,12:11:27,2024-02,EUR,Euro,5.3824,5.385
2024-02-05,13:56:02,2024-02,EUR,Euro,5.373,5.3747
2024-02-05,13:56:02,2024-02,AUD,Dólar Australiano,3.239,3.2404
2024-02-05,13:56:02,2024-02,EUR,Euro,5.3675,5.3692
2024-02-05,12:11:27,2024-02,AUD,Dólar Australiano,3.248,3.2489
2024-02-05,11:11:28,2024-02,AUD,Dólar Australiano,3.2417,3.2431
2024-02-05,10:09:29,2024-02,AUD,Dólar Australiano,3.2416,3.243
2024-02-05,10:09:29,2024-02,EUR,Euro,5.3693,5.3719
2024-02-05,10:09:29,2024-02,GBP,Libra,6.2715,6.2742
2024-02-05,11:11:28,2024-02,GBP,Libra,6.272,6.2747
2024-02-05,12:11:27,2024-02,GBP,Libra,6.2858,6.2886
2024-02-05,10:09:29,2024-02,USD,Dólar,4.9956,4.9962
2024-02-05,11:11:28,2024-02,USD,Dólar,4.9972,4.9978
2024-02-05,12:11:27,2024-02,USD,Dólar,5.0162,5.0168
2024-02-05,13:56:02,2024-02,USD,Dólar,5.0098,5.0104
2024-02-05,13:56:02,2024-02,USD,Dólar,5.0047,5.0053
2024-02-05,13:56:02,2024-02,GBP,Libra,6.2718,6.2745
2024-02-05,13:56:02,2024-02,GBP,Libra,6.2654,6.2681
2024-02-02,14:40:09,2024-02,GBP,Libra,6.2598,6.2625
2024-02-02,12:06:26,2024-02,GBP,Libra,6.2657,6.2684
2024-02-02,11:04:27,2024-02,GBP,Libra,6.2764,6.2791
2024-02-02,10:03:27,2024-02,GBP,Libra,6.2682,6.2714
2024-02-02,14:40:09,2024-02,GBP,Libra,6.2875,6.2903
2024-02-02,14:40:09,2024-02,USD,Dólar,4.9684,4.969
2024-02-02,14:40:09,2024-02,EUR,Euro,5.3427,5.3453
2024-02-02,12:06:26,2024-02,EUR,Euro,5.3497,5.3514
2024-02-02,10:03:27,2024-02,EUR,Euro,5.3477,5.3488
2024-02-02,14:40:09,2024-02,USD,Dólar,4.9465,4.9471
2024-02-02,11:04:27,2024-02,EUR,Euro,5.3528,5.3545
2024-02-02,12:06:26,2024-02,USD,Dólar,4.9484,4.949
2024-02-02,11:04:27,2024-02,USD,Dólar,4.9545,4.9551
2024-02-02,14:40:09,2024-02,EUR,Euro,5.3664,5.369
2024-02-02,10:03:27,2024-02,USD,Dólar,4.9147,4.9153
2024-02-02,10:03:27,2024-02,AUD,Dólar Australiano,3.2467,3.248
2024-02-02,11:04:27,2024-02,AUD,Dólar Australiano,3.2397,3.2421
2024-02-02,12:06:26,2024-02,AUD,Dólar Australiano,3.2313,3.2327
2024-02-02,14:40:09,2024-02,AUD,Dólar Australiano,3.2384,3.2398
2024-02-02,14:40:09,2024-02,AUD,Dólar Australiano,3.2241,3.2255
2024-02-01,11:10:27,2024-02,EUR,Euro,5.3369,5.3385
2024-02-01,14:06:13,2024-02,EUR,Euro,5.3415,5.3441
2024-02-01,14:06:13,2024-02,EUR,Euro,5.3238,5.3265
2024-02-01,12:09:27,2024-02,EUR,Euro,5.3295,5.3322
2024-02-01,10:09:27,2024-02,EUR,Euro,5.3561,5.3587
2024-02-01,10:09:27,2024-02,AUD,Dólar Australiano,3.2293,3.2302
2024-02-01,14:06:13,2024-02,USD,Dólar,4.9344,4.935
2024-02-01,12:09:27,2024-02,GBP,Libra,6.2329,6.2361
2024-02-01,11:10:27,2024-02,AUD,Dólar Australiano,3.2175,3.2184
2024-02-01,14:06:13,2024-02,USD,Dólar,4.9181,4.9187
2024-02-01,14:06:13,2024-02,AUD,Dólar Australiano,3.2286,3.23
2024-02-01,14:06:13,2024-02,AUD,Dólar Australiano,3.2179,3.2193
2024-02-01,11:10:27,2024-02,GBP,Libra,6.247,6.2502
2024-02-01,10:09:27,2024-02,GBP,Libra,6.2768,6.2786
2024-02-01,14:06:13,2024-02,GBP,Libra,6.2362,6.2389
2024-02-01,14:06:13,2024-02,GBP,Libra,6.2568,6.2596
2024-02-01,10:09:27,2024-02,USD,Dólar,4.9529,4.9535
2024-02-01,11:10:27,2024-02,USD,Dólar,4.9356,4.9362
2024-02-01,12:09:27,2024-02,USD,Dólar,4.9311,4.9317
2024-02-01,12:09:27,2024-02,AUD,Dólar Australiano,3.2166,3.2184
2024-01-31,11:10:27,2024-01,USD,Dólar,4.956,4.9566
2024-01-31,12:06:27,2024-01,USD,Dólar,4.9506,4.9512
2024-01-31,15:06:26,2024-01,USD,Dólar,4.9426,4.9432
2024-01-31,15:06:26,2024-01,USD,Dólar,4.9529,4.9535
2024-01-31,12:06:27,2024-01,AUD,Dólar Australiano,3.2753,3.2762
2024-01-31,15:06:26,2024-01,AUD,Dólar Australiano,3.2744,3.2753
2024-01-31,15:06:26,2024-01,AUD,Dólar Australiano,3.2676,3.2684
2024-01-31,15:06:26,2024-01,EUR,Euro,5.3793,5.3805
2024-01-31,11:10:27,2024-01,AUD,Dólar Australiano,3.269,3.2704
2024-01-31,10:07:27,2024-01,AUD,Dólar Australiano,3.2651,3.2665
2024-01-31,10:07:27,2024-01,USD,Dólar,4.9622,4.9628
2024-01-31,15:06:26,2024-01,EUR,Euro,5.3682,5.3693
2024-01-31,10:07:27,2024-01,GBP,Libra,6.2931,6.2958
2024-01-31,12:06:27,2024-01,EUR,Euro,5.3853,5.3879
2024-01-31,11:10:27,2024-01,EUR,Euro,5.3797,5.3824
2024-01-31,10:07:27,2024-01,EUR,Euro,5.377,5.3782
2024-01-31,15:06:26,2024-01,GBP,Libra,6.3055,6.3083
2024-01-31,15:06:26,2024-01,GBP,Libra,6.2924,6.2952
2024-01-31,12:06:27,2024-01,GBP,Libra,6.3056,6.3083
2024-01-31,11:10:27,2024-01,GBP,Libra,6.2956,6.2984
2024-01-30,11:10:27,2024-01,USD,Dólar,4.9641,4.9647
2024-01-30,12:09:27,2024-01,AUD,Dólar Australiano,3.2742,3.2766
2024-01-30,14:41:21,2024-01,AUD,Dólar Australiano,3.2692,3.2706
2024-01-30,14:41:21,2024-01,AUD,Dólar Australiano,3.2653,3.2667
2024-01-30,11:10:27,2024-01,EUR,Euro,5.3776,5.3802
2024-01-30,10:03:04,2024-01,EUR,Euro,5.3682,5.371
2024-01-30,12:09:27,2024-01,USD,Dólar,4.9699,4.9705
2024-01-30,12:09:27,2024-01,EUR,Euro,5.3918,5.3945
2024-01-30,14:41:21,2024-01,EUR,Euro,5.3841,5.3868
2024-01-30,14:41:21,2024-01,EUR,Euro,5.3776,5.3803
2024-01-30,10:03:04,2024-01,AUD,Dólar Australiano,3.2617,3.2632
2024-01-30,14:41:21,2024-01,USD,Dólar,4.9632,4.9638
2024-01-30,14:41:21,2024-01,USD,Dólar,4.9692,4.9698
2024-01-30,11:10:27,2024-01,AUD,Dólar Australiano,3.2699,3.2707
2024-01-30,10:03:04,2024-01,USD,Dólar,4.9495,4.9502
2024-01-30,14:41:21,2024-01,GBP,Libra,6.293,6.2957
2024-01-30,14:41:21,2024-01,GBP,Libra,6.2854,6.2881
2024-01-30,10:03:04,2024-01,GBP,Libra,6.272,6.2739
2024-01-30,11:10:27,2024-01,GBP,Libra,6.2915,6.2942
2024-01-30,12:09:27,2024-01,GBP,Libra,6.3028,6.3041
2024-01-29,13:32:10,2024-01,EUR,Euro,5.3359,5.3385
2024-01-29,13:32:10,2024-01,USD,Dólar,4.9425,4.9431
2024-01-29,13:32:10,2024-01,USD,Dólar,4.9219,4.9225
2024-01-29,10:06:50,2024-01,USD,Dólar,4.9087,4.9093
2024-01-29,10:06:50,2024-01,GBP,Libra,6.2326,6.2348
2024-01-29,11:09:27,2024-01,GBP,Libra,6.2339,6.2367
2024-01-29,12:07:27,2024-01,GBP,Libra,6.2413,6.244
2024-01-29,13:32:10,2024-01,GBP,Libra,6.2656,6.2683
2024-01-29,11:09:27,2024-01,USD,Dólar,4.9117,4.9123
2024-01-29,13:32:10,2024-01,EUR,Euro,5.3137,5.3163
2024-01-29,13:32:10,2024-01,GBP,Libra,6.2395,6.2422
2024-01-29,12:07:27,2024-01,EUR,Euro,5.3209,5.3235
2024-01-29,13:32:10,2024-01,AUD,Dólar Australiano,3.2445,3.2454
2024-01-29,10:06:50,2024-01,AUD,Dólar Australiano,3.2388,3.2401
2024-01-29,11:09:27,2024-01,EUR,Euro,5.3135,5.3161
2024-01-29,12:07:27,2024-01,AUD,Dólar Australiano,3.2433,3.2461
2024-01-29,13:32:10,2024-01,AUD,Dólar Australiano,3.2581,3.259
2024-01-29,11:09:27,2024-01,AUD,Dólar Australiano,3.2407,3.2421
2024-01-29,10:06:50,2024-01,EUR,Euro,5.3117,5.3133
2024-01-29,12:07:27,2024-01,USD,Dólar,4.9245,4.9251
2024-01-26,11:08:27,2024-01,AUD,Dólar Australiano,3.2394,3.2408
2024-01-26,12:05:27,2024-01,EUR,Euro,5.3426,5.3452
2024-01-26,15:32:06,2024-01,EUR,Euro,5.3391,5.3403
2024-01-26,15:32:06,2024-01,EUR,Euro,5.3363,5.3374
2024-01-26,15:32:06,2024-01,GBP,Libra,6.2479,6.2507
2024-01-26,10:03:27,2024-01,USD,Dólar,4.912,4.9126
2024-01-26,11:08:27,2024-01,USD,Dólar,4.906,4.9066
2024-01-26,12:05:27,2024-01,USD,Dólar,4.915,4.9156
2024-01-26,15:32:06,2024-01,USD,Dólar,4.9145,4.9151
2024-01-26,15:32:06,2024-01,USD,Dólar,4.9119,4.9125
2024-01-26,11:08:27,2024-01,EUR,Euro,5.3328,5.3354
2024-01-26,10:03:27,2024-01,EUR,Euro,5.3379,5.339
2024-01-26,10:03:27,2024-01,AUD,Dólar Australiano,3.2385,3.2394
2024-01-26,15:32:06,2024-01,AUD,Dólar Australiano,3.2369,3.2383
2024-01-26,10:03:27,2024-01,GBP,Libra,6.252,6.2542
2024-01-26,15:32:06,2024-01,GBP,Libra,6.2512,6.254
2024-01-26,15:32:06,2024-01,AUD,Dólar Australiano,3.2387,3.24
2024-01-26,12:05:27,2024-01,AUD,Dólar Australiano,3.2419,3.2428
2024-01-26,11:08:27,2024-01,GBP,Libra,6.2532,6.2559
2024-01-26,12:05:27,2024-01,GBP,Libra,6.2622,6.2635
2024-01-25,14:04:32,2024-01,EUR,Euro,5.3296,5.3308
2024-01-25,14:04:32,2024-01,EUR,Euro,5.3317,5.3328
2024-01-25,11:03:26,2024-01,EUR,Euro,5.3557,5.3583
2024-01-25,14:04:32,2024-01,AUD,Dólar Australiano,3.2396,3.2405
2024-01-25,14:04:32,2024-01,AUD,Dólar Australiano,3.2383,3.2392
2024-01-25,12:09:27,2024-01,AUD,Dólar Australiano,3.2448,3.2461
2024-01-25,11:03:26,2024-01,AUD,Dólar Australiano,3.2528,3.2537
2024-01-25,10:07:28,2024-01,AUD,Dólar Australiano,3.2439,3.2448
2024-01-25,10:07:28,2024-01,GBP,Libra,6.2709,6.2726
2024-01-25,10:07:28,2024-01,EUR,Euro,5.366,5.3687
2024-01-25,12:09:27,2024-01,EUR,Euro,5.3381,5.3407
2024-01-25,12:09:27,2024-01,GBP,Libra,6.2545,6.2572
2024-01-25,14:04:32,2024-01,GBP,Libra,6.2507,6.2534
2024-01-25,14:04:32,2024-01,USD,Dólar,4.9226,4.9232
2024-01-25,14:04:32,2024-01,USD,Dólar,4.9207,4.9213
2024-01-25,12:09:27,2024-01,USD,Dólar,4.9163,4.9169
2024-01-25,11:03:26,2024-01,USD,Dólar,4.9248,4.9254
2024-01-25,14:04:32,2024-01,GBP,Libra,6.2483,6.251
2024-01-25,11:03:26,2024-01,GBP,Libra,6.2712,6.274
2024-01-25,10:07:28,2024-01,USD,Dólar,4.9284,4.929
2024-01-24,15:11:37,2024-01,GBP,Libra,6.2781,6.2808
2024-01-24,10:09:28,2024-01,GBP,Libra,6.2555,6.2573
2024-01-24,12:06:28,2024-01,GBP,Libra,6.2801,6.2829
2024-01-24,11:07:27,2024-01,GBP,Libra,6.2703,6.272
2024-01-24,15:11:37,2024-01,EUR,Euro,5.3608,5.3634
2024-01-24,15:11:37,2024-01,EUR,Euro,5.3658,5.3684
2024-01-24,12:06:28,2024-01,EUR,Euro,5.3733,5.3759
2024-01-24,11:07:27,2024-01,EUR,Euro,5.3655,5.3672
2024-01-24,10:09:28,2024-01,EUR,Euro,5.3494,5.3521
2024-01-24,15:11:37,2024-01,GBP,Libra,6.2722,6.2749
2024-01-24,11:07:27,2024-01,USD,Dólar,4.9117,4.9123
2024-01-24,15:11:37,2024-01,AUD,Dólar Australiano,3.2482,3.2496
2024-01-24,12:06:28,2024-01,USD,Dólar,4.9287,4.9293
2024-01-24,15:11:37,2024-01,AUD,Dólar Australiano,3.2513,3.2527
2024-01-24,15:11:37,2024-01,USD,Dólar,4.9186,4.9192
2024-01-24,15:11:37,2024-01,USD,Dólar,4.9232,4.9238
2024-01-24,10:09:28,2024-01,USD,Dólar,4.9109,4.9115
2024-01-24,12:06:28,2024-01,AUD,Dólar Australiano,3.2529,3.2543
2024-01-24,10:09:28,2024-01,AUD,Dólar Australiano,3.2387,3.2396
2024-01-24,11:07:27,2024-01,AUD,Dólar Australiano,3.2496,3.251
2024-01-23,13:45:44,2024-01,EUR,Euro,5.3835,5.3861
2024-01-23,13:45:44,2024-01,USD,Dólar,4.9709,4.9715
2024-01-23,13:45:44,2024-01,USD,Dólar,4.9778,4.9784
2024-01-23,12:09:29,2024-01,USD,Dólar,4.9729,4.9735
2024-01-23,11:06:27,2024-01,USD,Dólar,4.9708,4.9714
2024-01-23,10:06:27,2024-01,USD,Dólar,4.962,4.9626
2024-01-23,13:45:44,2024-01,EUR,Euro,5.391,5.3936
2024-01-23,11:06:27,2024-01,GBP,Libra,6.3159,6.3186
2024-01-23,12:09:29,2024-01,GBP,Libra,6.3051,6.3079
2024-01-23,10:06:27,2024-01,GBP,Libra,6.3067,6.3094
2024-01-23,13:45:44,2024-01,GBP,Libra,6.2951,6.2979
2024-01-23,13:45:44,2024-01,AUD,Dólar Australiano,3.2629,3.2643
2024-01-23,12:09:29,2024-01,EUR,Euro,5.3961,5.3987
2024-01-23,11:06:27,2024-01,EUR,Euro,5.4038,5.4064
2024-01-23,10:06:27,2024-01,EUR,Euro,5.3902,5.3929
2024-01-23,13:45:44,2024-01,AUD,Dólar Australiano,3.2674,3.2688
2024-01-23,12:09:29,2024-01,AUD,Dólar Australiano,3.2697,3.2711
2024-01-23,13:45:44,2024-01,GBP,Libra,6.3039,6.3066
2024-01-23,11:06:27,2024-01,AUD,Dólar Australiano,3.2763,3.2776
2024-01-23,10:06:27,2024-01,AUD,Dólar Australiano,3.2685,3.2713
2024-01-22,10:07:30,2024-01,GBP,Libra,6.2739,6.2767
2024-01-22,10:07:30,2024-01,USD,Dólar,4.9308,4.9314
2024-01-22,11:05:27,2024-01,GBP,Libra,6.2902,6.293
2024-01-22,12:03:27,2024-01,USD,Dólar,4.9482,4.9488
2024-01-22,14:01:41,2024-01,USD,Dólar,4.971,4.9716
2024-01-22,14:01:41,2024-01,USD,Dólar,4.9484,4.949
2024-01-22,12:03:27,2024-01,GBP,Libra,6.2941,6.2969
2024-01-22,14:01:41,2024-01,GBP,Libra,6.3231,6.3244
2024-01-22,14:01:41,2024-01,GBP,Libra,6.2944,6.2956
2024-01-22,11:05:27,2024-01,USD,Dólar,4.9436,4.9442
2024-01-22,14:01:41,2024-01,EUR,Euro,5.4109,5.4121
2024-01-22,11:05:27,2024-01,EUR,Euro,5.3836,5.3852
2024-01-22,12:03:27,2024-01,EUR,Euro,5.3876,5.3902
2024-01-22,10:07:30,2024-01,AUD,Dólar Australiano,3.2509,3.2523
2024-01-22,11:05:27,2024-01,AUD,Dólar Australiano,3.2568,3.2592
2024-01-22,12:03:27,2024-01,AUD,Dólar Australiano,3.2604,3.2637
2024-01-22,14:01:41,2024-01,AUD,Dólar Australiano,3.2749,3.2773
2024-01-22,14:01:41,2024-01,AUD,Dólar Australiano,3.26,3.2624
2024-01-22,10:07:30,2024-01,EUR,Euro,5.3701,5.3728
2024-01-22,14:01:41,2024-01,EUR,Euro,5.3863,5.3875
2024-01-19,13:47:20,2024-01,EUR,Euro,5.3608,5.3619
2024-01-19,13:47:20,2024-01,AUD,Dólar Australiano,3.2435,3.2444
2024-01-19,13:47:20,2024-01,AUD,Dólar Australiano,3.2404,3.2413
2024-01-19,12:03:27,2024-01,AUD,Dólar Australiano,3.2462,3.2491
2024-01-19,10:04:27,2024-01,AUD,Dólar Australiano,3.2388,3.2397
2024-01-19,13:47:20,2024-01,EUR,Euro,5.3558,5.3569
2024-01-19,10:04:27,2024-01,GBP,Libra,6.2272,6.2289
2024-01-19,11:04:27,2024-01,GBP,Libra,6.2363,6.239
2024-01-19,12:03:27,2024-01,GBP,Libra,6.2491,6.2518
2024-01-19,13:47:20,2024-01,GBP,Libra,6.2456,6.2483
2024-01-19,13:47:20,2024-01,GBP,Libra,6.2397,6.2425
2024-01-19,10:04:27,2024-01,EUR,Euro,5.3445,5.3471
2024-01-19,11:04:27,2024-01,EUR,Euro,5.3534,5.356
2024-01-19,11:04:27,2024-01,AUD,Dólar Australiano,3.2426,3.244
2024-01-19,12:03:27,2024-01,EUR,Euro,5.3641,5.3667
2024-01-19,13:47:20,2024-01,USD,Dólar,4.9217,4.9223
2024-01-19,13:47:20,2024-01,USD,Dólar,4.9263,4.9269
2024-01-19,12:03:27,2024-01,USD,Dólar,4.9275,4.9281
2024-01-19,11:04:27,2024-01,USD,Dólar,4.9213,4.9219
2024-01-19,10:04:27,2024-01,USD,Dólar,4.9118,4.9124
2024-01-18,11:09:27,2024-01,GBP,Libra,6.2482,6.251
2024-01-18,12:09:27,2024-01,USD,Dólar,4.9465,4.9471
2024-01-18,14:01:21,2024-01,GBP,Libra,6.2693,6.2706
2024-01-18,14:01:21,2024-01,GBP,Libra,6.2601,6.2613
2024-01-18,10:09:29,2024-01,EUR,Euro,5.3569,5.358
2024-01-18,12:09:27,2024-01,GBP,Libra,6.2677,6.2704
2024-01-18,14:01:21,2024-01,USD,Dólar,4.947,4.9476
2024-01-18,14:01:21,2024-01,USD,Dólar,4.9397,4.9403
2024-01-18,11:09:27,2024-01,USD,Dólar,4.9397,4.9403
2024-01-18,11:09:27,2024-01,AUD,Dólar Australiano,3.2325,3.2339
2024-01-18,14:01:21,2024-01,EUR,Euro,5.3596,5.3622
2024-01-18,14:01:21,2024-01,EUR,Euro,5.3675,5.3701
2024-01-18,10:09:29,2024-01,USD,Dólar,4.9254,4.926
2024-01-18,10:09:29,2024-01,AUD,Dólar Australiano,3.232,3.2329
2024-01-18,12:09:27,2024-01,EUR,Euro,5.3709,5.3735
2024-01-18,12:09:27,2024-01,AUD,Dólar Australiano,3.2429,3.2458
2024-01-18,14:01:21,2024-01,AUD,Dólar Australiano,3.2433,3.2446
2024-01-18,14:01:21,2024-01,AUD,Dólar Australiano,3.2385,3.2398
2024-01-18,11:09:27,2024-01,EUR,Euro,5.3596,5.3622
2024-01-18,10:09:29,2024-01,GBP,Libra,6.2444,6.2472
2024-01-17,14:31:39,2024-01,EUR,Euro,5.3519,5.3545
2024-01-17,14:31:39,2024-01,EUR,Euro,5.3459,5.3486
2024-01-17,10:06:27,2024-01,AUD,Dólar Australiano,3.2343,3.2357
2024-01-17,11:06:27,2024-01,AUD,Dólar Australiano,3.2339,3.2353
2024-01-17,12:10:28,2024-01,AUD,Dólar Australiano,3.2194,3.2203
2024-01-17,14:31:39,2024-01,USD,Dólar,4.9285,4.9291
2024-01-17,14:31:39,2024-01,AUD,Dólar Australiano,3.2173,3.2202
2024-01-17,10:06:27,2024-01,EUR,Euro,5.3635,5.3661
2024-01-17,11:06:27,2024-01,USD,Dólar,4.9418,4.9424
2024-01-17,10:06:27,2024-01,USD,Dólar,4.9333,4.9339
2024-01-17,14:31:39,2024-01,AUD,Dólar Australiano,3.2209,3.2238
2024-01-17,14:31:39,2024-01,USD,Dólar,4.934,4.9346
2024-01-17,12:10:28,2024-01,EUR,Euro,5.3507,5.3533
2024-01-17,14:31:39,2024-01,GBP,Libra,6.2435,6.2462
2024-01-17,11:06:27,2024-01,EUR,Euro,5.3683,5.3699
2024-01-17,12:10:28,2024-01,USD,Dólar,4.9324,4.933
2024-01-17,11:06:27,2024-01,GBP,Libra,6.2509,6.2541
2024-01-17,12:10:28,2024-01,GBP,Libra,6.2341,6.2368
2024-01-17,14:31:39,2024-01,GBP,Libra,6.2365,6.2393
2024-01-17,10:06:27,2024-01,GBP,Libra,6.252,6.2547
2024-01-16,13:35:20,2024-01,AUD,Dólar Australiano,3.2462,3.2475
2024-01-16,13:35:20,2024-01,AUD,Dólar Australiano,3.2351,3.2365
2024-01-16,12:03:27,2024-01,AUD,Dólar Australiano,3.2344,3.2372
2024-01-16,11:11:27,2024-01,AUD,Dólar Australiano,3.2325,3.2334
2024-01-16,10:10:28,2024-01,AUD,Dólar Australiano,3.2303,3.2312
2024-01-16,11:11:27,2024-01,USD,Dólar,4.8985,4.8991
2024-01-16,12:03:27,2024-01,EUR,Euro,5.3327,5.3343
2024-01-16,13:35:20,2024-01,EUR,Euro,5.3347,5.3373
2024-01-16,13:35:20,2024-01,USD,Dólar,4.9032,4.9038
2024-01-16,13:35:20,2024-01,USD,Dólar,4.9199,4.9205
2024-01-16,12:03:27,2024-01,USD,Dólar,4.905,4.9056
2024-01-16,13:35:20,2024-01,GBP,Libra,6.2099,6.2126
2024-01-16,10:10:28,2024-01,USD,Dólar,4.8892,4.8898
2024-01-16,11:11:27,2024-01,EUR,Euro,5.3271,5.3283
2024-01-16,10:10:28,2024-01,EUR,Euro,5.3219,5.324
2024-01-16,13:35:20,2024-01,EUR,Euro,5.3529,5.3555
2024-01-16,10:10:28,2024-01,GBP,Libra,6.1829,6.1846
2024-01-16,11:11:27,2024-01,GBP,Libra,6.1927,6.1954
2024-01-16,12:03:27,2024-01,GBP,Libra,6.2038,6.2066
2024-01-16,13:35:20,2024-01,GBP,Libra,6.2311,6.2338
2024-01-15,13:38:08,2024-01,AUD,Dólar Australiano,3.2473,3.2482
2024-01-15,13:38:08,2024-01,EUR,Euro,5.3417,5.3444
2024-01-15,13:38:08,2024-01,EUR,Euro,5.3381,5.3407
2024-01-15,13:38:08,2024-01,AUD,Dólar Australiano,3.2495,3.2504
2024-01-15,12:06:27,2024-01,AUD,Dólar Australiano,3.2443,3.2452
2024-01-15,11:04:27,2024-01,AUD,Dólar Australiano,3.2445,3.2459
2024-01-15,10:07:28,2024-01,AUD,Dólar Australiano,3.2428,3.2442
2024-01-15,12:06:27,2024-01,EUR,Euro,5.3353,5.3379
2024-01-15,11:04:27,2024-01,EUR,Euro,5.3377,5.3403
2024-01-15,13:38:08,2024-01,USD,Dólar,4.8759,4.8765
2024-01-15,13:38:08,2024-01,USD,Dólar,4.8792,4.8798
2024-01-15,12:06:27,2024-01,USD,Dólar,4.8764,4.877
2024-01-15,11:04:27,2024-01,USD,Dólar,4.8746,4.8752
2024-01-15,10:07:28,2024-01,USD,Dólar,4.8735,4.8741
2024-01-15,10:07:28,2024-01,GBP,Libra,6.2006,6.2033
2024-01-15,11:04:27,2024-01,GBP,Libra,6.2049,6.2061
2024-01-15,12:06:27,2024-01,GBP,Libra,6.2003,6.2035
2024-01-15,13:38:08,2024-01,GBP,Libra,6.2107,6.2134
2024-01-15,13:38:08,2024-01,GBP,Libra,6.2065,6.2092
2024-01-15,10:07:28,2024-01,EUR,Euro,5.3375,5.3391
2024-01-12,10:11:27,2024-01,USD,Dólar,4.8698,4.8704
2024-01-12,13:26:56,2024-01,GBP,Libra,6.1933,6.196
2024-01-12,12:10:27,2024-01,USD,Dólar,4.8416,4.8422
2024-01-12,12:10:27,2024-01,EUR,Euro,5.3132,5.3158
2024-01-12,13:26:56,2024-01,EUR,Euro,5.3201,5.3227
2024-01-12,13:26:56,2024-01,EUR,Euro,5.3216,5.3242
2024-01-12,11:11:27,2024-01,USD,Dólar,4.8511,4.8517
2024-01-12,13:26:56,2024-01,GBP,Libra,6.1915,6.1942
2024-01-12,10:11:27,2024-01,AUD,Dólar Australiano,3.254,3.2549
2024-01-12,11:11:27,2024-01,AUD,Dólar Australiano,3.2517,3.2526
2024-01-12,10:11:27,2024-01,EUR,Euro,5.3256,5.3282
2024-01-12,13:26:56,2024-01,AUD,Dólar Australiano,3.2506,3.2514
2024-01-12,13:26:56,2024-01,AUD,Dólar Australiano,3.2515,3.2524
2024-01-12,13:26:56,2024-01,USD,Dólar,4.8537,4.8543
2024-01-12,13:26:56,2024-01,USD,Dólar,4.8523,4.8529
2024-01-12,12:10:27,2024-01,AUD,Dólar Australiano,3.2531,3.2559
2024-01-12,11:11:27,2024-01,EUR,Euro,5.3144,5.316
2024-01-12,12:10:27,2024-01,GBP,Libra,6.1813,6.1845
2024-01-12,11:11:27,2024-01,GBP,Libra,6.1876,6.1903
2024-01-12,10:11:27,2024-01,GBP,Libra,6.1978,6.1995
2024-01-11,17:03:40,2024-01,GBP,Libra,6.1986,6.2013
2024-01-11,12:08:26,2024-01,GBP,Libra,6.2074,6.2097
2024-01-11,17:03:40,2024-01,AUD,Dólar Australiano,3.2493,3.2507
2024-01-11,17:03:40,2024-01,AUD,Dólar Australiano,3.2473,3.2487
2024-01-11,12:08:26,2024-01,AUD,Dólar Australiano,3.255,3.2564
2024-01-11,11:02:27,2024-01,AUD,Dólar Australiano,3.2548,3.2562
2024-01-11,10:10:27,2024-01,EUR,Euro,5.3557,5.3568
2024-01-11,17:03:40,2024-01,GBP,Libra,6.2024,6.2051
2024-01-11,10:10:27,2024-01,GBP,Libra,6.2216,6.2244
2024-01-11,11:02:27,2024-01,EUR,Euro,5.3423,5.3449
2024-01-11,12:08:26,2024-01,EUR,Euro,5.3433,5.3459
2024-01-11,17:03:40,2024-01,EUR,Euro,5.3366,5.3392
2024-01-11,17:03:40,2024-01,EUR,Euro,5.3398,5.3425
2024-01-11,11:02:27,2024-01,GBP,Libra,6.2073,6.21
2024-01-11,10:10:27,2024-01,AUD,Dólar Australiano,3.2717,3.2731
2024-01-11,17:03:40,2024-01,USD,Dólar,4.8788,4.8794
2024-01-11,17:03:40,2024-01,USD,Dólar,4.8758,4.8764
2024-01-11,12:08:26,2024-01,USD,Dólar,4.8793,4.8799
2024-01-11,11:02:27,2024-01,USD,Dólar,4.8842,4.8848
2024-01-11,10:10:27,2024-01,USD,Dólar,4.8759,4.8765
2024-01-10,13:09:34,2024-01,USD,Dólar,4.8887,4.8893
2024-01-10,13:09:34,2024-01,GBP,Libra,6.2258,6.2285
2024-01-10,11:08:27,2024-01,GBP,Libra,6.2194,6.2221
2024-01-10,10:11:27,2024-01,AUD,Dólar Australiano,3.2732,3.276
2024-01-10,11:08:27,2024-01,AUD,Dólar Australiano,3.2745,3.2758
2024-01-10,12:02:27,2024-01,AUD,Dólar Australiano,3.2754,3.2763
2024-01-10,13:09:34,2024-01,AUD,Dólar Australiano,3.2735,3.2749
2024-01-10,13:09:34,2024-01,AUD,Dólar Australiano,3.274,3.2754
2024-01-10,12:02:27,2024-01,GBP,Libra,6.2272,6.2299
2024-01-10,13:09:34,2024-01,USD,Dólar,4.8895,4.8901
2024-01-10,13:09:34,2024-01,GBP,Libra,6.2268,6.2295
2024-01-10,12:02:27,2024-01,USD,Dólar,4.8952,4.8958
2024-01-10,11:08:27,2024-01,USD,Dólar,4.8887,4.8893
2024-01-10,10:11:27,2024-01,GBP,Libra,6.2146,6.2168
2024-01-10,10:11:27,2024-01,EUR,Euro,5.3455,5.3481
2024-01-10,11:08:27,2024-01,EUR,Euro,5.3477,5.3504
2024-01-10,12:02:27,2024-01,EUR,Euro,5.3544,5.357
2024-01-10,13:09:34,2024-01,EUR,Euro,5.3609,5.3626
2024-01-10,10:11:27,2024-01,USD,Dólar,4.8853,4.8859
2024-01-10,13:09:34,2024-01,EUR,Euro,5.3618,5.3635
2024-01-09,11:06:27,2024-01,GBP,Libra,6.2246,6.2273
2024-01-09,10:06:27,2024-01,EUR,Euro,5.3452,5.3478
2024-01-09,12:03:27,2024-01,GBP,Libra,6.2201,6.2213
2024-01-09,12:03:27,2024-01,EUR,Euro,5.3516,5.3533
2024-01-09,10:06:27,2024-01,GBP,Libra,6.2189,6.2216
2024-01-09,11:06:27,2024-01,AUD,Dólar Australiano,3.2772,3.2785
2024-01-09,13:09:30,2024-01,EUR,Euro,5.3423,5.3434
2024-01-09,13:09:30,2024-01,EUR,Euro,5.354,5.3551
2024-01-09,11:06:27,2024-01,EUR,Euro,5.3538,5.3564
2024-01-09,10:06:27,2024-01,AUD,Dólar Australiano,3.2719,3.2728
2024-01-09,12:03:27,2024-01,AUD,Dólar Australiano,3.2719,3.2733
2024-01-09,13:09:30,2024-01,AUD,Dólar Australiano,3.2767,3.2781
2024-01-09,13:09:30,2024-01,USD,Dólar,4.8931,4.8937
2024-01-09,13:09:30,2024-01,USD,Dólar,4.9038,4.9044
2024-01-09,12:03:27,2024-01,USD,Dólar,4.89,4.8906
2024-01-09,11:06:27,2024-01,USD,Dólar,4.892,4.8926
2024-01-09,10:06:27,2024-01,USD,Dólar,4.8864,4.887
2024-01-09,13:09:30,2024-01,GBP,Libra,6.2288,6.2315
2024-01-09,13:09:30,2024-01,AUD,Dólar Australiano,3.2696,3.2709
2024-01-09,13:09:30,2024-01,GBP,Libra,6.2152,6.2179
2024-01-08,13:11:30,2024-01,EUR,Euro,5.3577,5.3603
2024-01-08,12:02:27,2024-01,GBP,Libra,6.2074,6.2087
2024-01-08,13:11:30,2024-01,AUD,Dólar Australiano,3.2713,3.2722
2024-01-08,12:02:27,2024-01,AUD,Dólar Australiano,3.2673,3.2702
2024-01-08,11:08:27,2024-01,AUD,Dólar Australiano,3.2653,3.2661
2024-01-08,13:11:30,2024-01,USD,Dólar,4.8844,4.885
2024-01-08,13:11:30,2024-01,USD,Dólar,4.8753,4.8759
2024-01-08,12:02:27,2024-01,USD,Dólar,4.8766,4.8772
2024-01-08,11:08:27,2024-01,USD,Dólar,4.8881,4.8887
2024-01-08,10:04:28,2024-01,USD,Dólar,4.8976,4.8982
2024-01-08,13:11:30,2024-01,GBP,Libra,6.2276,6.2289
2024-01-08,13:11:30,2024-01,GBP,Libra,6.216,6.2173
2024-01-08,11:08:27,2024-01,GBP,Libra,6.2128,6.2155
2024-01-08,13:11:30,2024-01,EUR,Euro,5.3477,5.3503
2024-01-08,10:04:28,2024-01,GBP,Libra,6.2239,6.2266
2024-01-08,10:04:28,2024-01,AUD,Dólar Australiano,3.275,3.2759
2024-01-08,12:02:27,2024-01,EUR,Euro,5.3443,5.3459
2024-01-08,13:11:30,2024-01,AUD,Dólar Australiano,3.2774,3.2783
2024-01-08,10:04:28,2024-01,EUR,Euro,5.3594,5.3621
2024-01-08,11:08:27,2024-01,EUR,Euro,5.352,5.3546
2024-01-05,10:11:27,2024-01,EUR,Euro,5.372,5.3732
2024-01-05,12:06:28,2024-01,EUR,Euro,5.3394,5.3416
2024-01-05,13:10:31,2024-01,EUR,Euro,5.3509,5.3535
2024-01-05,13:10:31,2024-01,EUR,Euro,5.3665,5.3691
2024-01-05,11:04:27,2024-01,EUR,Euro,5.3435,5.3452
2024-01-05,10:11:27,2024-01,AUD,Dólar Australiano,3.2896,3.2904
2024-01-05,13:10:31,2024-01,USD,Dólar,4.8893,4.8899
2024-01-05,12:06:28,2024-01,GBP,Libra,6.1943,6.1985
2024-01-05,12:06:28,2024-01,AUD,Dólar Australiano,3.2705,3.2733
2024-01-05,11:04:27,2024-01,AUD,Dólar Australiano,3.2714,3.2728
2024-01-05,13:10:31,2024-01,USD,Dólar,4.8751,4.8757
2024-01-05,10:11:27,2024-01,GBP,Libra,6.2307,6.233
2024-01-05,13:10:31,2024-01,AUD,Dólar Australiano,3.2929,3.2938
2024-01-05,11:04:27,2024-01,GBP,Libra,6.1934,6.1947
2024-01-05,13:10:31,2024-01,GBP,Libra,6.2162,6.218
2024-01-05,13:10:31,2024-01,GBP,Libra,6.2343,6.2361
2024-01-05,10:11:27,2024-01,USD,Dólar,4.9208,4.9214
2024-01-05,11:04:27,2024-01,USD,Dólar,4.8929,4.8935
2024-01-05,12:06:28,2024-01,USD,Dólar,4.8682,4.8688
2024-01-05,13:10:31,2024-01,AUD,Dólar Australiano,3.2834,3.2843
2024-01-04,11:02:26,2024-01,EUR,Euro,5.3852,5.3878
2024-01-04,10:03:26,2024-01,EUR,Euro,5.379,5.3816
2024-01-04,10:03:26,2024-01,GBP,Libra,6.2347,6.2359
2024-01-04,13:05:35,2024-01,GBP,Libra,6.2375,6.2402
2024-01-04,11:02:26,2024-01,GBP,Libra,6.2349,6.2371
2024-01-04,12:03:28,2024-01,GBP,Libra,6.248,6.2507
2024-01-04,13:05:35,2024-01,EUR,Euro,5.3874,5.39
2024-01-04,13:05:35,2024-01,GBP,Libra,6.2451,6.2479
2024-01-04,13:05:35,2024-01,EUR,Euro,5.3808,5.3834
2024-01-04,12:03:28,2024-01,EUR,Euro,5.3934,5.3961
2024-01-04,10:03:26,2024-01,AUD,Dólar Australiano,3.3025,3.3039
2024-01-04,11:02:26,2024-01,AUD,Dólar Australiano,3.3024,3.3038
2024-01-04,10:03:26,2024-01,USD,Dólar,4.9123,4.9129
2024-01-04,11:02:26,2024-01,USD,Dólar,4.9202,4.9208
2024-01-04,12:03:28,2024-01,USD,Dólar,4.9282,4.9288
2024-01-04,13:05:35,2024-01,USD,Dólar,4.9122,4.9128
2024-01-04,13:05:35,2024-01,USD,Dólar,4.9182,4.9188
2024-01-04,13:05:35,2024-01,AUD,Dólar Australiano,3.3001,3.3015
2024-01-04,13:05:35,2024-01,AUD,Dólar Australiano,3.2961,3.2975
2024-01-04,12:03:28,2024-01,AUD,Dólar Australiano,3.3024,3.3038
2024-01-03,12:04:27,2024-01,AUD,Dólar Australiano,3.3005,3.3019
2024-01-03,13:14:41,2024-01,AUD,Dólar Australiano,3.3022,3.3036
2024-01-03,13:14:41,2024-01,AUD,Dólar Australiano,3.2992,3.3006
2024-01-03,13:14:41,2024-01,GBP,Libra,6.2076,6.2103
2024-01-03,11:09:27,2024-01,AUD,Dólar Australiano,3.3079,3.3088
2024-01-03,10:13:43,2024-01,AUD,Dólar Australiano,3.3164,3.3178
2024-01-03,13:14:41,2024-01,GBP,Libra,6.2132,6.216
2024-01-03,13:14:41,2024-01,USD,Dólar,4.9161,4.9167
2024-01-03,12:04:27,2024-01,GBP,Libra,6.2049,6.2076
2024-01-03,13:14:41,2024-01,USD,Dólar,4.9206,4.9212
2024-01-03,10:13:43,2024-01,GBP,Libra,6.224,6.2268
2024-01-03,10:13:43,2024-01,USD,Dólar,4.9307,4.9313
2024-01-03,11:09:27,2024-01,USD,Dólar,4.9262,4.9268
2024-01-03,12:04:27,2024-01,USD,Dólar,4.9093,4.9099
2024-01-03,10:13:43,2024-01,EUR,Euro,5.3819,5.3845
2024-01-03,11:09:27,2024-01,EUR,Euro,5.3804,5.3815
2024-01-03,12:04:27,2024-01,EUR,Euro,5.3614,5.3641
2024-01-03,13:14:41,2024-01,EUR,Euro,5.36,5.3626
2024-01-03,13:14:41,2024-01,EUR,Euro,5.3649,5.3676
2024-01-03,11:09:27,2024-01,GBP,Libra,6.2208,6.2235
2024-01-02,10:08:28,2024-01,USD,Dólar,4.8874,4.888
2024-01-02,13:05:50,2024-01,GBP,Libra,6.1749,6.1761
2024-01-02,13:05:50,2024-01,EUR,Euro,5.3517,5.3543
2024-01-02,12:04:27,2024-01,USD,Dólar,4.8797,4.8803
2024-01-02,13:05:50,2024-01,USD,Dólar,4.9034,4.904
2024-01-02,13:05:50,2024-01,USD,Dólar,4.891,4.8916
2024-01-02,10:08:28,2024-01,EUR,Euro,5.3527,5.3553
2024-01-02,11:11:29,2024-01,EUR,Euro,5.3589,5.3615
2024-01-02,12:04:27,2024-01,EUR,Euro,5.3491,5.3517
2024-01-02,13:05:50,2024-01,EUR,Euro,5.3653,5.3679
2024-01-02,11:11:29,2024-01,USD,Dólar,4.8935,4.8941
2024-01-02,13:05:50,2024-01,GBP,Libra,6.1905,6.1918
2024-01-02,11:11:29,2024-01,AUD,Dólar Australiano,3.3173,3.3182
2024-01-02,12:04:27,2024-01,AUD,Dólar Australiano,3.3104,3.3132
2024-01-02,13:05:50,2024-01,AUD,Dólar Australiano,3.3181,3.3195
2024-01-02,13:05:50,2024-01,AUD,Dólar Australiano,3.3097,3.3111
2024-01-02,10:08:28,2024-01,GBP,Libra,6.1787,6.1814
2024-01-02,11:11:29,2024-01,GBP,Libra,6.1776,6.1803
2024-01-02,12:04:27,2024-01,GBP,Libra,6.1611,6.1638
2024-01-02,10:08:28,2024-01,AUD,Dólar Australiano,3.3156,3.317
